bedrooms,square_footage,bathrooms,location,age_of_house,garage_size,lot_size,distance_to_school,house_price
3,1561.2,2.5,Downtown,31.5,2,5694.5,9.8,443820.92
5,2678.5,4.0,Rural,46.5,3,11911.0,1.08,396736.42
4,2700.8,3.5,Suburban,44.7,2,2569.3,1.9,513879.99
3,1614.5,2.0,Downtown,35.6,1,7632.9,3.97,410088.9
2,1787.7,1.5,Suburban,10.0,0,8682.8,4.83,337364.58
2,1505.5,1.0,Suburban,46.9,2,11851.7,9.53,253251.05
2,1590.9,1.0,Downtown,11.4,2,6183.4,2.8,431129.18
4,2620.8,2.5,Suburban,18.6,0,12969.5,7.35,530488.88
3,2437.5,2.0,Downtown,41.3,1,10767.4,6.74,602926.28
4,3145.0,3.5,Suburban,10.4,3,11795.1,5.42,665236.87
1,672.2,1.0,Suburban,31.9,3,14567.1,3.03,165786.01
5,3454.2,3.0,Suburban,22.9,1,12826.6,1.99,682206.42
4,2580.5,3.0,Suburban,31.2,1,5855.0,2.18,490597.39
2,1605.0,1.5,Suburban,47.9,2,10041.4,3.79,272401.54
2,1331.9,1.5,Downtown,40.4,1,13160.6,1.8,353657.0
2,1637.2,1.5,Suburban,14.8,2,8351.7,9.99,311525.19
3,2314.6,2.5,Downtown,2.9,1,10559.2,4.74,661509.61
3,1990.8,2.5,Suburban,48.4,2,3411.7,5.62,361289.72
3,1905.9,2.5,Suburban,29.3,1,12422.8,6.36,357280.39
3,2367.7,2.0,Suburban,8.7,2,11604.4,2.36,476698.43
3,2213.3,3.5,Suburban,31.4,1,13444.5,5.08,461979.85
2,1738.5,2.0,Suburban,2.1,2,10942.1,1.1,384220.28
3,1869.9,2.5,Downtown,9.4,2,13276.6,9.71,549966.1
3,2390.3,2.0,Suburban,31.6,2,3271.0,4.99,430542.55
3,1820.6,2.5,Rural,20.1,1,12391.1,0.78,310217.63
4,2912.4,3.0,Downtown,16.3,2,14341.5,6.19,819164.79
2,1309.7,1.5,Downtown,32.8,0,12417.1,1.45,379492.66
3,2006.3,1.5,Suburban,43.3,2,9613.2,8.0,351489.35
3,2508.5,2.0,Suburban,33.9,0,13971.0,9.56,446755.73
1,679.7,1.0,Suburban,23.2,2,2322.8,9.21,105834.79
3,2109.4,2.5,Urban,32.9,2,1236.1,4.56,473569.1
2,1755.1,2.0,Suburban,34.8,1,14514.5,7.27,337745.81
2,1601.2,2.0,Downtown,38.8,1,10562.1,1.98,444180.41
5,3982.7,3.5,Rural,15.4,3,2598.3,1.22,562147.68
5,3278.0,3.5,Downtown,5.7,1,5760.2,8.3,896507.01
4,2909.1,3.0,Downtown,34.1,2,11483.2,7.1,767928.38
3,1657.6,2.5,Downtown,6.1,1,11505.4,9.12,524462.42
2,2068.0,1.5,Downtown,23.1,3,3379.9,9.19,505516.66
3,2705.8,2.5,Urban,11.5,2,7582.1,3.8,651601.15
3,2069.4,2.0,Suburban,16.6,3,12302.4,3.53,442437.2
2,1229.3,1.0,Urban,23.5,2,14535.2,4.7,326277.41
3,2055.5,2.0,Urban,44.8,2,9715.9,6.82,488651.05
1,681.9,1.0,Downtown,34.0,1,9933.9,0.55,211710.52
5,3724.4,3.5,Suburban,8.6,1,7570.9,5.58,719237.74
3,2457.4,3.0,Suburban,44.0,1,8546.8,0.69,442315.86
3,1645.5,2.5,Rural,25.0,1,2385.1,4.78,223878.44
3,2473.8,1.5,Downtown,10.2,2,5894.2,1.28,676149.3
3,2277.0,3.0,Suburban,26.4,2,8102.1,5.84,444112.33
3,2288.2,1.0,Rural,9.5,0,4849.7,3.49,302818.1
2,1544.5,2.5,Downtown,18.4,1,6037.6,5.05,414805.45
5,2763.4,3.5,Downtown,40.3,2,14596.8,9.6,786413.94
4,3158.9,3.0,Suburban,32.9,2,1072.8,3.74,568618.68
5,3116.9,3.5,Suburban,23.9,1,5237.0,7.33,600749.36
4,2221.3,3.0,Suburban,11.3,1,9175.4,6.99,480510.21
3,2451.6,2.0,Urban,14.1,1,4905.5,8.75,538096.95
5,4411.5,3.5,Suburban,48.9,1,10470.5,3.68,773188.48
2,1701.2,2.0,Suburban,17.1,2,5189.9,1.03,318610.65
2,1620.3,1.5,Suburban,30.8,2,9934.9,9.72,311570.15
1,1028.7,1.0,Urban,25.0,2,12898.1,3.94,267245.28
3,1755.0,2.5,Urban,1.2,3,10221.0,2.34,526275.63
3,2095.1,2.5,Downtown,47.2,3,1698.4,9.18,508427.34
3,2495.6,2.0,Suburban,4.4,2,12133.0,2.31,490381.8
4,2205.3,3.5,Urban,32.9,1,3979.2,5.52,491500.48
3,2424.9,2.0,Suburban,40.6,1,9887.1,7.68,418295.65
3,1986.9,2.0,Suburban,37.4,2,10054.3,7.44,402767.03
3,1812.0,2.0,Suburban,40.5,3,12252.3,0.78,398901.66
2,1518.1,1.0,Downtown,37.0,2,8081.5,2.42,382825.47
4,2519.9,3.0,Suburban,22.3,3,6263.5,8.94,495641.24
2,1238.4,2.0,Urban,44.8,1,8252.4,5.76,251724.82
6,4420.5,4.5,Suburban,45.6,0,8640.6,7.03,779461.5
4,3356.3,2.5,Suburban,21.8,2,12501.5,4.32,662994.24
2,1484.1,2.0,Downtown,24.2,2,3871.0,7.58,402582.09
1,898.5,1.0,Downtown,24.3,1,12855.6,3.25,266669.8
4,2719.3,2.5,Downtown,13.9,0,6119.9,2.7,749308.4
4,2709.7,4.0,Downtown,5.7,0,11414.1,9.97,781876.88
4,2847.9,2.5,Suburban,13.1,0,5700.0,2.0,539687.04
4,2607.6,3.5,Suburban,42.2,1,10924.4,9.82,496930.82
2,1466.5,1.0,Suburban,27.2,1,12188.5,9.3,256292.3
3,2304.3,2.5,Rural,42.5,2,8812.9,7.29,332306.57
2,1317.5,1.0,Suburban,37.3,2,9673.6,6.03,259402.52
4,2456.6,2.5,Urban,17.4,2,10908.6,0.54,621764.82
3,2142.5,2.5,Downtown,9.3,2,10638.0,6.54,610686.0
3,2120.2,2.5,Downtown,28.4,2,11183.8,7.84,605377.7
2,1790.4,2.0,Suburban,46.8,1,12895.5,7.46,297284.4
3,2335.6,2.0,Downtown,42.0,1,4087.2,2.13,554931.63
3,2017.7,3.0,Downtown,38.2,1,4006.2,5.67,524960.81
4,2954.0,3.0,Downtown,38.2,0,14589.6,5.73,775171.24
3,2001.0,2.5,Downtown,26.4,1,12918.5,6.7,551335.03
4,2722.5,2.5,Suburban,8.5,1,9283.9,8.39,551724.43
3,2302.9,2.0,Urban,14.3,1,1114.5,7.13,507126.81
2,1883.2,1.5,Suburban,28.9,2,12966.6,1.84,391476.66
4,2843.9,3.0,Downtown,15.8,3,11522.4,0.68,842484.73
4,3291.1,3.0,Urban,39.1,3,14389.3,1.8,778476.13
3,2419.7,2.0,Downtown,18.7,2,1184.3,0.88,652139.33
4,2220.7,3.0,Urban,5.7,2,1399.4,4.65,565549.28
3,2910.7,2.5,Rural,39.1,3,8244.3,3.2,403881.26
3,2080.6,2.0,Downtown,34.9,2,12984.7,0.57,633038.07
3,1967.3,2.5,Downtown,12.7,2,14878.4,1.26,624051.7
1,892.9,1.0,Rural,49.1,2,5480.4,4.28,111353.26
2,2070.3,1.5,Suburban,20.2,1,1509.1,9.43,361024.36
1,945.0,1.5,Suburban,34.0,0,3737.1,9.95,140288.73
3,1831.7,2.5,Suburban,45.5,1,13278.1,0.98,366994.45
3,2152.0,2.5,Downtown,7.8,1,7530.3,8.39,599806.78
3,2225.9,2.0,Rural,44.0,2,12946.3,5.06,317468.84
5,4051.4,4.5,Downtown,35.2,2,7214.7,6.4,1031461.45
2,1573.0,2.0,Suburban,8.4,3,1747.5,5.31,332532.08
3,1872.4,2.0,Suburban,33.2,1,9646.1,9.28,338386.13
4,3151.8,3.0,Suburban,43.7,3,7099.5,5.05,566586.44
2,1372.9,2.0,Suburban,40.0,2,7878.9,2.1,289204.51
2,1911.4,2.0,Rural,38.0,0,14285.6,7.91,266675.2
3,2148.8,1.5,Rural,8.1,2,7399.0,5.38,327084.03
2,1829.8,1.0,Suburban,9.5,1,12151.4,1.61,366859.2
5,3491.3,3.5,Suburban,27.4,0,1824.8,4.89,629733.54
4,2597.4,2.0,Downtown,29.0,2,7706.5,7.03,674553.56
3,1958.5,2.5,Suburban,47.2,2,9213.7,3.31,363609.94
4,3176.2,3.5,Downtown,23.4,1,2585.2,9.16,811961.12
4,2306.1,2.5,Urban,15.1,3,5231.3,8.57,557710.21
2,1075.7,1.5,Downtown,9.5,2,11354.3,5.9,385582.68
4,3546.2,3.0,Urban,2.7,1,3574.7,1.02,770664.26
3,2200.5,3.0,Suburban,3.4,2,2798.3,6.04,460734.24
4,1740.8,3.0,Rural,28.7,2,5189.9,4.45,269444.28
4,2791.3,3.5,Suburban,8.8,2,13025.5,7.38,579480.24
3,1480.0,2.0,Urban,42.6,2,11681.2,3.04,380090.12
2,1339.1,2.0,Suburban,29.8,0,11875.2,6.25,250309.58
2,1008.3,1.5,Rural,43.2,2,5514.4,5.77,130530.46
3,2100.9,2.0,Urban,21.4,2,2385.1,5.51,474250.06
4,2287.1,2.5,Urban,29.8,2,1447.3,1.6,512221.18
4,2669.6,3.0,Suburban,26.3,0,9206.8,5.15,497619.01
1,702.7,1.0,Suburban,49.3,2,10832.0,5.73,118101.37
3,1980.9,2.0,Suburban,39.8,3,6290.5,9.31,368369.08
3,2102.4,3.0,Downtown,29.8,2,8404.1,4.88,572133.62
2,1539.2,1.5,Urban,30.3,2,4906.1,6.58,342958.84
2,1927.9,2.0,Downtown,12.4,1,6100.2,5.91,540680.01
3,2125.0,2.0,Suburban,36.7,1,11217.4,2.35,406330.13
5,3281.1,3.5,Suburban,49.1,1,11055.1,2.25,627717.41
3,2642.5,2.0,Downtown,6.5,2,1393.3,7.52,676797.59
3,1449.3,2.5,Downtown,31.9,3,14219.2,5.47,462850.02
4,2225.5,3.5,Suburban,25.9,2,4766.2,9.01,446155.21
3,2214.2,2.0,Downtown,42.5,1,13706.2,9.13,571986.39
5,4361.3,3.5,Suburban,0.0,2,8166.6,3.32,869939.65
5,3306.9,4.0,Downtown,6.8,3,7988.5,1.46,976256.94
3,1702.3,2.5,Rural,1.9,1,7308.6,3.77,297957.38
3,1469.3,1.5,Rural,8.1,2,13914.0,1.14,271776.15
3,2577.6,1.5,Suburban,35.4,3,3913.5,7.92,438271.39
3,2352.4,2.5,Suburban,7.0,2,9563.0,1.89,472994.49
1,699.6,1.0,Downtown,31.1,1,5448.9,8.73,160111.91
3,1806.4,2.5,Rural,43.4,0,13813.3,4.45,276184.12
3,1749.5,2.0,Suburban,1.7,2,3370.8,3.15,365372.48
2,1216.5,1.5,Suburban,1.3,3,10466.7,5.26,287157.45
3,2069.5,2.0,Rural,49.5,2,6904.6,6.25,295137.4
5,2786.6,4.5,Rural,33.7,2,10257.1,7.16,425115.76
2,1254.1,2.0,Urban,7.0,2,3206.5,3.71,306106.7
2,1619.2,2.0,Urban,15.3,1,6511.2,9.84,363857.85
3,2016.9,2.5,Rural,49.3,2,2501.7,4.51,266104.45
6,3645.9,4.5,Rural,11.4,1,14562.9,8.43,552712.6
2,1768.1,1.5,Suburban,37.6,1,3995.9,0.83,302413.75
3,2065.4,3.0,Rural,12.1,1,14905.2,7.89,308742.01
4,2395.5,3.0,Urban,19.9,0,6859.0,5.74,561332.36
2,1717.6,1.0,Suburban,44.0,2,2001.7,6.58,251210.57
4,2323.8,2.0,Suburban,1.4,1,1246.1,4.04,441627.54
3,2152.5,3.0,Urban,15.4,0,9385.4,5.68,504112.47
3,2050.2,2.5,Suburban,24.4,2,9606.2,9.36,425605.27
3,1556.6,2.5,Urban,31.3,2,8347.1,4.17,388697.16
3,2525.7,3.0,Downtown,1.4,2,1929.6,1.5,692596.22
2,1471.4,1.0,Rural,20.5,2,5641.1,7.34,233579.15
4,2853.7,3.0,Suburban,17.2,0,6027.0,5.3,561445.63
3,2568.3,2.0,Downtown,1.3,0,10867.4,4.54,713380.96
2,1770.5,2.0,Rural,17.8,0,6864.0,7.89,249058.05
1,923.2,1.0,Downtown,46.6,3,9021.5,5.84,223160.78
3,1964.9,2.0,Urban,13.7,2,5008.6,6.5,476960.94
3,2565.8,2.0,Suburban,29.3,1,11163.7,9.3,471445.79
1,911.4,1.0,Rural,14.9,1,1654.7,1.06,115969.25
3,1970.0,2.0,Downtown,5.3,2,14839.1,2.99,622064.32
2,1220.4,1.5,Downtown,14.5,1,9980.9,9.03,343207.14
3,1379.4,2.5,Rural,23.5,2,3084.1,8.03,186279.41
2,1495.4,1.0,Downtown,14.8,1,11044.9,2.29,446728.41
3,1954.6,1.5,Rural,31.2,1,12011.8,2.11,258764.43
3,2560.5,1.5,Urban,47.5,3,12040.3,8.34,584652.32
5,3277.3,3.5,Downtown,3.5,1,4790.3,5.75,895045.08
2,1781.7,1.5,Suburban,35.9,2,14420.9,8.67,346929.76
3,1910.7,2.0,Downtown,0.1,1,1248.3,9.22,512051.44
2,1456.0,1.5,Suburban,0.1,2,6317.8,1.16,304144.36
5,2969.4,3.0,Suburban,6.6,0,2459.1,9.71,548677.72
4,3049.4,2.5,Suburban,24.0,1,6388.0,7.31,552624.62
3,1726.7,3.0,Rural,2.4,0,1801.1,8.43,246614.96
3,2139.9,2.5,Downtown,36.1,2,10029.7,6.49,594113.33
4,2007.7,3.5,Suburban,1.5,3,1874.5,3.4,431286.88
3,2003.5,2.0,Suburban,24.8,0,9621.9,6.19,378792.25
3,2234.2,2.0,Downtown,33.8,0,4277.2,5.4,508216.18
2,1433.6,1.5,Urban,11.9,2,3508.1,9.35,327101.04
2,1429.0,2.0,Suburban,29.0,2,5858.0,5.77,278277.0
4,2937.1,3.0,Rural,13.1,2,9973.5,0.76,478257.62
5,3175.2,4.0,Suburban,10.7,2,9094.8,7.02,640929.08
3,1852.8,2.0,Suburban,40.9,2,10526.6,0.98,367194.51
3,2062.7,2.5,Urban,16.6,0,13865.7,9.47,491452.23
3,3104.9,2.5,Urban,40.7,0,3846.2,5.12,644425.81
4,3247.3,3.0,Urban,10.8,2,6787.0,9.7,729633.73
4,2995.4,2.5,Suburban,17.8,2,4721.5,0.75,576330.71
4,2784.2,3.0,Suburban,5.1,3,9208.9,5.56,575913.46
4,2822.5,2.5,Suburban,24.8,2,4967.6,2.65,531671.65
3,1245.2,2.0,Suburban,19.1,2,8812.2,6.59,281059.41
2,1255.4,1.5,Suburban,0.3,2,12524.3,5.23,318716.39
2,1605.6,1.0,Urban,23.2,1,8713.2,5.88,373573.72
4,1858.0,3.0,Downtown,3.7,1,12733.8,3.92,590525.94
3,1896.0,2.0,Suburban,41.8,3,9558.9,0.99,393138.73
1,890.2,1.0,Downtown,24.7,1,13184.2,1.51,295082.96
2,1382.3,2.0,Downtown,34.5,1,14025.8,8.66,393345.64
3,2212.1,2.0,Suburban,41.1,2,8109.4,7.18,417871.36
1,969.3,1.0,Urban,2.6,2,12069.0,7.81,252367.02
2,1419.7,1.5,Rural,16.9,0,7563.4,1.67,215300.18
3,1829.1,2.0,Suburban,1.3,2,10872.7,0.97,433809.82
3,1489.5,3.0,Suburban,2.5,1,1525.1,0.66,322888.28
3,1627.0,2.0,Urban,1.9,2,14536.8,5.46,444386.05
2,1455.7,2.0,Downtown,23.9,2,13520.7,5.26,462191.06
4,2467.1,3.0,Downtown,22.5,3,13506.0,1.55,746162.06
2,1541.4,1.0,Suburban,3.1,2,4937.5,3.79,298841.62
3,1500.8,2.0,Suburban,13.1,2,4964.3,5.54,286697.69
4,2902.1,2.5,Urban,12.2,2,6636.4,6.92,661177.63
3,2288.7,2.5,Rural,14.8,1,13322.7,8.19,335089.64
4,2252.6,2.5,Suburban,32.0,1,13020.9,6.59,422273.57
3,2545.5,3.0,Suburban,34.9,2,5052.4,0.79,472195.69
3,1722.0,2.0,Downtown,17.0,3,8584.9,6.07,532613.15
2,1456.3,2.0,Suburban,39.4,2,7652.4,1.34,290832.16
3,2216.0,2.5,Rural,20.9,1,10109.5,5.87,301826.0
3,2256.4,2.5,Suburban,26.1,3,3994.6,4.07,441047.99
2,1793.3,1.5,Downtown,7.3,2,2190.7,3.22,488225.6
5,3683.8,4.0,Suburban,11.6,2,1381.6,5.08,703415.01
3,1674.5,2.5,Suburban,36.4,2,6339.8,4.12,331420.31
4,2648.8,2.5,Suburban,48.9,2,14252.6,8.39,489092.53
3,2315.3,2.0,Suburban,35.2,0,10587.4,2.65,430593.24
4,2532.7,3.0,Urban,2.7,1,11487.8,1.8,660109.0
3,2231.9,2.0,Suburban,7.1,3,14232.3,8.45,479387.76
3,2607.7,3.0,Urban,22.3,1,6908.7,2.81,623833.29
3,2811.6,2.5,Rural,36.6,2,7641.2,0.81,387958.75
2,1366.5,1.0,Rural,8.3,1,6033.6,4.18,181103.22
4,2432.0,3.0,Downtown,37.5,3,3539.2,8.28,665421.76
3,1721.4,2.0,Suburban,27.8,2,11729.5,4.6,332530.69
1,971.6,1.0,Urban,38.7,2,13693.6,4.97,229804.49
3,1464.7,2.0,Downtown,27.9,1,12394.3,0.95,438067.28
2,1809.3,1.0,Urban,30.1,0,1668.1,7.25,328264.8
5,3196.5,4.0,Downtown,12.4,2,5188.0,3.77,899382.26
5,2852.9,4.0,Urban,36.0,0,9289.2,7.42,645161.41
5,2844.3,3.5,Downtown,42.2,2,5580.6,4.4,778372.02
3,1959.8,2.5,Urban,43.6,2,3101.7,5.51,419347.76
1,1396.9,1.0,Downtown,1.5,2,8537.1,6.1,415385.17
5,3309.1,3.5,Suburban,31.2,1,8300.9,2.37,618177.36
3,2374.7,2.5,Downtown,49.5,2,10938.5,3.29,607129.99
5,4342.3,4.0,Suburban,29.3,2,14998.1,6.06,818081.04
5,3623.5,3.0,Rural,8.6,0,10075.3,8.32,521442.09
4,2553.1,3.0,Downtown,43.9,2,5436.4,9.63,674039.29
3,2219.0,1.5,Suburban,13.2,1,14389.3,5.48,440387.58
3,2013.8,2.5,Urban,2.3,0,8998.2,1.2,473412.24
4,2375.8,3.5,Downtown,21.5,1,10040.3,9.58,678592.41
3,1666.9,2.0,Downtown,5.0,0,6005.9,4.5,481946.74
2,1518.9,1.5,Downtown,5.8,2,7325.7,1.47,439666.72
3,1717.1,1.5,Suburban,23.2,2,6860.8,9.74,332935.88
5,3398.6,4.0,Rural,30.6,0,14107.0,3.16,515066.88
3,1978.6,2.5,Urban,45.3,1,12334.3,6.74,420268.39
3,2369.7,2.5,Rural,35.3,2,2269.9,1.87,339532.57
2,1335.3,2.0,Suburban,42.1,2,5394.1,7.34,257337.62
3,2319.5,2.0,Rural,20.6,0,1779.6,9.77,287503.49
6,4341.3,4.5,Suburban,15.9,0,8234.6,9.86,824762.2
2,1370.5,2.0,Suburban,29.6,3,4911.9,1.7,311900.37
3,1766.1,1.5,Suburban,34.8,1,2027.6,7.8,283753.82
4,1815.6,3.0,Downtown,28.4,1,11808.1,6.81,562743.94
4,4019.6,3.0,Urban,13.2,0,2275.8,8.11,841262.74
3,2528.5,2.5,Downtown,18.5,2,4801.9,3.67,656000.43
4,3058.2,2.0,Urban,22.4,2,11802.9,4.32,677744.59
3,2121.0,3.0,Suburban,0.7,2,8162.0,3.75,472011.08
3,1900.9,2.0,Downtown,44.0,0,12439.6,7.78,462221.93
4,2554.4,3.5,Suburban,25.6,2,6802.7,8.19,517512.1
4,3286.4,3.0,Suburban,37.6,1,12408.1,2.87,586021.43
4,2675.9,3.0,Rural,8.6,2,8534.3,5.94,411534.51
5,3111.0,3.0,Urban,27.8,2,2231.4,1.7,700190.76
3,1915.6,2.0,Suburban,46.3,3,7600.9,0.63,397347.47
3,2378.8,2.5,Downtown,10.7,2,8749.6,6.3,669946.9
4,3656.8,3.0,Suburban,17.3,2,9569.4,8.48,694312.47
3,2636.9,1.5,Downtown,19.4,2,13990.4,9.11,695782.0
4,3141.6,3.0,Urban,19.2,1,3569.8,6.39,686416.58
4,2802.2,2.5,Downtown,30.0,2,9484.4,8.18,756080.5
4,1305.8,2.5,Suburban,19.7,1,11528.3,4.34,317283.83
3,2376.6,1.5,Urban,33.7,2,13459.4,8.82,517492.75
3,2024.2,2.5,Suburban,24.2,1,8354.3,7.86,406545.38
2,1446.3,2.0,Suburban,7.9,1,3995.3,3.43,317411.21
3,2075.4,3.0,Urban,47.4,2,12447.5,6.17,513491.74
1,674.1,1.0,Downtown,12.0,2,13670.7,0.99,288608.02
3,2390.5,2.5,Suburban,28.1,2,2489.2,1.89,438770.25
3,2329.7,2.5,Urban,3.0,2,4216.0,9.49,527200.26
3,2231.0,2.0,Suburban,45.9,1,13200.5,0.59,406214.36
3,2485.1,2.0,Downtown,46.4,2,7781.8,2.43,605587.63
1,919.1,1.0,Suburban,18.2,0,3367.4,1.82,158112.31
1,809.8,1.0,Rural,6.0,1,10034.1,7.14,161981.23
4,2679.0,3.0,Suburban,38.5,0,7416.0,1.5,472134.51
3,2196.9,3.0,Downtown,13.1,2,14551.4,0.69,688008.96
2,1580.0,2.0,Downtown,35.0,1,4118.0,9.34,367582.03
3,2345.0,1.5,Downtown,45.8,1,6070.3,8.79,519777.32
4,3084.5,2.5,Downtown,29.5,2,3326.1,3.91,779120.66
2,1882.1,2.0,Suburban,43.1,2,1696.3,1.45,342546.04
3,2663.7,2.0,Suburban,11.2,2,4834.6,6.94,496784.79
2,1295.7,1.5,Urban,45.5,2,12477.6,8.89,303285.79
2,880.1,1.0,Rural,11.3,3,4741.3,9.76,158078.15
3,2472.9,2.5,Suburban,11.3,2,10748.8,1.74,515207.98
3,1969.5,1.5,Rural,44.0,1,8364.3,6.2,252052.39
3,2016.4,1.5,Suburban,27.7,2,8275.9,4.59,385385.65
4,2469.0,3.5,Suburban,40.0,2,11941.6,1.99,492424.59
5,2870.5,4.5,Downtown,40.1,0,9648.8,8.18,779172.17
3,2294.1,2.0,Downtown,32.3,0,3238.0,7.93,536489.72
3,1678.4,2.0,Downtown,9.5,2,4090.7,9.66,485963.21
4,2229.5,3.5,Suburban,34.6,2,8613.0,1.31,461351.77
3,2424.0,2.5,Urban,3.2,2,12834.4,2.77,615916.8
3,1914.0,2.0,Downtown,10.0,1,3132.5,8.36,478812.97
2,1796.3,1.5,Downtown,32.1,3,2496.5,4.26,458006.02
1,940.0,1.0,Rural,45.4,2,8245.5,5.02,99202.36
5,2879.4,4.0,Urban,38.6,3,3641.1,6.31,665484.41
4,1997.0,3.0,Suburban,16.6,0,14919.3,4.38,429654.67
3,2364.5,2.0,Downtown,41.2,2,1061.0,0.84,589090.42
3,2391.7,2.0,Rural,48.3,2,7284.1,6.24,321011.08
2,1014.4,1.0,Downtown,16.6,0,3275.6,2.67,270631.32
2,1430.3,1.5,Suburban,9.3,1,10535.1,9.7,303545.29
3,1761.3,2.5,Urban,9.9,1,9821.9,7.06,438961.15
3,1700.2,2.0,Suburban,20.0,3,12298.9,8.49,356482.78
4,3220.7,3.0,Rural,2.6,2,8887.6,9.57,447020.56
3,2385.8,2.0,Downtown,24.4,1,3651.2,1.1,610043.87
3,2272.8,2.5,Urban,36.6,2,1746.4,1.91,482117.1
5,3822.9,4.0,Suburban,26.5,2,11110.1,8.18,743489.91
4,2344.5,3.0,Suburban,48.5,1,7158.9,8.91,440972.21
3,1857.6,2.5,Rural,23.1,3,4111.0,0.55,303675.25
3,2890.0,2.0,Suburban,0.7,2,4525.5,9.48,535376.33
3,2151.6,2.0,Urban,23.5,1,3086.4,4.82,466284.96
2,1755.6,1.0,Downtown,46.5,2,4970.1,4.89,400216.2
3,2024.8,2.5,Urban,4.8,2,12088.3,8.85,554254.44
4,2097.3,2.5,Urban,11.1,1,9689.2,3.25,525659.81
1,521.4,1.0,Rural,35.8,2,14823.6,6.04,100234.74
2,1545.8,1.0,Rural,14.7,2,8339.9,3.67,228380.18
1,966.5,1.0,Downtown,38.3,2,8300.9,1.58,244657.82
1,1231.5,1.0,Suburban,21.0,1,3679.4,3.91,204970.19
4,2837.4,3.5,Rural,39.8,0,9210.4,2.14,401306.74
4,2569.7,3.5,Suburban,27.6,1,9517.1,5.45,492884.08
3,2530.5,2.0,Suburban,4.1,0,3891.4,5.53,485747.66
2,1250.1,2.0,Downtown,19.3,3,2231.5,4.65,371935.65
3,2193.1,2.0,Suburban,16.7,2,6162.8,2.15,447583.99
3,1992.3,3.0,Urban,40.5,0,3409.4,1.63,429309.65
2,1454.4,2.5,Urban,31.2,2,8044.9,1.49,361760.63
3,2390.9,2.5,Suburban,38.9,1,8365.5,1.57,441290.31
3,1783.3,2.5,Downtown,18.6,0,9514.2,3.3,500396.37
3,1768.2,2.5,Suburban,34.6,1,9439.6,0.52,379520.69
3,1970.8,2.5,Rural,3.3,1,10448.3,1.09,344664.82
1,744.8,1.0,Suburban,1.8,0,4226.4,4.97,155966.41
3,2907.3,2.0,Rural,14.4,1,11231.8,2.24,441512.02
3,2227.4,2.0,Suburban,38.7,2,8347.5,3.0,452650.08
3,2173.9,2.0,Rural,26.7,1,7122.3,3.86,332024.19
4,2150.7,3.5,Urban,20.4,2,10070.5,0.88,566459.76
3,1426.2,2.5,Rural,44.8,2,8017.6,2.59,184106.17
2,1324.0,1.5,Urban,24.9,0,8359.4,7.88,299293.59
2,1467.4,2.0,Suburban,30.7,2,1325.5,3.74,272997.26
3,2862.4,1.5,Rural,49.3,1,12228.5,2.27,377210.4
1,987.8,1.0,Urban,26.1,2,6938.5,2.38,228807.09
3,2219.0,2.5,Downtown,39.2,1,8253.1,9.85,575096.08
5,3280.0,3.0,Downtown,20.7,2,6458.7,1.91,870881.34
3,2319.3,2.5,Suburban,1.8,2,8721.4,9.1,493427.74
3,1979.4,1.5,Urban,41.7,1,1756.6,1.27,426328.68
3,2591.3,1.5,Suburban,47.2,1,6374.7,8.81,423727.27
3,2346.8,3.0,Suburban,21.7,2,10361.5,5.32,480118.43
3,2059.1,2.0,Downtown,25.2,1,14138.2,6.28,558725.28
5,2125.8,3.5,Suburban,21.2,1,12888.5,2.84,496586.71
3,1944.5,2.5,Downtown,49.8,2,14479.5,9.04,548139.77
5,3459.2,3.5,Suburban,45.2,1,11941.2,6.08,659012.65
5,2889.4,3.5,Rural,2.1,1,9856.6,6.92,431794.78
2,997.6,1.5,Rural,39.0,2,6925.8,5.79,119951.93
2,1657.7,1.5,Suburban,30.0,2,2724.0,1.69,294957.77
2,1173.9,1.5,Suburban,1.3,2,4511.2,8.44,249574.69
1,1341.8,1.0,Suburban,22.2,2,4796.5,2.24,260096.04
2,1118.8,1.5,Downtown,7.5,3,6990.4,3.27,367689.99
3,1848.3,2.5,Rural,43.7,1,9537.8,6.86,275512.82
2,1254.8,1.5,Suburban,0.6,2,9661.3,1.39,316849.75
3,2183.8,3.0,Suburban,43.7,2,7377.6,9.37,409295.78
4,3601.5,3.0,Suburban,47.0,2,4845.0,1.68,652002.4
1,966.0,1.0,Downtown,3.6,2,1790.9,6.84,253346.86
4,2165.4,3.0,Downtown,36.0,2,14843.7,6.53,623347.39
3,2494.3,2.5,Downtown,27.4,2,14153.8,7.13,682316.52
2,1088.4,1.0,Suburban,47.7,1,3561.0,4.62,153662.68
3,2508.5,2.5,Downtown,39.9,1,9475.5,4.13,661457.24
3,2251.9,1.0,Rural,34.7,2,5139.2,9.79,296045.07
4,1675.2,3.0,Urban,46.3,0,3722.0,8.26,329967.89
4,2561.7,3.5,Rural,8.0,1,10581.8,5.11,406171.1
4,3028.1,2.5,Urban,18.8,3,12006.7,2.23,707907.78
3,2354.1,2.5,Urban,42.1,3,6692.3,8.96,499355.34
2,1247.8,1.5,Downtown,5.1,0,1826.9,6.66,333036.26
4,2301.6,2.5,Suburban,46.8,2,6620.9,1.79,409772.83
4,2199.4,3.5,Downtown,37.3,3,8450.7,2.24,631097.53
6,3925.1,4.0,Downtown,22.0,2,13505.0,5.64,1084975.65
3,2763.9,2.5,Suburban,16.9,1,10195.2,5.28,502871.07
3,2444.6,2.5,Suburban,7.4,3,10947.0,4.39,492563.51
4,3617.3,2.5,Downtown,4.7,0,3836.8,4.56,911986.25
3,2354.3,2.5,Suburban,21.2,2,11083.8,2.14,454230.33
5,3614.8,3.5,Downtown,42.2,1,8025.5,2.93,930749.38
4,3449.1,3.0,Urban,26.6,2,12485.8,5.18,794156.05
3,2306.7,1.5,Rural,22.6,1,4029.2,1.11,323892.19
4,2606.7,3.0,Urban,16.0,2,8208.1,3.85,650061.15
4,3248.4,3.0,Urban,7.8,2,3932.7,2.5,730042.18
2,1848.3,2.0,Suburban,49.5,1,5002.8,2.16,291839.61
5,2928.3,4.0,Downtown,1.3,2,12650.9,1.89,889605.99
3,1685.7,2.5,Urban,15.6,2,10629.1,1.83,469668.08
4,2732.0,3.0,Suburban,38.5,3,11198.8,2.02,554210.56
3,2270.8,2.5,Suburban,26.0,2,1959.5,4.05,414147.43
4,3069.7,3.0,Urban,15.7,2,11202.6,1.46,726264.02
3,1565.0,2.5,Rural,49.6,2,7879.7,9.02,222063.68
1,998.9,1.0,Suburban,31.0,1,7428.0,5.23,194840.81
5,3137.4,3.0,Rural,14.8,2,6776.8,5.3,481895.33
2,1469.2,1.5,Suburban,42.4,1,12925.1,2.51,261190.05
3,1723.8,2.5,Downtown,7.5,1,3484.5,8.74,493845.7
5,4651.8,3.0,Suburban,23.2,0,12397.6,8.37,813593.47
5,3627.9,3.5,Rural,42.0,2,13996.5,0.83,525616.36
3,1888.8,2.0,Suburban,49.2,1,3355.3,7.46,302716.82
3,2448.1,2.5,Urban,19.2,1,14994.3,2.25,606185.83
3,2217.9,3.0,Suburban,6.9,0,14867.5,5.78,455475.77
3,2197.6,2.0,Suburban,28.3,1,9698.5,8.77,407031.59
3,2699.9,2.5,Suburban,47.2,2,4759.5,9.37,442235.03
3,1733.7,2.5,Downtown,33.3,2,7014.8,2.25,495679.2
4,2325.5,3.5,Suburban,30.1,2,3385.4,9.43,425547.64
4,1922.2,2.5,Suburban,15.5,0,2682.8,1.16,374253.08
4,2301.7,3.0,Urban,30.3,2,10856.4,9.14,555618.44
2,1847.8,1.5,Urban,44.2,2,9117.8,7.84,381698.78
3,2434.4,2.5,Downtown,18.8,1,8890.0,9.18,654453.76
2,1496.9,2.5,Suburban,12.1,3,4468.7,3.98,290536.91
3,2688.6,2.5,Suburban,24.0,3,4288.7,9.44,495055.12
3,1990.9,2.0,Suburban,18.8,3,14856.3,8.28,414303.82
4,2693.7,2.5,Suburban,23.5,1,9802.8,3.62,531359.27
3,2291.7,3.0,Suburban,4.8,2,12472.4,3.72,500512.33
2,1511.1,1.0,Rural,16.8,1,6299.2,3.89,227445.55
2,1452.8,2.0,Rural,41.3,2,12811.5,6.09,215206.08
4,3281.8,2.5,Downtown,20.0,3,11113.3,2.23,923665.1
3,2016.6,1.5,Urban,48.4,1,5901.7,4.62,409826.95
2,1499.3,1.5,Downtown,35.4,0,11047.7,1.14,375671.37
2,1666.3,1.0,Downtown,18.3,0,13958.7,3.9,441941.74
4,2781.5,3.0,Rural,12.6,2,3992.2,6.83,393887.36
2,1185.4,1.5,Urban,34.3,2,8666.9,6.1,281366.65
4,2433.4,3.0,Suburban,15.1,2,14533.1,3.51,543895.22
4,3085.3,3.0,Urban,46.3,2,12499.6,2.94,713860.68
2,1412.7,2.0,Urban,5.8,2,9684.1,3.61,396015.57
2,1531.2,1.0,Rural,1.4,3,1976.7,1.16,223270.49
6,3862.2,3.5,Downtown,11.1,1,6688.5,2.95,1062905.62
3,3041.2,2.5,Urban,30.3,1,10110.7,7.23,659597.53
3,1896.8,2.5,Rural,41.7,3,6735.3,2.2,294181.16
4,1637.4,3.0,Suburban,8.5,2,14959.2,1.81,398736.22
5,3537.6,3.0,Suburban,29.2,2,11547.5,8.54,678876.18
6,3478.1,3.5,Downtown,7.2,3,3619.1,2.75,975133.41
4,3090.2,3.0,Downtown,28.2,2,7865.4,2.89,809026.66
3,2341.2,3.0,Suburban,0.9,2,6375.6,4.9,494748.4
2,1633.3,1.5,Rural,27.9,1,9313.8,4.98,222684.71
4,2060.9,3.0,Urban,26.1,3,7251.9,2.27,540119.64
3,1889.6,2.0,Suburban,2.1,0,4330.6,5.78,350513.4
3,2307.4,3.0,Urban,34.5,1,11141.2,7.11,562161.0
5,3841.5,4.0,Urban,28.6,3,2493.3,5.1,862594.56
2,1766.5,1.0,Suburban,31.2,2,8449.9,9.01,302659.94
3,2662.5,2.5,Downtown,26.5,2,5342.2,9.92,684712.66
1,1135.2,1.0,Suburban,36.1,2,14531.4,5.52,225667.77
3,1701.6,2.0,Downtown,26.3,1,5249.9,9.74,482733.41
2,1398.1,2.0,Downtown,46.1,2,5773.2,6.64,364468.87
2,1638.1,1.0,Downtown,47.2,2,10899.2,5.52,397610.49
2,1816.0,1.0,Urban,36.3,1,2798.7,8.77,336104.41
3,2126.6,2.5,Downtown,45.6,2,5544.8,9.68,524440.45
4,2292.7,3.0,Suburban,46.2,0,10742.8,9.99,404143.32
3,2418.8,2.0,Rural,13.1,2,1430.6,7.71,347481.22
5,3754.5,3.5,Urban,49.7,2,5354.0,5.11,802307.56
3,2110.6,2.0,Urban,13.4,2,1115.6,3.31,475424.52
3,2296.5,2.5,Suburban,0.9,2,3103.2,5.8,457028.65
4,2890.2,3.0,Suburban,48.1,1,9458.8,7.89,506623.83
2,1746.6,1.0,Suburban,11.2,2,7394.0,0.75,350159.81
5,3484.3,3.0,Suburban,29.2,0,3184.4,3.04,616601.6
1,673.2,1.0,Suburban,48.5,2,2092.4,3.87,87661.05
5,2742.3,4.0,Suburban,2.5,1,1788.5,7.91,549036.59
1,1038.7,1.0,Rural,13.5,2,2195.0,6.33,129823.93
4,1460.5,2.5,Suburban,30.4,0,2345.1,4.54,257395.32
3,2180.2,2.0,Downtown,38.1,3,2208.4,9.23,534504.37
6,3474.7,4.5,Suburban,40.4,2,1771.1,5.61,621846.53
2,967.4,2.0,Suburban,44.2,1,10758.4,7.38,157705.93
3,1746.7,2.0,Downtown,8.4,2,14177.7,6.73,550201.27
5,3747.9,4.0,Urban,18.5,2,12983.7,8.66,886485.21
3,2368.0,2.0,Suburban,35.7,3,4721.9,8.22,428418.88
3,2139.2,2.0,Suburban,35.8,2,3859.9,9.9,381319.98
3,2154.9,2.5,Urban,15.4,1,1670.8,4.1,453889.18
3,2214.7,2.5,Urban,15.2,3,3184.5,2.07,523100.99
3,2342.2,3.0,Rural,16.0,1,8948.8,7.72,338514.22
3,2157.9,2.5,Downtown,44.6,2,14973.7,8.81,592441.39
5,2391.0,3.5,Suburban,45.5,2,13026.5,1.02,512018.92
1,1075.4,1.0,Downtown,0.7,1,8208.9,3.66,315192.76
3,2191.6,2.5,Rural,16.3,3,6928.4,8.17,329532.66
5,2884.7,3.5,Suburban,19.6,1,3069.6,6.99,547285.18
4,2223.4,3.5,Rural,49.1,1,6860.3,7.68,297511.42
3,2242.6,2.0,Rural,47.2,1,9328.0,5.66,297889.41
3,2241.2,2.5,Suburban,31.4,2,9336.6,4.13,405545.96
3,2331.4,2.0,Downtown,2.3,1,8805.7,8.21,641128.25
2,1419.4,2.0,Suburban,9.6,0,12536.3,5.77,325445.73
3,1734.7,2.0,Downtown,21.7,0,8141.2,5.39,462279.02
3,2499.2,2.5,Urban,48.0,1,7619.9,7.48,550063.73
3,2490.7,2.0,Downtown,4.7,2,5280.8,2.31,691842.56
2,1609.9,1.5,Suburban,39.6,0,3523.4,6.07,273857.23
5,3532.6,3.5,Downtown,9.6,0,1019.7,3.39,922340.1
6,4010.2,4.5,Downtown,25.4,0,5509.4,0.7,1078418.61
3,1940.6,2.5,Suburban,38.3,2,9863.1,7.61,378346.35
3,2189.2,2.0,Suburban,34.6,1,8824.6,5.01,379033.93
3,2096.2,2.0,Downtown,38.8,2,8427.2,9.08,504445.28
4,2627.3,3.0,Suburban,40.7,0,11813.3,5.25,490915.75
3,2607.0,2.0,Urban,15.3,2,4259.9,0.6,582901.82
2,580.6,1.0,Rural,18.2,1,10499.5,4.38,104837.46
5,4524.4,4.0,Rural,40.8,2,9500.3,2.13,608811.75
4,2037.3,3.0,Suburban,1.9,2,5745.9,9.25,451946.61
5,2751.3,3.5,Urban,25.7,3,4059.6,4.74,648111.87
4,2698.8,2.5,Suburban,46.0,2,8877.7,5.35,481779.57
3,2219.9,3.0,Suburban,44.3,1,14232.1,3.97,438562.92
3,2491.8,3.0,Suburban,40.2,1,2068.9,5.46,448851.2
5,2935.9,3.5,Suburban,1.1,0,14341.8,1.29,643653.82
4,2599.4,3.5,Urban,44.4,2,7506.6,4.86,588483.08
1,780.1,1.0,Suburban,45.6,1,10940.6,6.8,129782.22
1,790.8,1.5,Suburban,33.2,2,12244.9,4.04,205248.36
3,2338.2,2.5,Suburban,14.9,2,3121.2,4.23,463986.99
4,2833.1,3.0,Rural,24.5,2,1629.4,8.46,400982.89
6,3997.1,3.5,Downtown,38.1,2,2798.9,5.6,1022169.72
2,1327.8,1.0,Suburban,40.7,0,5773.3,6.08,208423.61
3,2077.5,2.5,Rural,17.2,2,14391.8,3.32,368885.97
3,2361.7,2.5,Downtown,16.3,1,1598.9,5.09,620570.36
5,3207.6,3.5,Rural,36.8,2,13877.2,1.01,488571.33
4,2297.6,2.5,Rural,34.3,3,8858.1,4.59,357277.78
4,2964.0,3.0,Suburban,25.7,3,2432.8,8.13,546314.07
3,2104.8,1.5,Urban,21.0,0,3138.5,2.03,421722.65
3,2355.1,2.5,Rural,32.9,0,10650.6,7.76,307016.36
3,1730.4,2.5,Suburban,1.6,2,9518.3,4.06,388291.07
2,1123.5,1.5,Downtown,3.8,2,3344.4,0.76,345042.49
4,2459.8,3.0,Rural,28.7,1,13660.6,9.56,356380.01
4,2392.3,2.0,Downtown,10.5,2,2860.7,2.22,645146.14
6,3994.3,4.0,Suburban,38.7,0,8162.0,3.68,759661.37
6,3782.0,4.5,Rural,38.6,2,8396.1,5.07,577827.27
3,2196.2,2.0,Suburban,35.5,2,13187.0,9.52,438453.67
4,2525.9,3.5,Urban,45.2,2,1310.1,6.02,517829.93
5,3251.5,3.5,Suburban,7.0,0,2910.3,9.1,623588.19
4,2791.1,3.0,Urban,13.0,3,3389.5,5.86,668612.77
2,1458.2,1.5,Downtown,12.6,1,1880.3,2.45,382036.71
3,2128.7,2.5,Suburban,39.1,1,9840.8,5.86,391264.55
2,1767.7,1.5,Suburban,26.1,0,4214.4,1.45,302355.58
5,2523.3,3.5,Downtown,12.6,1,9073.4,1.61,772549.34
3,2593.6,2.0,Suburban,6.8,1,11956.6,1.6,525435.67
2,1383.7,1.0,Suburban,44.7,2,6719.4,0.62,266517.05
3,1775.6,2.0,Rural,34.6,2,11763.9,1.94,288147.09
3,2022.0,2.0,Suburban,26.4,2,11890.2,3.85,433226.19
3,2024.1,2.5,Suburban,48.3,2,4687.9,1.19,382103.33
2,1770.1,1.5,Suburban,42.5,3,1220.4,0.56,290810.61
3,2848.1,2.5,Rural,8.9,1,2445.9,1.57,371729.58
3,1983.0,2.5,Urban,25.4,1,12529.3,9.39,483108.63
4,2721.1,2.5,Urban,24.3,2,6674.3,5.49,631292.76
3,1480.4,2.5,Suburban,42.2,2,12747.3,4.63,309955.92
4,2994.4,3.0,Suburban,7.5,0,8665.2,5.13,582741.36
3,1719.1,2.5,Downtown,22.6,2,3763.5,5.77,470562.31
3,2129.4,2.0,Urban,31.8,2,10971.3,1.52,501328.18
4,2210.9,2.0,Suburban,47.3,3,8814.6,6.06,398603.06
3,2394.9,2.5,Urban,45.0,2,5925.3,8.43,505747.43
2,2016.3,1.5,Downtown,26.7,2,2228.0,5.83,476436.76
1,796.4,1.0,Suburban,30.3,2,2432.2,8.89,130221.38
4,2364.5,3.0,Suburban,42.6,0,3639.2,1.81,401084.19
3,2735.0,2.5,Downtown,37.2,2,10421.0,8.35,710538.33
4,2542.5,3.0,Downtown,44.0,2,11191.6,6.79,679826.27
2,1018.4,1.5,Suburban,44.8,0,9832.8,6.23,162844.36
2,1514.2,1.5,Suburban,41.6,2,5721.8,6.09,256795.93
1,754.6,1.0,Urban,0.5,1,7166.6,1.63,193207.98
3,2613.8,2.0,Suburban,15.5,2,10933.8,6.6,501352.34
3,1943.8,2.0,Suburban,20.2,1,10238.0,4.29,391155.62
3,2292.8,3.0,Suburban,33.9,0,11822.2,1.1,450340.47
3,2456.4,2.0,Suburban,15.3,1,4375.9,2.45,462613.6
5,2801.4,4.0,Downtown,16.2,1,1062.8,4.7,760496.73
3,1953.5,2.5,Suburban,20.0,2,4730.2,9.93,385565.79
3,1926.8,2.0,Downtown,47.8,0,5870.5,4.59,459461.59
4,3169.7,3.5,Suburban,21.9,1,14447.2,1.92,651294.07
3,1602.7,3.0,Urban,7.0,2,4048.3,9.07,437092.19
3,1797.0,2.0,Suburban,0.3,3,12569.7,0.83,405069.29
4,3010.3,3.0,Downtown,11.8,2,9715.2,1.7,846871.9
5,3209.9,4.5,Downtown,46.9,2,3345.5,5.0,832889.76
2,1633.3,2.0,Downtown,47.7,2,6649.1,1.38,450688.69
5,2607.4,4.0,Suburban,26.5,1,8142.2,5.93,541114.09
3,2745.3,3.0,Suburban,32.3,3,5818.1,2.0,529325.69
3,1811.9,3.0,Downtown,39.8,2,4166.1,6.68,498209.32
3,2046.4,2.0,Urban,2.8,1,4539.9,1.62,492134.0
6,4151.2,4.5,Suburban,18.7,1,9192.9,8.2,807255.8
3,2659.0,2.5,Urban,32.1,2,10633.5,7.47,591325.38
3,1904.0,2.5,Suburban,44.9,1,7565.6,9.29,318791.53
3,2826.2,1.5,Suburban,36.3,1,14184.3,1.15,534779.86
2,1761.8,1.0,Rural,17.5,2,11199.9,5.78,243924.66
2,1281.7,1.0,Downtown,45.5,1,13484.6,7.23,335912.79
2,1442.5,1.5,Downtown,33.2,2,7659.3,9.08,383966.93
2,1595.1,1.0,Urban,41.5,3,1208.4,5.08,280206.91
2,1288.7,1.5,Suburban,19.3,0,9289.0,9.54,256604.65
2,1530.9,2.0,Rural,0.1,0,12455.6,1.66,260935.76
3,1807.8,3.0,Downtown,8.3,3,8511.5,4.62,563306.56
2,1482.4,1.0,Downtown,46.4,1,8950.6,2.91,330457.04
3,1738.0,1.5,Suburban,1.7,0,14649.6,1.98,382993.08
4,2084.0,2.5,Suburban,29.8,2,6126.0,3.22,414021.48
3,2395.4,2.0,Suburban,20.5,1,12226.2,6.81,476986.05
3,2391.4,1.5,Rural,21.5,1,8071.0,5.09,329058.15
2,1770.3,1.5,Downtown,20.0,1,7492.0,2.22,453749.06
2,1316.7,2.0,Suburban,3.4,3,3038.1,0.8,276878.18
1,993.5,1.0,Suburban,6.1,2,11477.5,9.27,221569.97
2,1992.9,1.5,Suburban,3.1,2,12526.1,3.48,417586.25
3,1827.0,2.0,Downtown,2.7,2,7032.3,1.71,573915.47
2,1645.0,1.5,Downtown,4.3,0,11689.4,1.89,472645.96
2,1725.6,1.5,Downtown,34.8,3,9135.7,2.91,476595.84
2,1395.2,2.0,Rural,5.7,2,4605.8,2.69,223831.1
3,1799.4,2.5,Urban,13.1,1,13932.0,3.16,441938.74
2,1733.0,1.5,Urban,32.8,3,10754.8,2.64,426675.02
3,1833.5,1.5,Downtown,5.6,3,13296.7,4.59,570648.85
3,1878.8,3.0,Downtown,45.5,2,4940.5,7.77,495585.25
3,2216.7,2.0,Suburban,23.9,3,13829.1,0.76,472900.35
1,957.5,1.0,Urban,48.2,1,6105.3,2.31,164300.04
4,3056.6,2.0,Suburban,9.6,2,1133.4,7.26,549979.22
3,2231.7,2.0,Suburban,1.5,1,2050.4,1.91,429022.4
2,1577.8,1.5,Suburban,29.5,2,2250.7,7.54,273056.04
4,2503.5,3.0,Downtown,16.4,3,3900.0,5.39,711102.03
5,3556.4,4.5,Urban,28.6,2,3611.3,8.88,804641.95
2,1384.0,1.0,Downtown,23.7,2,1810.5,0.6,381594.76
3,2497.4,2.5,Suburban,22.9,0,13535.5,7.95,487544.41
4,2440.9,3.0,Urban,42.6,2,12596.3,5.94,596717.72
4,3203.3,2.5,Downtown,9.6,0,11679.5,4.95,869647.42
2,1383.0,2.0,Urban,25.0,0,7707.9,1.88,325760.24
2,1663.6,1.5,Rural,20.8,2,6952.1,2.72,254654.12
3,1790.1,2.5,Downtown,33.7,2,6955.1,7.97,503057.22
3,1733.5,3.0,Suburban,2.5,1,4664.7,1.92,381442.22
3,1668.2,2.5,Suburban,26.5,2,9515.6,5.51,367860.9
3,1613.5,2.0,Downtown,23.9,2,1827.1,2.47,420770.26
3,1766.9,2.5,Urban,48.7,2,10223.0,5.15,429852.34
4,2794.2,3.5,Suburban,37.8,0,8194.0,2.92,512665.53
1,746.6,1.0,Suburban,7.7,2,12431.3,3.84,176989.75
3,1771.5,2.0,Urban,25.5,2,14618.4,8.12,444838.81
4,2460.7,3.5,Suburban,39.2,2,13272.5,0.85,519454.34
4,2092.2,3.0,Urban,26.2,2,11078.9,9.28,528137.11
3,2436.8,2.0,Urban,17.8,2,7059.0,3.53,580608.18
3,2334.2,2.5,Downtown,18.8,3,4003.3,6.16,622782.27
2,1739.2,2.0,Rural,18.4,3,10308.2,2.61,303861.01
3,2372.9,2.0,Suburban,1.0,2,3822.4,3.91,488816.61
3,2116.0,2.5,Urban,36.5,1,1283.6,4.87,445115.76
2,1994.3,1.5,Urban,30.5,0,9025.3,7.04,397933.44
3,2276.2,2.0,Suburban,13.4,2,6517.8,8.79,470141.91
3,2052.4,2.0,Downtown,31.5,0,13264.3,8.73,562862.92
1,862.3,1.0,Suburban,15.4,0,10040.9,3.7,178893.18
3,1749.3,1.5,Downtown,12.2,3,10061.5,1.34,520561.22
2,1274.7,1.5,Suburban,37.1,2,12030.5,9.29,258323.13
3,1875.3,2.5,Suburban,40.5,1,5699.1,0.79,345089.39
2,1553.9,2.0,Suburban,31.3,3,14414.4,8.87,341908.41
4,3802.2,3.0,Suburban,39.2,2,4098.5,0.75,682265.58
3,2066.3,2.0,Downtown,18.3,2,13203.5,9.78,562252.49
3,2689.0,2.0,Suburban,3.6,1,13751.8,0.61,530285.76
4,2413.1,3.0,Suburban,30.2,2,1546.6,0.66,452841.23
3,2038.8,2.5,Urban,12.8,2,9845.5,5.33,537865.57
2,1349.9,1.5,Downtown,38.9,2,11491.9,6.83,357711.35
3,1876.0,1.0,Suburban,17.9,1,14353.6,3.85,346979.35
3,2213.4,3.5,Rural,33.5,2,4519.3,6.26,315185.43
4,2811.9,3.0,Suburban,27.6,2,8865.9,8.54,534883.43
3,2666.6,2.5,Urban,40.9,2,11823.6,8.06,614755.17
2,1581.3,1.0,Suburban,41.6,2,3077.0,8.9,269948.7
3,1916.9,1.5,Downtown,3.4,0,12941.7,2.01,544220.71
3,2716.0,2.0,Suburban,14.8,1,6650.9,2.63,511197.04
3,2449.8,2.5,Rural,43.5,2,9956.5,6.08,351687.6
3,2469.1,2.5,Rural,20.2,2,1588.5,7.37,333728.03
3,1890.5,2.5,Urban,25.7,1,4121.1,1.52,441620.44
6,4154.0,4.0,Suburban,9.2,1,7694.6,2.17,828810.42
3,2104.5,1.0,Suburban,27.6,0,5048.9,9.27,348456.57
2,1596.2,1.5,Suburban,13.2,1,14409.8,0.75,358372.46
2,1127.3,1.5,Suburban,41.5,0,12129.1,4.32,234804.43
2,1444.1,1.0,Rural,10.0,2,13108.3,2.5,233304.0
2,1743.8,2.0,Downtown,18.0,2,7528.5,7.86,486791.82
2,1429.9,1.0,Suburban,4.8,3,7631.0,8.7,290031.72
2,1609.1,1.5,Suburban,29.4,2,12272.6,2.85,343210.25
3,1655.5,1.5,Suburban,47.1,2,6425.5,6.1,284212.7
2,1275.6,1.5,Downtown,8.7,2,7731.9,8.51,381697.19
4,3118.1,3.5,Suburban,1.0,2,8400.3,6.19,627840.58
2,1456.5,1.5,Suburban,21.1,1,9500.2,6.21,292700.93
3,2506.9,3.0,Urban,37.4,1,10099.6,4.42,554941.15
3,2183.8,3.0,Suburban,48.8,1,10530.5,6.7,401180.48
6,4131.9,4.5,Suburban,2.6,0,7216.1,9.62,794384.94
2,1475.0,1.5,Urban,39.3,1,5132.1,3.35,289438.16
3,1589.6,2.5,Urban,18.4,0,13882.2,2.41,416621.7
5,2375.7,4.0,Downtown,7.7,0,12574.1,9.6,699627.16
4,2846.9,3.0,Downtown,9.6,2,1048.1,1.07,780204.19
4,2850.2,3.0,Urban,46.2,2,8180.9,8.48,635758.65
3,2015.5,1.5,Suburban,40.5,2,4844.4,9.14,322483.4
2,1081.9,1.0,Downtown,15.6,0,9998.2,2.58,296768.55
3,2259.3,3.0,Suburban,47.0,1,8037.0,4.54,400183.99
5,3367.2,4.0,Urban,5.3,0,1296.3,1.67,759238.9
3,2099.5,2.0,Urban,16.1,2,11188.8,3.99,525419.26
3,2978.4,3.0,Rural,32.6,2,4855.4,4.84,394463.14
3,1345.8,2.0,Suburban,50.0,0,4643.3,5.34,229613.99
4,2243.2,3.0,Downtown,23.3,0,1447.0,1.66,581535.93
2,1478.0,1.5,Urban,40.5,1,12596.7,4.33,332086.43
3,2867.7,2.5,Suburban,45.8,1,9103.8,6.44,516436.77
3,1322.4,2.0,Suburban,0.5,1,7787.8,5.25,287089.95
3,2659.6,2.0,Downtown,14.4,1,10461.4,8.49,688092.19
2,1598.6,1.0,Suburban,5.0,1,5835.2,9.54,299530.85
2,1485.8,1.0,Urban,38.8,3,8972.6,8.26,320401.83
3,2097.9,2.0,Suburban,28.4,2,4489.8,0.95,401560.69
3,1861.4,1.5,Downtown,4.8,2,1881.4,2.54,513774.12
3,2324.5,2.0,Suburban,21.0,2,8858.8,1.33,436553.99
2,1264.0,1.5,Suburban,25.7,0,4096.7,4.62,241906.33
3,2034.1,2.0,Rural,34.9,0,11500.6,7.38,278251.61
3,1978.0,2.5,Rural,39.0,1,7325.8,0.81,307505.84
2,1289.3,1.5,Downtown,4.4,2,4505.6,3.04,391461.51
3,2805.3,3.5,Rural,24.4,2,9516.8,1.39,439110.78
2,1631.9,1.5,Downtown,8.1,1,2632.7,4.4,440676.04
2,1349.6,1.5,Downtown,37.7,0,11659.9,9.29,352191.36
6,4548.3,4.5,Downtown,32.9,2,7330.5,4.42,1196169.71
3,2021.2,2.5,Downtown,36.2,1,12377.0,6.53,578531.19
4,3238.0,3.0,Urban,3.7,2,2933.3,4.18,737738.38
3,1540.1,2.5,Urban,25.5,2,6355.6,7.45,384522.94
3,1877.6,2.5,Urban,42.0,1,3520.4,7.56,405074.62
4,2425.9,3.0,Rural,35.7,2,1856.7,1.81,391173.02
3,2076.4,2.5,Suburban,43.1,1,14374.9,6.71,418285.17
3,2186.6,3.0,Downtown,10.3,1,11173.1,4.17,637254.21
3,2268.0,2.5,Suburban,14.3,3,5558.5,8.67,449925.82
3,2038.0,2.0,Rural,22.1,0,4446.1,2.0,260457.26
5,2798.8,3.5,Rural,26.2,1,3860.5,9.03,418276.4
4,2252.7,2.0,Suburban,12.6,1,1602.1,5.36,374141.16
5,3714.4,4.0,Urban,19.1,0,2437.4,2.93,822156.61
2,1402.9,2.0,Urban,34.4,0,2440.7,3.68,317085.28
4,3348.6,2.5,Downtown,32.3,1,10327.7,0.55,883956.16
5,3131.8,4.0,Suburban,5.5,2,9325.9,9.52,651644.72
2,1633.0,2.0,Downtown,49.3,1,8954.7,2.64,392605.55
2,1032.0,2.0,Suburban,28.1,2,11282.5,9.14,248437.02
4,3234.4,3.5,Rural,24.2,1,4516.4,8.6,428693.32
3,2376.8,1.5,Urban,48.4,2,5794.7,3.82,474820.28
4,2510.1,3.0,Suburban,7.0,1,2773.8,2.5,517421.21
2,1180.2,1.0,Urban,27.2,0,9228.0,4.55,247196.12
4,3230.6,2.5,Downtown,40.3,1,14060.7,9.37,801618.71
2,1519.5,2.0,Downtown,19.9,2,13083.9,8.62,436855.24
2,1227.0,1.5,Downtown,36.8,0,8770.0,5.14,309759.69
2,1229.1,2.0,Urban,45.0,1,10024.5,5.68,271404.29
4,2488.0,2.5,Rural,13.1,0,14892.3,4.38,410911.52
3,2569.6,3.0,Suburban,12.1,2,8243.0,9.48,503602.12
3,2413.5,2.5,Rural,18.0,3,13188.2,9.89,350002.32
3,1586.3,2.5,Urban,20.9,1,8009.2,3.25,374807.8
4,2156.2,2.5,Suburban,5.6,2,1670.2,9.52,436932.91
3,2548.8,2.5,Suburban,11.6,2,14085.3,9.53,519211.72
4,2252.0,3.0,Urban,43.7,3,2566.3,5.0,520856.65
3,2240.5,2.0,Downtown,28.3,2,10858.6,4.44,606253.06
3,2205.8,2.5,Downtown,13.4,0,4331.4,8.76,565473.3
3,2694.8,2.5,Suburban,47.2,0,13614.5,9.46,490743.63
3,1996.7,2.0,Rural,38.7,2,3806.8,4.32,269675.5
4,3132.4,4.0,Rural,18.1,2,2961.0,5.18,434806.72
3,2188.5,3.0,Suburban,38.3,1,7142.0,3.68,423509.3
2,1485.8,1.5,Rural,29.8,2,7953.5,2.48,213115.85
4,2028.5,3.0,Suburban,34.2,2,12465.0,9.96,434832.6
3,1422.6,2.5,Suburban,16.1,1,11673.6,2.29,333552.7
3,2067.2,1.5,Urban,10.5,2,5595.8,8.23,484095.92
5,3447.5,4.0,Suburban,12.7,3,6389.3,4.5,703078.24
3,1759.7,2.5,Suburban,4.2,1,9073.4,1.29,411258.65
2,1723.0,1.5,Downtown,23.6,2,8722.1,3.59,484442.32
5,3480.7,3.5,Downtown,20.3,0,13068.7,1.29,942495.89
3,2167.5,1.5,Suburban,0.1,0,7614.6,9.83,376592.81
3,2162.8,2.0,Downtown,42.8,3,13509.1,3.02,604119.99
2,1566.8,2.0,Urban,34.1,2,3871.0,7.59,343169.82
4,2186.6,3.5,Suburban,22.3,2,13146.8,4.54,473468.29
3,1830.3,2.0,Suburban,48.4,1,5260.1,6.95,318007.61
3,2668.1,2.5,Urban,47.0,1,12049.6,2.92,592868.42
4,2803.0,3.5,Rural,4.8,1,8915.4,1.39,435352.74
4,2703.2,3.0,Downtown,30.8,2,13257.9,8.18,741822.93
2,2068.4,2.0,Suburban,40.9,2,4237.6,7.31,334970.07
3,1401.5,2.0,Urban,8.6,1,10821.0,1.54,431132.77
2,1553.3,2.0,Downtown,6.4,1,12885.4,7.44,438601.74
4,3340.1,2.5,Downtown,13.0,2,11873.7,6.18,887468.2
1,691.7,1.0,Suburban,14.0,3,8924.0,2.13,219808.88
3,2095.6,2.5,Suburban,48.2,2,10455.6,8.34,373385.1
4,2261.0,3.0,Downtown,39.0,2,3751.2,7.14,583457.51
4,2529.4,3.0,Suburban,3.0,2,4030.5,5.31,523510.41
3,2407.8,2.5,Suburban,39.3,1,4742.1,2.2,437712.82
4,2937.3,2.5,Suburban,8.5,1,12592.2,5.63,591044.11
2,1834.2,1.0,Urban,17.9,2,3344.2,2.05,422179.85
4,3423.3,3.0,Urban,15.9,2,5184.9,2.25,763980.72
2,1669.3,1.5,Suburban,13.6,2,13886.1,2.79,364585.68
3,2405.6,2.0,Suburban,15.4,1,11573.3,6.72,465028.6
4,2293.3,3.5,Urban,37.7,1,11263.8,6.96,537462.28
2,1690.9,2.0,Suburban,13.3,2,7372.0,1.19,354169.53
2,1389.4,1.5,Rural,40.0,2,10833.1,6.68,207111.21
4,2769.7,3.0,Suburban,4.6,1,8920.2,0.83,578231.88
4,2824.2,3.0,Suburban,29.8,2,2000.5,9.1,525344.07
3,1567.7,2.0,Downtown,43.2,2,9071.4,7.9,419068.39
3,1784.0,2.0,Urban,4.0,2,7331.5,7.38,434449.45
3,2236.2,2.0,Suburban,31.7,2,2595.5,2.77,383212.82
3,1538.7,2.0,Urban,25.6,2,5819.7,9.88,351121.64
3,2408.7,2.0,Suburban,16.6,2,13527.2,9.28,456051.01
2,1676.5,1.5,Downtown,5.0,1,12251.8,5.15,480660.84
5,3603.9,3.5,Suburban,33.8,3,13794.6,0.83,706394.32
3,1735.4,2.0,Downtown,15.5,0,11039.1,5.36,484630.84
3,2502.2,2.5,Suburban,16.9,1,9855.8,1.96,519774.0
3,2655.0,1.5,Suburban,35.9,0,2949.3,6.13,426090.49
5,3349.2,3.5,Downtown,47.3,2,2500.9,9.87,850602.5
2,1484.6,1.0,Downtown,16.7,2,4454.5,7.69,385222.02
3,2028.1,2.5,Urban,37.3,2,5398.8,3.56,450561.08
3,2375.5,2.5,Urban,47.8,1,9498.5,4.24,513172.42
3,1901.7,1.5,Suburban,4.9,2,13282.3,9.47,376571.88
1,848.7,1.0,Suburban,26.5,1,13470.2,1.55,184840.64
4,3214.6,2.5,Suburban,0.6,2,10553.0,8.96,610749.42
5,4419.9,4.0,Suburban,41.3,1,9034.8,1.21,819672.2
3,1804.3,2.0,Suburban,14.3,1,4421.4,4.44,344515.87
3,1980.2,2.0,Downtown,16.6,3,14131.2,7.58,592595.23
5,2552.1,3.5,Rural,34.4,2,10395.6,4.25,389946.25
4,3097.6,2.5,Urban,39.5,1,8468.4,5.93,679277.37
2,1579.4,2.0,Suburban,20.0,1,2455.4,5.16,274369.54
3,1496.5,2.5,Urban,33.3,2,12562.4,6.24,378862.64
3,2403.5,2.0,Suburban,47.8,1,5885.9,2.12,420539.27
3,2473.3,2.0,Downtown,44.3,1,13608.2,5.99,648535.96
4,3163.0,2.5,Urban,35.1,0,3357.8,9.88,640883.14
5,3733.4,4.5,Downtown,47.2,2,1680.3,2.34,990349.75
5,3251.6,4.0,Urban,43.8,3,7086.2,1.14,752720.24
3,2361.7,2.0,Suburban,36.5,3,2096.2,4.22,389660.55
2,1441.1,2.0,Urban,45.9,3,1865.2,4.06,314100.62
6,3909.8,4.5,Suburban,40.9,2,10992.3,1.69,767416.49
4,2635.5,3.0,Urban,25.1,2,4603.3,5.93,611815.72
2,1180.4,1.5,Downtown,25.1,2,9943.9,4.66,365578.81
5,3433.9,3.5,Downtown,0.4,2,8991.7,8.45,942523.61
4,3160.8,2.5,Rural,1.5,2,2970.5,4.52,446970.94
3,2087.4,3.0,Urban,37.3,2,6400.9,9.86,476458.62
3,2255.3,2.0,Urban,27.7,0,1924.9,7.91,455292.43
3,1963.4,2.5,Suburban,38.0,3,6903.4,5.13,381817.39
2,1843.3,2.0,Suburban,47.5,2,3553.1,5.75,319654.06
3,1760.8,2.0,Suburban,22.6,2,2348.3,8.73,340275.71
4,2650.1,3.5,Downtown,4.4,2,5437.8,7.85,723228.75
1,848.6,1.0,Urban,31.3,2,1047.9,6.75,181148.26
3,2090.9,2.0,Urban,5.0,2,11608.8,3.03,520411.32
3,1909.5,2.0,Rural,31.1,2,3214.6,4.4,273351.41
3,2148.2,2.5,Suburban,26.4,2,9761.7,7.98,416452.85
5,3306.2,4.0,Suburban,35.6,1,12656.2,6.46,665018.9
3,2909.9,1.5,Urban,17.5,2,13841.3,9.59,664073.21
3,2140.3,2.5,Urban,7.2,2,8806.0,8.79,533660.54
4,2985.8,3.0,Rural,11.8,3,12036.0,4.56,466357.37
3,1783.1,2.0,Urban,34.2,0,7366.8,3.29,386262.25
2,1592.7,1.5,Rural,23.9,1,7862.5,1.68,214971.12
3,1925.1,1.5,Downtown,27.0,2,8654.8,4.37,500935.77
2,1393.1,1.5,Urban,16.1,2,10381.9,2.65,353542.88
2,1161.2,1.5,Downtown,41.8,2,10378.8,0.66,350591.59
3,1473.5,2.0,Urban,50.0,2,11995.3,1.81,349612.65
3,1802.9,2.0,Suburban,15.6,2,9637.2,4.8,397387.39
5,3456.7,3.0,Downtown,35.9,0,13356.9,8.98,877318.55
3,1663.9,2.5,Suburban,8.6,2,10929.3,3.55,381009.53
3,2789.8,1.5,Downtown,37.1,0,14005.3,4.69,700001.27
3,1661.8,2.5,Downtown,21.5,0,11506.1,4.15,503136.87
1,630.9,1.0,Downtown,30.3,2,11341.9,4.01,200061.17
3,2403.4,2.5,Suburban,11.9,2,13045.6,7.37,500267.97
2,1675.0,1.5,Downtown,42.6,0,10181.3,5.31,404958.05
5,3832.6,4.0,Downtown,8.7,2,3514.1,4.38,1030510.83
2,2118.3,2.0,Suburban,46.4,0,2161.6,9.46,302026.99
3,1789.4,2.5,Downtown,3.1,1,5421.6,3.12,536590.07
2,1524.6,1.0,Suburban,14.4,1,12401.5,8.41,300031.76
6,3800.5,4.5,Suburban,28.1,1,1303.9,5.39,705246.37
3,1617.9,3.0,Suburban,42.9,1,3100.6,4.7,301652.02
3,2176.0,2.5,Rural,28.9,1,2485.6,1.1,309205.88
2,1568.6,1.0,Downtown,10.8,0,1520.4,8.66,334059.14
4,2899.1,3.0,Rural,43.0,2,12344.0,3.07,412944.48
2,1532.3,1.5,Suburban,29.8,1,4914.2,6.95,250395.2
4,2541.9,2.5,Suburban,11.6,2,11205.0,8.81,502377.53
2,1473.5,2.0,Suburban,28.1,2,2986.8,5.59,260819.21
2,1505.7,1.5,Downtown,33.8,2,6725.1,6.59,400506.08
1,1016.7,1.0,Suburban,34.0,2,2630.5,3.73,172944.2
3,2017.3,2.0,Urban,36.2,1,1034.7,7.4,387759.09
3,2102.9,2.0,Rural,44.8,1,9584.3,6.74,284560.25
2,1978.9,1.0,Rural,41.2,2,7733.7,4.73,260198.46
4,3137.8,2.5,Urban,30.4,2,6832.9,6.53,683301.7
3,1762.4,1.5,Suburban,1.6,2,2101.2,3.0,335841.53
3,1566.6,2.0,Suburban,37.5,2,9234.9,6.75,293594.97
3,2117.1,2.0,Rural,48.7,3,11920.0,6.89,277781.96
3,2221.9,2.0,Urban,15.3,3,1941.4,4.73,540908.81
3,1875.1,2.0,Downtown,30.3,2,6788.4,2.87,486755.68
2,1628.9,2.0,Urban,38.4,0,5361.8,8.13,302165.42
2,1682.1,1.5,Suburban,32.0,3,13486.3,7.66,337810.04
4,2563.5,3.5,Suburban,46.1,2,4677.2,1.04,461680.83
5,3730.3,3.5,Rural,23.7,2,14219.9,5.2,535132.38
3,1993.9,3.0,Urban,26.6,0,12597.6,1.38,498640.49
3,2570.2,2.5,Rural,1.9,2,2402.2,3.54,376434.29
3,1785.8,2.0,Rural,45.0,2,7728.9,4.51,256965.59
3,2210.1,2.5,Downtown,13.1,1,10086.0,2.18,644542.0
1,881.6,1.0,Downtown,48.9,0,9303.0,4.95,185276.94
2,1296.9,1.5,Suburban,10.1,2,10509.2,7.21,273580.5
4,2462.4,3.0,Rural,12.7,1,6968.3,4.65,377898.44
3,2588.0,2.5,Downtown,24.2,0,13666.4,2.72,722136.02
1,982.0,1.0,Urban,33.0,2,4785.1,4.44,214014.19
2,1306.9,2.5,Suburban,22.0,0,2317.4,6.13,226128.38
2,1317.4,1.5,Urban,17.6,1,14691.6,9.4,344449.56
3,2325.2,1.5,Downtown,27.0,1,10127.4,5.24,608135.87
1,1169.7,1.0,Downtown,47.9,3,10228.8,8.93,264785.54
2,1211.7,1.5,Downtown,48.1,0,12445.4,9.85,285250.57
4,2177.0,3.0,Suburban,16.4,2,6900.2,5.81,461326.1
2,1756.8,1.5,Suburban,34.0,1,6407.3,1.9,330795.64
3,2365.0,2.5,Urban,36.1,1,14288.0,8.82,529558.84
2,1689.6,2.0,Suburban,32.7,1,6414.9,8.69,274751.46
2,1824.7,1.5,Urban,5.7,3,2098.7,8.75,419909.05
2,1224.9,1.0,Rural,27.0,0,5309.6,9.53,143955.47
4,2002.6,1.5,Suburban,38.2,2,13229.6,3.13,408308.21
4,2759.2,3.0,Downtown,10.0,2,2329.4,3.67,755748.46
4,2955.2,2.5,Urban,17.4,2,11033.9,7.03,694307.02
3,2165.5,2.0,Downtown,10.2,2,4729.6,5.86,581368.49
3,1897.5,2.0,Suburban,44.3,1,11440.8,8.75,360392.24
2,1091.5,1.0,Suburban,42.9,2,8203.8,2.92,192453.65
3,1820.2,2.0,Downtown,8.5,3,9912.1,6.75,559407.92
4,3006.2,2.5,Suburban,38.0,2,4404.7,9.43,533219.46
1,775.9,1.0,Suburban,18.2,2,3353.7,2.55,152530.86
2,1939.0,1.5,Suburban,34.3,2,1886.3,3.42,341274.47
2,1294.3,1.0,Suburban,24.7,0,12558.1,4.37,245347.2
1,978.3,1.0,Suburban,23.6,2,10946.8,1.33,248243.14
2,1414.6,1.5,Suburban,44.1,1,5106.9,2.18,245912.26
3,2452.9,2.5,Downtown,31.8,0,12716.8,4.13,667513.53
3,2145.8,2.5,Suburban,11.8,2,12671.8,1.21,480446.78
4,1701.7,2.5,Suburban,5.5,0,2928.6,3.95,373325.79
4,2597.3,3.5,Suburban,46.7,0,10991.6,2.82,495818.59
3,2257.2,1.5,Suburban,7.7,1,5091.9,8.71,429154.0
3,2277.9,2.0,Rural,36.7,3,7540.7,6.28,340962.05
3,2335.3,2.5,Suburban,24.8,2,7022.0,9.04,443036.81
3,2209.2,1.5,Urban,7.0,2,9402.6,2.43,527798.56
3,2228.4,3.0,Downtown,38.8,1,5859.8,1.28,614126.54
3,2006.6,3.0,Urban,45.2,2,2025.6,3.86,438525.59
3,2243.9,2.5,Suburban,6.1,2,10417.1,1.04,481767.72
3,2488.0,2.0,Suburban,3.4,0,14448.0,8.89,493223.21
3,2520.5,2.0,Downtown,42.5,3,10350.1,2.29,656577.2
3,2253.9,2.5,Suburban,25.0,2,8554.5,1.84,455015.13
5,3412.4,3.5,Urban,33.7,3,3290.7,7.98,766803.0
4,2843.2,3.0,Urban,22.1,2,9752.5,7.27,668300.82
2,1433.8,2.0,Downtown,20.6,2,9555.2,1.04,437350.13
4,2742.5,2.5,Suburban,15.0,2,9662.5,5.34,542071.23
3,2419.8,2.5,Downtown,28.1,0,13492.4,4.76,644397.67
4,3128.7,2.5,Downtown,8.0,2,11028.5,4.18,881758.0
4,2711.3,2.5,Downtown,35.9,1,11967.6,1.7,737725.0
3,2477.0,2.0,Suburban,27.5,2,5386.7,7.98,458538.44
1,619.3,1.0,Urban,42.4,1,4785.3,2.78,108974.39
3,1909.5,2.0,Suburban,46.1,1,3894.9,4.85,343080.61
3,2165.0,2.5,Urban,45.0,2,11897.2,8.87,502908.4
3,1932.0,2.0,Urban,30.1,2,10780.2,3.52,463988.86
3,1769.5,2.0,Suburban,15.9,2,5789.3,0.84,358220.66
2,1297.1,2.0,Suburban,17.9,3,2975.5,8.95,268083.82
4,2336.4,2.5,Rural,32.6,1,12853.3,5.19,324522.56
6,3570.4,4.5,Suburban,35.6,1,6379.9,5.22,679937.89
3,2308.3,2.0,Suburban,8.1,2,3656.5,5.74,444526.3
2,1636.2,1.5,Rural,49.9,1,3021.7,2.21,193721.56
3,2081.9,2.0,Downtown,5.4,2,13875.5,7.29,607659.93
1,564.0,1.0,Urban,30.4,2,2822.3,2.7,128007.86
5,2853.2,3.5,Downtown,26.6,1,6035.4,3.36,767795.24
2,1636.5,1.5,Urban,29.5,2,9850.7,6.5,378749.19
3,2134.8,2.5,Urban,26.7,2,6713.1,7.62,483320.2
3,1838.7,2.0,Suburban,2.9,0,7684.4,7.44,363585.25
3,2299.6,2.0,Urban,49.8,1,12236.7,1.29,496959.9
3,2297.8,2.0,Urban,49.1,2,14989.3,7.67,527684.88
4,2625.6,3.0,Suburban,26.2,1,7541.0,6.8,498485.77
2,1672.0,2.0,Rural,10.4,3,6303.6,6.25,248620.6
1,867.0,1.0,Suburban,9.1,2,6694.7,9.69,174167.65
2,1466.0,1.5,Rural,2.9,1,6167.5,3.79,251011.11
5,3407.2,4.0,Suburban,30.6,2,7632.8,6.99,661482.88
4,2210.3,2.5,Suburban,23.9,0,5663.5,5.95,430831.55
3,2263.2,2.5,Downtown,20.8,2,7476.6,4.19,600596.86
3,2835.1,2.0,Suburban,26.3,2,14236.4,7.99,533935.79
3,2465.1,2.0,Rural,43.6,3,5007.0,4.33,315688.43
2,986.3,2.0,Suburban,3.5,2,10126.2,5.81,246836.82
5,2362.6,4.0,Suburban,27.2,0,7817.1,5.83,470761.52
3,1969.2,3.0,Suburban,35.1,2,11253.5,5.36,424126.42
3,2208.2,2.5,Suburban,48.5,2,7612.1,4.85,414118.42
3,1959.3,2.5,Suburban,37.0,3,3247.6,2.09,366733.32
1,1007.0,1.0,Suburban,27.4,1,13213.9,2.79,202113.57
2,968.3,1.5,Rural,38.3,2,10460.7,1.67,164995.09
4,1926.3,3.0,Suburban,49.9,1,8362.2,7.37,379122.07
2,1554.0,1.5,Urban,44.4,1,12635.2,7.57,351813.83
3,2301.1,2.5,Urban,4.5,2,14666.6,6.57,603014.78
2,1253.3,1.5,Downtown,28.7,2,6731.6,9.22,355719.35
3,1702.4,1.5,Rural,39.3,1,5942.9,3.02,235831.5
3,2244.2,2.0,Downtown,33.6,1,11550.3,8.3,574320.34
3,2522.5,2.5,Suburban,20.8,1,7364.5,2.27,468540.18
4,2954.9,2.0,Downtown,16.1,2,2200.8,1.14,751863.46
3,1653.4,2.5,Suburban,31.4,0,5961.8,0.5,304100.57
3,2235.0,2.0,Suburban,20.6,2,12320.8,6.02,458038.97
3,1604.8,2.5,Urban,19.6,0,10893.7,7.9,419932.71
3,2581.8,2.5,Rural,41.8,2,13079.8,8.32,363440.9
5,3391.1,3.5,Urban,15.8,0,3052.8,4.97,782779.08
4,1961.3,2.5,Suburban,32.2,3,4414.9,1.06,403735.14
2,1351.4,1.5,Suburban,43.7,2,4006.3,0.84,251084.25
1,1069.8,1.0,Rural,31.1,2,14598.7,9.21,136671.0
3,2189.2,1.5,Suburban,24.6,2,3364.9,1.38,414949.09
3,1937.3,2.5,Downtown,1.8,1,9371.0,7.95,559910.14
2,1085.2,1.0,Downtown,34.1,2,9860.8,1.16,328645.82
3,2374.1,2.5,Suburban,49.9,2,9664.5,2.24,461433.17
3,1688.2,2.5,Urban,40.4,2,10683.3,2.05,426704.55
3,1257.2,1.5,Urban,31.7,1,7774.9,3.13,310185.64
4,2392.1,3.0,Suburban,23.5,1,2171.6,4.35,454205.97
2,1633.9,1.5,Urban,11.2,1,10817.3,1.68,417418.81
2,1222.2,1.5,Suburban,34.6,2,4935.5,9.75,242384.8
4,3104.4,3.0,Suburban,8.9,0,2062.2,0.52,579663.52
3,2058.4,2.0,Downtown,44.4,1,3377.0,7.84,480915.85
3,2298.0,2.0,Suburban,17.7,2,5021.1,5.5,406603.09
3,1870.7,1.5,Suburban,20.0,2,7054.2,1.31,380243.42
2,1435.3,1.5,Urban,10.8,2,13058.5,1.64,382654.49
4,2886.6,3.0,Urban,24.1,3,8511.0,6.1,680204.97
4,2571.7,3.0,Suburban,34.0,1,7607.5,3.49,498642.35
3,2310.6,1.5,Downtown,15.1,2,3677.6,4.78,571810.7
3,1677.3,2.0,Urban,35.1,0,14429.7,5.72,406948.59
3,2101.8,2.5,Suburban,31.0,1,13719.2,5.95,423313.77
3,1681.8,1.5,Downtown,18.6,2,12425.1,6.03,508886.93
2,1874.9,1.5,Downtown,15.6,2,5524.1,1.17,497259.45
5,3762.7,3.0,Downtown,43.1,3,8862.8,7.53,985710.03
2,1533.6,1.5,Suburban,0.6,2,6443.9,3.29,330126.01
5,2778.4,3.5,Suburban,35.8,1,6640.8,1.59,532641.37
3,2244.7,2.5,Urban,20.9,2,2009.8,1.47,493373.96
2,1435.5,1.5,Rural,35.9,2,2960.6,2.75,183426.9
3,2219.8,3.0,Downtown,25.4,1,14456.4,6.47,650434.23
4,2392.3,3.0,Downtown,4.2,0,9541.2,4.98,697555.17
4,2667.6,3.0,Suburban,49.1,2,1088.3,1.52,444933.14
4,2415.6,3.0,Suburban,4.3,1,12328.6,0.81,523549.11
3,1778.9,2.0,Urban,7.9,2,2218.6,0.73,440203.42
3,2110.0,2.5,Suburban,21.0,1,10914.2,4.5,453884.34
4,1846.4,3.5,Downtown,47.2,2,9691.9,7.99,550346.08
2,1657.5,2.0,Urban,14.7,2,1881.3,5.95,371702.88
3,2446.1,2.5,Urban,28.4,2,8433.1,8.19,553858.15
2,1454.7,1.0,Downtown,26.1,2,1664.1,3.53,335184.73
6,3050.5,4.5,Downtown,16.5,2,1901.5,1.83,841258.02
5,3151.7,4.0,Suburban,34.8,2,1716.5,8.13,579328.6
1,762.9,1.5,Downtown,25.1,2,4576.2,7.41,220747.1
4,2660.4,2.5,Suburban,28.9,3,12224.8,6.1,537040.86
5,3454.1,4.0,Urban,10.5,1,6074.4,8.93,788853.18
2,1941.4,1.5,Downtown,46.3,1,9953.5,6.49,475556.29
3,1944.8,2.0,Urban,5.5,1,2747.9,5.5,475778.61
5,2158.0,4.5,Urban,34.5,2,14060.1,5.27,574227.93
1,837.5,1.0,Downtown,44.3,2,8059.4,6.37,199394.88
3,2605.9,2.0,Suburban,4.2,0,1344.3,5.41,454733.1
3,2231.3,2.0,Suburban,1.4,0,8523.7,3.09,443167.22
5,2545.3,3.5,Downtown,16.7,2,3583.4,9.56,704298.53
5,3007.6,3.5,Downtown,39.5,1,3741.4,9.6,801714.22
5,2749.2,4.0,Suburban,35.9,0,9405.2,2.09,545697.23
3,2082.3,2.5,Urban,41.1,1,4169.4,5.54,445207.93
4,1909.2,3.0,Suburban,19.9,2,3995.7,8.0,392568.99
4,2513.2,2.5,Downtown,49.7,1,8573.4,1.02,631726.74
3,1725.4,2.5,Rural,18.3,2,4296.4,1.67,272660.34
4,2619.0,3.5,Urban,40.3,3,2547.2,5.68,571457.45
1,757.8,1.0,Suburban,17.5,1,6715.6,0.77,188399.06
3,2155.1,2.5,Suburban,10.9,2,1728.0,8.41,421361.77
2,1396.4,1.5,Suburban,16.8,3,13674.5,8.8,301307.32
2,1313.3,2.0,Rural,9.6,1,7321.5,7.49,201905.39
2,1568.3,1.5,Downtown,6.5,3,1183.3,8.31,435803.35
3,2110.5,2.5,Urban,18.2,1,4145.1,6.88,478895.82
3,1935.2,2.0,Suburban,7.3,1,14409.4,1.85,401389.3
4,3722.3,3.0,Rural,25.1,2,7949.5,0.78,526510.93
2,1788.5,2.0,Urban,1.8,2,6024.5,8.56,445643.05
3,2179.7,2.0,Suburban,21.6,2,5411.6,7.22,372575.16
3,2560.3,2.5,Rural,47.9,2,6837.6,4.29,344827.16
4,3371.7,2.5,Rural,17.9,2,3964.7,8.07,444792.35
3,1998.2,2.0,Downtown,6.9,0,11487.8,1.01,602676.35
3,2072.6,1.5,Downtown,15.3,1,8116.3,3.53,552604.91
4,2305.5,3.0,Urban,39.6,2,11520.1,3.75,553965.7
3,2160.5,2.5,Rural,15.7,1,4561.3,1.5,328581.88
2,1351.3,2.0,Suburban,19.2,2,1020.3,7.55,238200.69
1,912.9,1.0,Downtown,39.4,3,14527.2,7.89,270848.67
4,2731.5,3.0,Suburban,13.0,0,8168.9,6.04,531541.1
1,987.4,1.5,Downtown,23.9,2,2116.3,4.47,249984.4
4,2712.6,2.5,Suburban,3.2,1,2452.5,6.27,494255.93
3,1625.9,1.5,Suburban,8.7,3,7085.5,9.03,327243.74
5,2728.8,4.0,Suburban,10.5,3,10733.7,3.9,603621.34
4,2556.9,2.5,Rural,23.2,2,6553.0,3.68,345488.92
6,3716.1,4.0,Suburban,41.0,2,12482.1,6.42,725914.15
3,2351.0,2.5,Downtown,17.7,2,5606.8,6.99,624749.44
4,2274.0,4.0,Suburban,19.0,3,1638.5,4.85,482662.39
3,1930.6,2.0,Suburban,15.1,1,1116.1,8.67,355725.25
3,2554.9,2.0,Urban,16.0,1,13032.2,3.85,584709.66
3,1864.0,2.0,Suburban,20.2,1,14782.5,6.59,381570.48
4,2856.1,3.0,Urban,45.0,2,2859.2,6.84,592156.34
6,3605.6,4.5,Rural,1.2,0,1868.6,3.3,524319.98
4,2750.7,3.0,Suburban,31.2,2,13801.7,0.68,560610.26
3,1779.5,2.0,Rural,44.4,1,2410.6,8.35,236788.55
3,2412.1,3.0,Downtown,20.8,2,4197.7,5.08,639171.35
4,2197.0,3.0,Suburban,32.5,1,12223.1,1.41,472147.13
2,1545.0,2.0,Downtown,29.3,3,14971.8,9.6,466214.14
2,1563.6,1.0,Downtown,16.9,0,7804.2,3.32,422551.7
3,2128.1,2.0,Suburban,6.9,1,3950.8,5.01,401598.45
3,2427.8,2.0,Downtown,11.0,2,12868.1,5.1,679206.36
3,2212.2,2.5,Downtown,2.9,1,6520.4,4.02,627221.18
2,2011.2,2.0,Suburban,38.2,2,4817.0,1.94,336170.25
1,852.5,1.0,Suburban,26.6,2,7865.8,7.19,166017.19
1,955.5,1.0,Downtown,39.3,2,12981.2,2.36,284285.47
6,4595.8,4.5,Suburban,14.5,3,4262.0,6.98,894002.67
3,1721.8,1.5,Suburban,40.2,2,6933.7,8.12,315122.6
3,2226.4,2.0,Suburban,15.5,3,7219.4,0.72,453480.77
3,2287.4,2.5,Downtown,6.1,0,12658.7,7.45,673501.5
2,1499.7,1.0,Suburban,26.7,2,10464.1,6.56,287732.46
5,3312.7,4.0,Suburban,47.3,0,11926.8,2.36,614686.92
4,2655.2,2.5,Suburban,20.7,2,10707.4,6.39,526023.65
2,1767.9,1.5,Urban,25.8,2,9297.5,4.5,387891.78
3,1921.4,2.0,Downtown,22.6,2,2853.7,1.3,500739.54
4,2921.9,2.5,Urban,22.9,2,12661.3,5.48,694112.43
5,3230.7,4.0,Downtown,10.7,1,9501.9,9.75,881075.93
3,2386.5,2.5,Suburban,21.1,2,10816.4,6.66,462915.13
3,1916.1,2.0,Downtown,24.8,2,11902.5,3.64,539240.82
2,1458.3,1.5,Urban,37.2,0,5363.8,5.85,289110.16
6,4962.5,4.5,Suburban,7.0,2,7122.4,7.51,932835.91
2,1201.3,1.0,Rural,28.6,2,8578.1,1.98,190418.85
5,4298.0,3.0,Rural,33.1,2,5799.5,5.52,584152.16
3,2621.9,3.0,Rural,19.1,1,4619.5,5.32,346892.36
3,2115.1,2.0,Downtown,27.5,1,11875.7,4.08,593698.9
3,1400.3,3.0,Suburban,35.5,2,11552.2,7.6,309045.42
2,1446.9,1.0,Suburban,23.3,1,12645.2,5.87,265910.81
2,1513.2,2.0,Suburban,16.7,2,10753.7,7.14,325302.7
2,1774.0,1.5,Suburban,41.2,2,5364.2,6.16,328952.8
2,1821.0,1.5,Downtown,49.4,2,5578.0,7.92,412067.93
4,2468.2,3.5,Urban,10.8,2,8389.1,6.52,596662.08
3,2326.7,1.5,Rural,44.5,2,12698.3,6.94,331638.71
2,1692.8,1.5,Suburban,27.3,1,5848.1,2.64,331083.59
5,3767.6,4.0,Suburban,22.4,0,11723.1,8.54,698456.65
4,2848.7,4.5,Rural,44.7,2,5279.7,1.98,402922.95
5,2242.3,3.5,Suburban,45.5,2,5739.4,3.73,450112.17
6,4094.3,4.0,Rural,13.6,0,11533.1,8.95,560506.44
2,1488.4,2.0,Rural,17.9,2,10500.1,1.53,276758.56
3,2122.5,2.0,Suburban,42.6,1,3915.2,8.73,352939.19
4,3290.8,3.0,Urban,24.5,1,12578.3,5.02,757095.97
3,2311.3,2.5,Urban,14.4,1,11984.5,2.24,574520.8
2,1756.8,1.5,Suburban,48.1,2,12163.9,7.5,311597.42
4,2610.9,2.5,Downtown,10.9,0,7584.9,3.2,702082.71
2,1201.0,2.0,Urban,30.5,2,5601.0,6.94,267386.1
2,945.6,1.5,Downtown,21.4,3,12896.9,8.01,309147.06
3,1974.7,2.0,Urban,22.6,3,9235.0,5.91,489896.48
3,1812.9,2.0,Suburban,5.3,0,14033.7,7.97,403146.56
3,1880.8,2.0,Suburban,12.9,3,4553.6,9.38,387105.75
2,1208.6,2.0,Urban,8.3,2,14658.8,5.73,357605.49
4,2231.0,3.0,Suburban,37.5,2,6309.1,1.95,440305.18
3,1929.8,2.0,Suburban,34.9,3,6382.6,7.24,390951.46
2,1807.4,1.0,Downtown,39.7,2,4343.4,4.4,409249.83
4,2643.8,3.0,Suburban,35.0,2,14510.4,5.55,508978.41
5,4129.7,3.5,Downtown,6.4,2,1556.0,6.45,1075417.32
4,2257.3,2.0,Suburban,48.9,2,7627.0,7.32,420169.9
4,3128.4,2.5,Suburban,9.4,3,6116.7,6.58,567289.19
3,1985.8,2.0,Downtown,17.5,2,3229.7,2.71,544842.45
3,2321.9,2.0,Suburban,35.3,2,10985.4,7.61,417481.52
2,1438.0,1.5,Suburban,7.0,1,13576.5,8.17,288067.48
3,2456.0,2.0,Suburban,8.5,1,4410.0,0.86,463611.96
3,2200.4,1.5,Suburban,43.8,1,7967.2,3.43,367449.75
3,1947.9,2.0,Rural,16.6,1,9095.0,9.79,255378.14
4,3024.0,3.5,Downtown,33.3,2,6466.8,2.19,813868.01
3,2412.3,2.5,Suburban,42.9,2,13901.5,2.24,472735.31
2,1502.0,1.5,Rural,48.7,1,7461.2,6.12,161701.54
2,916.3,1.5,Downtown,10.5,2,14758.9,3.71,329126.49
3,2180.5,2.5,Suburban,6.1,2,5132.9,6.74,442254.41
2,1607.0,1.0,Suburban,37.0,1,2025.5,3.0,265182.18
4,2872.4,3.0,Downtown,9.4,2,9049.5,4.55,773365.16
3,2546.8,2.0,Suburban,29.0,2,12526.8,9.99,458136.11
3,2341.0,2.0,Urban,26.6,2,6437.5,4.05,524992.38
3,2267.1,2.5,Suburban,28.0,1,3591.4,1.32,426219.99
4,2977.0,3.5,Suburban,32.5,0,11335.4,7.55,566067.06
3,1980.7,2.0,Urban,42.5,0,4792.4,6.09,407322.46
3,2098.5,3.0,Urban,13.6,3,11776.3,4.72,546299.95
3,1536.5,2.5,Suburban,27.8,1,4672.5,9.13,294363.46
3,2024.3,2.0,Suburban,16.8,2,8802.0,1.89,410134.43
4,2072.3,2.5,Urban,15.9,3,13427.5,5.15,550691.39
4,3276.4,3.5,Suburban,1.0,2,3864.6,2.32,624603.92
3,2231.2,2.5,Suburban,30.0,0,12489.7,1.29,442051.93
4,2881.1,3.5,Suburban,48.6,2,4716.0,4.7,501585.33
4,3145.6,2.0,Suburban,38.1,2,10249.3,9.5,545575.86
4,2741.1,3.0,Suburban,12.1,1,4412.0,7.36,531845.87
4,2226.4,3.0,Rural,35.8,2,2604.0,2.73,318306.3
3,2067.4,1.5,Urban,14.9,2,10296.3,4.89,513245.62
3,2076.6,2.0,Suburban,37.7,1,9328.4,8.08,370738.13
3,1634.9,2.5,Suburban,42.7,2,6620.8,2.36,315367.76
4,2731.4,4.0,Downtown,16.7,0,1513.6,2.44,749798.47
2,1394.1,1.5,Suburban,0.1,2,7653.9,2.22,306011.71
4,2711.7,2.5,Suburban,15.3,1,3081.9,6.27,505886.98
4,2460.3,2.5,Suburban,10.3,2,6032.6,0.78,501755.1
1,927.4,1.0,Urban,30.9,1,9206.8,6.08,203701.88
4,2680.9,2.5,Downtown,14.5,1,14150.9,8.34,748326.54
2,1365.8,1.5,Suburban,1.8,0,8158.4,7.94,286497.48
3,2232.5,2.5,Suburban,26.6,2,3727.0,6.83,414000.31
4,2267.7,3.0,Downtown,43.7,0,14247.2,2.59,627178.42
2,1748.3,1.0,Suburban,22.6,2,1362.7,8.26,294526.47
4,2575.3,3.0,Suburban,18.8,2,9999.5,9.6,491377.28
4,2201.1,2.5,Urban,8.9,0,4673.5,2.25,539028.31
3,2398.1,2.0,Downtown,19.4,2,11605.1,9.15,627024.44
1,1076.1,1.0,Suburban,16.5,2,5637.1,8.6,188026.87
3,2460.4,2.5,Rural,49.7,2,7002.5,9.8,312835.21
3,2204.7,2.5,Urban,1.5,3,11785.8,3.53,590800.81
6,3642.9,4.5,Urban,11.9,0,13569.5,9.37,905306.94
3,1736.7,3.0,Suburban,3.4,2,3555.7,2.21,399251.43
3,2483.5,2.0,Downtown,42.9,2,5148.1,2.16,594874.64
3,2527.5,2.0,Rural,20.9,0,1060.5,1.52,316094.01
3,2556.6,2.5,Downtown,39.8,2,12992.0,4.56,665085.06
4,2749.9,3.0,Rural,34.6,2,14259.8,0.62,402155.15
2,1438.0,1.5,Downtown,46.4,2,4912.2,4.12,337710.59
4,2209.5,3.0,Downtown,1.2,2,6383.8,6.45,681090.33
3,1402.4,2.5,Suburban,10.4,1,7005.4,1.24,317161.86
5,3181.6,4.0,Suburban,35.1,2,6736.5,8.28,607550.89
3,2511.4,2.5,Urban,29.3,1,6500.3,3.28,558982.17
3,2124.5,2.0,Rural,34.7,2,7662.2,0.94,291838.56
5,3435.4,4.0,Suburban,28.8,2,3153.0,4.06,651362.87
2,1662.1,1.5,Downtown,29.1,0,1807.5,1.82,390747.44
5,3263.6,3.5,Suburban,46.6,2,11129.4,8.06,654168.71
3,2731.7,2.0,Urban,46.1,2,12851.9,3.67,616696.43
2,1963.7,1.5,Suburban,1.9,1,12342.7,1.61,433129.94
3,1801.9,1.5,Downtown,20.7,2,9772.8,4.81,510795.97
4,2105.3,2.5,Suburban,25.5,0,14563.4,4.79,442890.27
2,1423.8,1.5,Urban,17.9,2,1021.6,3.12,323732.78
3,1923.7,1.5,Suburban,2.5,2,5473.6,3.61,364242.95
3,1839.5,2.0,Urban,23.6,2,5340.2,7.8,383824.44
3,2133.0,3.0,Downtown,48.8,1,5895.4,6.57,514064.61
1,1260.6,1.0,Urban,3.6,1,12199.9,2.54,346860.98
4,2787.8,3.0,Downtown,40.8,2,5921.0,9.51,701103.22
5,2872.6,3.5,Suburban,9.8,0,8379.2,3.39,593222.26
5,2552.3,3.5,Suburban,28.8,1,9595.2,5.57,538036.32
4,2818.5,2.5,Urban,19.4,2,12835.4,5.93,656554.09
2,1412.8,1.5,Suburban,17.5,0,9622.1,2.53,303346.48
4,2686.2,2.5,Rural,43.5,2,6338.3,3.27,353307.41
1,967.1,1.0,Urban,48.7,2,10726.4,5.07,202986.83
1,1044.3,1.0,Downtown,19.3,0,8217.5,2.94,255681.69
3,2678.8,2.0,Urban,32.0,1,8397.6,3.4,584193.69
3,1705.1,2.5,Urban,27.8,2,5692.1,6.32,404213.25
4,2599.1,2.5,Urban,3.8,1,1022.5,7.47,595938.32
3,2044.5,1.5,Rural,2.1,0,5981.9,8.11,300808.43
3,2339.8,2.0,Urban,38.7,1,5238.1,1.66,521793.9
3,2852.9,3.0,Suburban,19.7,0,2404.7,7.5,510671.34
6,3965.7,4.0,Urban,15.4,3,3780.9,9.4,926451.1
3,2640.7,1.5,Urban,49.3,1,14732.5,6.02,553755.12
3,2394.1,2.5,Suburban,4.3,2,4917.4,6.24,468357.25
2,1717.1,1.0,Suburban,13.5,1,8254.2,9.58,315801.27
4,2595.4,3.0,Rural,42.8,2,8690.7,8.76,345689.84
3,2045.6,2.0,Suburban,20.7,2,8840.4,5.8,421889.94
2,1618.0,1.5,Suburban,29.2,2,1662.6,7.78,271934.45
2,1809.6,2.0,Suburban,2.4,2,11800.5,2.22,402154.17
3,2325.0,2.0,Urban,46.0,1,11224.8,4.42,482424.91
3,1897.8,2.5,Suburban,6.8,1,14680.7,7.3,411975.12
3,2503.3,2.5,Urban,10.7,3,3585.7,3.24,603877.78
5,2439.3,3.0,Downtown,7.8,2,8753.1,4.81,742222.82
2,1152.7,1.5,Urban,24.9,1,12253.6,2.14,316616.95
3,2118.9,2.5,Suburban,40.8,2,2740.8,9.03,363749.04
5,3284.3,4.0,Urban,13.3,2,12054.0,9.01,806835.98
3,2174.5,2.5,Suburban,7.1,1,4779.5,5.04,424452.89
3,1918.6,2.0,Downtown,20.5,2,4931.8,2.32,540148.12
3,2292.2,2.5,Suburban,49.1,2,14238.3,6.95,440869.87
3,1749.1,2.5,Rural,0.6,2,5394.2,2.53,284288.44
6,4148.6,4.5,Urban,25.2,1,9179.3,2.67,928592.56
3,2421.3,1.5,Suburban,33.5,2,7161.3,9.73,425012.56
4,2958.2,3.5,Rural,40.3,1,2094.2,1.45,376745.48
2,1641.5,1.0,Urban,37.3,2,14306.8,4.1,392689.62
2,1649.5,2.0,Suburban,3.7,1,3992.2,5.77,335218.73
1,637.8,1.0,Suburban,23.1,1,4747.7,1.52,92054.96
3,1496.5,1.5,Suburban,3.9,2,6281.5,0.87,337683.56
3,1670.6,2.5,Downtown,31.0,0,7979.5,5.65,452878.58
4,2549.8,2.5,Urban,3.9,3,3020.0,1.59,631697.77
3,2479.3,2.5,Downtown,2.4,2,9819.1,2.89,701743.51
5,3011.4,3.5,Suburban,15.3,2,8205.8,5.22,618313.56
2,2018.0,1.0,Urban,46.9,1,5242.1,3.8,365032.52
4,2862.4,3.5,Rural,35.5,2,10697.1,7.25,427902.44
4,2489.5,3.0,Downtown,0.2,2,8197.1,9.64,729334.42
4,2620.0,3.5,Suburban,14.2,2,12769.6,7.66,547006.99
4,2949.5,2.5,Suburban,0.9,2,12975.7,10.0,602403.73
4,2687.8,2.0,Urban,14.7,1,14721.5,4.19,635409.6
3,1677.0,3.0,Rural,34.3,2,1942.7,3.4,237674.89
2,1461.6,1.5,Downtown,38.0,2,6672.5,2.52,398761.38
1,893.0,1.0,Suburban,40.2,2,8021.3,8.91,166861.93
5,2819.7,4.0,Downtown,45.5,2,4273.3,4.2,740987.56
3,2248.6,2.0,Urban,18.3,2,13908.5,7.25,538018.06
4,2974.1,3.0,Downtown,43.1,2,2233.8,6.91,723720.65
3,2034.0,3.0,Rural,36.4,2,6999.1,1.04,306185.78
2,1618.3,1.5,Downtown,26.9,2,3592.7,8.86,392509.75
2,1842.4,2.0,Urban,47.7,2,10549.9,5.12,424601.48
3,1992.7,1.5,Suburban,47.4,1,10869.9,2.62,384934.11
3,2271.8,2.5,Suburban,44.9,2,13215.2,9.8,454682.02
2,1301.5,1.0,Suburban,10.1,3,6725.6,7.65,301749.44
3,2193.8,2.5,Downtown,10.4,1,11851.5,6.36,606410.24
2,1547.5,1.5,Suburban,45.1,0,8694.1,9.89,244016.89
3,2275.9,2.0,Downtown,19.9,0,12371.8,7.69,593221.77
3,1813.3,2.0,Downtown,39.9,1,2195.3,1.65,434355.11
4,2706.5,3.0,Downtown,34.3,3,7488.3,9.92,742766.34
3,2341.3,2.0,Suburban,38.1,0,3107.8,6.18,392464.37
3,2318.5,2.0,Urban,1.3,2,12065.0,3.34,563791.24
1,659.7,1.5,Urban,21.5,2,3137.4,8.27,191715.03
2,1708.9,2.0,Downtown,42.9,2,1112.8,0.96,386488.14
3,1680.9,2.0,Suburban,24.5,1,14013.3,6.72,347102.14
3,1632.9,2.5,Urban,34.5,2,7784.4,2.01,407868.17
3,2223.0,2.5,Suburban,37.8,1,14792.7,1.33,429082.24
3,2233.3,2.0,Downtown,6.0,0,7342.0,3.86,611136.83
3,1722.0,2.0,Suburban,7.8,1,9271.1,3.89,357670.84
4,2740.1,3.0,Suburban,36.2,0,11418.5,6.21,525749.85
4,2779.2,3.5,Downtown,2.7,1,4931.2,5.87,780958.36
1,898.9,1.0,Urban,17.1,1,2860.0,7.04,145630.15
3,2282.0,3.0,Suburban,45.9,1,10255.8,2.15,411003.96
2,1333.7,2.0,Rural,28.7,2,8149.6,8.77,209921.86
2,1848.8,1.5,Rural,45.5,2,12575.2,8.66,254760.97
6,3760.5,4.0,Urban,15.5,2,1631.0,2.55,858753.91
2,1532.5,1.5,Suburban,31.8,2,8626.8,5.0,282316.74
3,2120.9,2.5,Suburban,14.3,0,3600.6,5.14,392783.06
3,2022.8,2.5,Suburban,5.6,2,9642.4,9.25,392937.21
4,2313.5,3.5,Suburban,49.5,1,11646.2,9.1,478042.7
3,2246.0,2.0,Rural,8.8,1,4682.1,1.14,311863.42
1,1139.0,1.5,Downtown,9.4,1,7745.0,9.6,310160.24
3,1947.8,2.5,Urban,42.1,0,6882.9,1.15,453526.03
3,2218.3,2.0,Suburban,40.1,1,11568.2,5.72,406918.11
2,1108.3,2.5,Urban,48.9,3,9398.1,3.46,294106.27
3,2442.7,2.5,Suburban,3.6,2,2689.9,4.21,461195.61
1,813.8,1.0,Suburban,4.7,2,14674.5,6.45,204838.04
2,2118.9,1.5,Rural,22.4,2,13772.7,6.05,295478.68
3,1936.0,2.5,Downtown,29.6,2,9102.1,2.09,574663.77
2,1408.0,1.5,Downtown,1.9,0,11884.7,9.71,396284.89
3,2215.9,2.5,Suburban,7.9,2,1279.6,0.77,426993.39
3,2264.7,2.0,Suburban,35.2,3,3820.9,3.76,403788.98
4,2151.2,2.5,Downtown,33.4,2,11750.1,8.11,612002.39
2,1320.6,1.5,Downtown,4.5,2,2486.6,8.58,371050.86
2,1942.3,1.5,Downtown,46.6,2,1598.2,8.07,393349.96
2,2142.4,1.5,Urban,12.7,2,9620.0,4.04,500416.18
3,1426.1,2.0,Suburban,44.4,3,1479.4,6.9,263003.3
4,2625.3,2.5,Urban,46.1,1,3563.6,7.76,560354.52
1,995.8,1.0,Suburban,24.5,2,2119.7,5.99,150090.11
5,3143.2,4.0,Urban,20.6,2,8479.8,6.95,740401.73
2,1344.9,1.0,Suburban,13.9,1,10477.1,5.76,280903.08
3,2032.6,2.0,Suburban,40.4,2,3566.3,1.02,369396.27
4,2277.8,3.0,Suburban,9.8,3,7562.6,3.1,516457.64
4,1965.2,3.0,Downtown,31.1,0,1282.4,7.18,515587.25
4,3130.5,2.5,Rural,28.4,3,4705.2,2.79,443710.81
4,1906.5,2.5,Urban,12.4,1,3514.5,4.83,461688.66
3,2117.2,3.0,Suburban,49.2,1,3323.5,5.58,366172.04
4,3216.1,3.5,Rural,42.3,0,4150.3,6.87,418152.6
2,1236.1,2.0,Suburban,1.0,3,12274.8,2.96,322965.42
4,2382.4,3.5,Suburban,21.1,2,14296.5,6.15,538049.76
3,2245.4,1.5,Urban,17.9,0,10884.7,6.17,470581.27
4,2976.7,3.0,Suburban,44.1,2,2011.6,8.53,510851.29
3,1994.4,2.0,Suburban,13.2,0,9794.3,5.74,393146.72
3,2400.9,2.5,Suburban,49.9,2,11277.6,3.3,441046.22
3,2774.7,2.0,Suburban,10.0,1,2555.8,5.47,492343.46
4,2464.2,2.5,Downtown,12.2,0,5120.5,1.52,661193.42
2,1437.6,1.0,Downtown,33.3,2,6997.3,6.27,379590.28
2,1524.2,1.5,Rural,8.1,2,5350.1,9.2,215641.67
2,1638.5,2.0,Suburban,44.4,2,8256.5,5.53,289021.62
2,1488.7,1.5,Downtown,5.5,2,2832.9,3.28,429324.02
4,3158.2,2.5,Urban,49.2,1,7226.5,4.35,653830.31
2,1324.3,2.5,Suburban,43.7,2,11265.9,9.07,261653.28
5,2444.0,4.0,Downtown,42.0,0,7453.1,8.22,640965.19
3,2199.1,2.5,Rural,20.4,1,3946.1,8.13,296082.67
2,1374.2,2.0,Rural,25.7,2,12229.6,5.86,221816.79
4,2285.1,2.5,Downtown,22.8,2,6521.5,4.27,618352.28
3,1677.2,2.0,Rural,49.4,2,6951.3,1.76,235591.26
3,2021.2,2.5,Rural,1.7,2,6006.7,9.77,316551.77
3,1859.5,2.0,Suburban,19.1,3,5056.2,2.2,352167.07
4,2880.5,3.0,Suburban,48.4,2,9427.3,2.9,531065.23
2,1393.9,1.5,Downtown,18.5,2,3629.3,7.76,402330.03
6,3974.7,4.0,Downtown,19.9,1,11769.2,3.83,1094074.43
5,3911.5,3.5,Suburban,31.6,2,7743.8,6.05,744341.06
3,1913.6,2.5,Urban,45.4,2,13370.2,7.74,452365.85
2,1507.3,2.0,Urban,14.7,2,14144.5,5.78,400745.7
3,1729.8,2.5,Downtown,47.4,0,6361.6,5.16,440722.68
2,1758.3,2.0,Suburban,14.1,0,3223.5,0.98,343974.62
1,832.1,1.0,Suburban,40.8,0,8073.6,5.13,116135.67
3,2463.8,2.5,Suburban,13.8,1,4786.3,4.82,446966.71
3,2184.4,2.5,Downtown,3.6,1,6971.3,8.86,582772.86
4,2481.3,2.5,Suburban,40.6,2,6284.2,4.75,448949.19
4,2345.2,2.5,Urban,22.5,2,7306.6,6.48,572059.95
4,2626.1,2.5,Downtown,19.5,2,7979.9,7.85,712917.64
3,1832.0,2.0,Downtown,21.5,2,9784.0,4.94,545482.31
3,2082.4,2.0,Suburban,30.6,2,1053.4,2.98,359348.92
3,1906.8,2.5,Rural,13.1,2,4589.9,8.99,267454.85
6,4552.0,4.5,Suburban,11.9,1,3383.6,9.01,839455.24
1,1052.5,1.0,Suburban,24.2,0,10946.3,9.05,189746.27
4,2394.5,3.0,Urban,1.8,2,12652.6,3.09,638574.96
3,2419.7,2.5,Suburban,32.1,2,11160.6,3.5,483845.93
3,1892.4,2.0,Downtown,41.1,2,14645.3,9.23,526252.22
4,2132.3,3.5,Urban,36.4,1,2081.5,1.69,501658.4
3,2527.6,2.5,Urban,23.5,2,7506.6,6.73,583651.84
4,2377.2,3.5,Suburban,28.3,2,13591.2,3.28,528152.45
5,2864.6,4.5,Downtown,1.3,1,5467.2,7.35,798804.89
3,1690.6,2.5,Urban,45.6,2,12232.4,8.42,403226.5
3,3005.4,2.5,Urban,27.9,2,8864.4,4.38,682082.41
3,1946.3,2.5,Downtown,15.8,0,14699.8,1.94,622559.46
5,2166.4,3.5,Urban,14.7,1,6194.3,7.46,547266.6
2,1769.4,1.5,Rural,33.0,2,6840.3,1.03,214890.5
3,2238.4,2.5,Downtown,29.2,2,3293.3,0.64,615625.95
3,1781.2,2.0,Suburban,9.4,2,3235.0,8.83,329412.9
4,2245.9,3.5,Urban,20.5,1,13054.0,8.26,578218.59
2,1812.4,1.5,Downtown,33.8,2,6702.1,6.03,460391.8
4,2553.3,4.0,Urban,14.9,1,9686.5,6.82,637401.79
5,2166.9,3.5,Rural,25.5,1,11531.5,9.55,313418.79
2,1788.1,1.5,Urban,12.7,2,7135.4,1.1,424954.9
2,1421.4,1.5,Suburban,3.6,2,14353.0,2.56,314483.6
5,3847.3,3.5,Urban,19.4,0,14134.4,7.43,887621.55
2,1999.6,2.0,Suburban,36.6,0,10521.7,3.01,347299.66
4,2429.7,2.5,Suburban,10.7,0,14932.9,2.47,478474.7
3,2624.5,2.0,Downtown,37.7,2,1037.1,4.7,634963.2
2,1428.5,1.5,Rural,33.5,0,1129.5,7.38,144739.39
4,1639.3,3.5,Suburban,25.4,1,1945.5,2.5,348195.6
3,2202.9,1.5,Rural,48.6,3,14209.3,4.58,305109.17
3,2089.8,2.5,Downtown,44.2,0,9467.7,5.43,539707.18
3,1843.9,2.5,Urban,28.2,0,13988.1,2.14,472735.11
3,2031.3,2.0,Downtown,27.9,1,2779.4,5.03,510276.42
2,1935.4,1.0,Downtown,13.9,1,1447.7,8.73,445414.58
3,2289.9,1.5,Rural,46.0,2,8606.0,7.59,292026.24
5,3014.3,4.5,Downtown,44.8,1,3453.1,5.28,773016.8
3,2263.8,2.5,Suburban,37.1,1,13037.7,1.69,436473.9
3,2110.2,1.5,Rural,6.4,3,6885.7,0.72,335781.09
3,1395.4,2.5,Urban,35.2,1,11786.4,1.14,400561.08
4,2851.8,3.0,Suburban,12.7,2,8230.1,7.63,571263.68
2,1711.8,2.0,Suburban,9.4,2,8401.4,7.19,360346.6
5,3434.6,3.5,Suburban,38.0,3,10545.8,7.59,661403.98
3,2456.2,2.0,Downtown,48.0,1,5696.3,3.42,595008.98
2,986.6,1.5,Suburban,5.4,3,14283.9,1.35,248924.78
2,1586.5,1.0,Suburban,8.2,2,6605.7,7.29,295447.92
2,1170.3,2.0,Suburban,11.0,2,6572.6,9.26,261926.16
3,2247.3,2.5,Suburban,48.1,2,10903.9,4.8,434011.72
3,2572.8,2.5,Suburban,34.8,1,9907.5,7.76,460072.74
4,2103.3,3.5,Suburban,33.9,1,14940.9,7.42,427916.83
3,1941.5,1.5,Suburban,25.3,2,12903.2,8.61,382658.37
2,1304.6,1.0,Suburban,26.9,1,4984.3,0.77,233446.06
3,2225.2,2.5,Downtown,14.5,2,2421.7,9.58,594051.64
4,2174.1,3.5,Urban,7.7,1,2492.8,8.72,534816.38
2,1796.6,1.5,Rural,39.0,2,6062.5,8.83,251869.55
2,1819.5,1.0,Downtown,23.5,1,7680.6,9.97,452888.81
1,998.0,1.0,Downtown,12.8,1,9919.7,6.58,279478.7
4,1960.6,3.0,Urban,31.6,2,13008.2,1.28,529360.06
3,2526.4,3.0,Rural,10.5,1,14853.6,8.32,418753.01
3,2440.1,2.5,Downtown,24.4,2,6722.0,1.78,655246.17
4,3067.9,3.5,Downtown,9.5,2,8638.1,7.51,857857.89
4,3005.6,3.0,Downtown,38.0,1,9410.5,4.53,781979.67
3,2380.0,2.5,Urban,16.0,0,8819.9,0.56,557685.11
4,2925.1,2.5,Rural,22.1,1,2264.4,4.64,382397.54
2,1727.1,2.0,Urban,37.7,2,2610.6,8.07,370849.9
2,1192.4,1.5,Suburban,33.0,2,13442.6,1.33,252925.75
3,2198.1,2.5,Urban,20.0,1,10458.2,0.52,565770.2
2,1473.3,1.5,Downtown,3.6,1,10502.7,4.8,465740.56
3,2151.1,2.5,Urban,46.1,0,12406.9,0.51,492725.88
5,2528.5,3.5,Suburban,0.4,1,2178.0,9.38,509791.84
1,791.4,1.0,Downtown,36.7,3,6816.7,8.34,191370.81
2,1469.5,2.0,Downtown,47.3,1,4453.4,6.49,340773.07
3,1981.9,1.5,Urban,15.3,0,10251.3,0.66,485572.35
5,2802.4,3.0,Urban,3.8,2,4009.1,5.91,667846.25
3,2138.5,2.5,Suburban,12.5,2,10689.7,6.88,465077.93
3,1959.7,3.0,Downtown,15.7,2,6430.6,6.08,583028.24
1,1218.7,1.5,Downtown,22.6,1,7151.7,9.5,300372.31
2,1109.9,1.0,Downtown,26.3,2,12452.2,8.4,335804.89
6,3332.4,4.5,Suburban,36.3,2,5874.3,3.97,645886.8
5,3334.7,3.0,Suburban,45.0,1,4592.4,7.1,585903.71
1,897.9,1.0,Downtown,23.2,1,12903.7,4.88,300229.16
5,3740.9,4.0,Urban,37.3,2,10595.6,9.32,865280.97
3,2335.5,2.0,Urban,6.4,1,6654.5,6.37,543947.27
4,2871.0,3.0,Suburban,16.4,2,7979.9,6.03,565152.89
3,2566.8,2.5,Suburban,5.9,2,5870.0,5.26,501000.46
3,1909.5,2.0,Downtown,34.6,2,8716.9,4.09,519130.04
3,2068.2,3.0,Suburban,45.4,2,2941.7,1.91,371512.78
3,2263.1,2.5,Rural,44.5,2,13438.2,3.1,343112.04
2,1854.4,1.5,Urban,16.3,2,8756.7,3.66,453338.65
1,731.9,1.0,Downtown,11.7,1,6393.8,1.96,220292.75
3,2315.6,2.5,Urban,13.7,2,9002.3,8.22,557728.48
4,2757.8,3.5,Urban,14.4,2,3256.7,0.52,652623.41
2,1417.8,1.5,Suburban,4.1,2,2098.6,9.2,270219.35
3,2105.3,2.5,Urban,6.7,3,8673.8,1.72,538966.23
5,2784.4,4.0,Downtown,10.7,2,1987.0,0.98,803268.78
2,1318.6,1.5,Suburban,0.4,1,10252.2,9.95,282810.84
3,2507.5,2.0,Suburban,2.4,2,12203.4,10.0,510710.37
3,2423.2,2.0,Rural,34.9,2,14837.1,2.32,350234.37
4,2862.9,2.5,Downtown,31.0,2,11769.4,1.77,794277.69
2,1502.4,2.0,Suburban,47.3,2,14637.8,2.38,294407.82
3,2366.1,2.5,Rural,20.1,1,1310.6,5.36,323873.19
4,2841.0,2.5,Downtown,22.2,2,8823.9,3.55,807518.02
5,3555.8,3.0,Urban,3.4,0,3306.3,3.7,792515.15
3,2059.8,2.0,Downtown,7.6,2,4431.9,8.19,539134.14
3,2177.9,2.0,Downtown,34.6,2,11283.5,8.96,588591.86
3,2207.0,2.0,Suburban,11.8,1,4539.6,9.71,408141.43
4,2117.0,3.5,Urban,38.7,1,3517.4,5.39,490879.67
3,1838.3,2.0,Downtown,35.3,1,6205.8,2.84,498323.79
1,806.5,1.5,Suburban,37.4,2,2165.6,5.77,122751.38
5,3577.8,3.0,Downtown,34.5,0,3050.9,8.77,854117.46
3,2433.4,2.0,Downtown,35.4,2,3050.3,0.79,619877.25
3,2258.7,2.5,Suburban,27.3,1,4164.8,9.16,417648.53
2,1314.1,2.0,Suburban,33.9,2,13189.8,2.65,292675.15
3,2193.7,2.0,Downtown,26.3,1,5133.3,3.45,562233.84
3,2655.3,2.5,Suburban,10.3,2,4834.2,3.96,514490.91
3,2489.4,2.5,Urban,10.9,1,2763.8,9.18,553290.52
2,1614.4,1.0,Downtown,20.3,1,1225.5,2.17,366627.43
3,1990.8,2.5,Suburban,0.7,1,3245.3,2.62,390329.5
6,4542.3,4.5,Suburban,44.5,2,11121.6,7.45,848244.12
1,739.4,1.0,Suburban,13.4,3,14577.8,9.38,203725.26
5,3322.4,4.5,Urban,2.6,1,11413.4,1.49,878331.83
3,2531.8,2.0,Rural,21.2,2,12945.2,5.46,371119.35
4,3352.0,3.0,Downtown,40.8,1,12014.4,9.19,854475.8
4,2645.6,2.5,Suburban,19.9,2,5144.7,8.92,487528.4
3,1667.7,2.5,Urban,13.1,2,11237.2,9.51,447750.69
4,2706.9,2.5,Urban,27.2,2,11508.2,9.07,611419.18
4,2557.0,3.0,Rural,28.7,2,4619.9,3.49,370055.05
3,2077.3,1.5,Suburban,38.0,2,13889.2,2.48,394546.66
3,2109.9,2.5,Rural,40.0,0,14971.3,9.06,266266.0
3,1794.2,2.5,Rural,35.3,2,8858.2,7.26,305911.74
4,1711.0,3.5,Suburban,0.2,2,5432.3,4.1,419449.76
4,3186.3,3.0,Suburban,0.1,1,6006.5,7.27,623731.34
4,2493.1,3.5,Urban,48.9,1,9154.2,3.42,585862.6
3,2564.6,2.5,Suburban,13.2,2,1108.9,6.02,493419.9
4,2856.6,3.0,Urban,14.1,2,5316.7,2.72,677203.71
2,1294.0,2.5,Suburban,36.6,2,1686.1,5.84,250805.37
3,1705.5,2.0,Downtown,29.1,1,9738.5,9.27,450621.7
1,942.1,1.0,Rural,23.2,1,9456.8,7.83,129770.04
3,2032.9,2.5,Rural,5.8,3,9274.7,6.73,306507.14
3,1773.2,2.0,Downtown,4.1,3,3113.9,2.84,531286.84
3,1957.7,1.5,Urban,35.2,2,14223.8,1.1,470096.04
3,2628.1,2.0,Suburban,6.2,2,8479.2,7.25,505679.81
3,2211.5,2.5,Suburban,21.8,2,8782.1,5.97,450262.67
3,2474.5,3.0,Suburban,36.8,2,8619.6,2.52,482096.24
2,1813.0,1.5,Suburban,46.2,2,8341.8,9.38,321989.89
3,2637.8,2.5,Suburban,43.7,3,14138.0,5.74,500774.23
2,1621.5,2.0,Rural,43.2,2,9428.3,5.93,232502.76
2,1764.4,1.5,Urban,17.9,2,7791.8,3.34,405353.23
3,2026.5,2.5,Suburban,46.4,1,11730.2,8.85,371614.83
3,2031.9,2.5,Urban,34.2,3,4520.5,8.97,452107.82
3,2389.6,2.5,Rural,44.3,2,3688.1,7.29,295830.83
3,1920.3,2.0,Downtown,4.4,3,7149.0,1.44,580830.94
3,1734.0,2.0,Suburban,2.0,2,1219.6,1.3,368679.14
4,2944.2,1.5,Rural,21.5,0,5109.2,4.96,371474.26
3,2423.7,2.5,Urban,41.4,2,6881.0,1.85,529911.45
3,1959.6,2.0,Rural,20.4,2,9101.8,3.65,317535.93
1,623.3,1.0,Downtown,44.2,0,8604.8,2.13,164944.55
3,2004.3,1.5,Rural,11.7,2,6143.6,3.45,309132.97
3,2284.1,2.0,Urban,2.0,2,5805.7,9.46,557531.04
3,2352.2,2.0,Urban,38.1,0,1018.5,7.66,471484.66
3,1719.2,2.0,Suburban,31.3,1,13335.6,1.81,358386.0
3,1770.4,2.5,Downtown,22.0,0,4237.8,6.85,490182.05
3,2082.0,2.5,Suburban,42.3,0,6012.0,0.79,398466.14
4,3008.2,2.5,Suburban,41.2,2,1283.6,9.84,509251.53
4,2837.9,2.5,Suburban,16.2,2,14395.8,5.55,580880.54
4,2275.7,2.5,Urban,41.9,1,7924.0,5.3,498748.52
5,3497.9,4.5,Suburban,17.3,0,1325.8,2.78,659374.57
1,903.7,1.5,Suburban,31.1,0,4516.7,4.85,124387.49
2,1125.2,1.0,Suburban,9.6,3,13309.7,5.5,265551.9
1,852.5,1.0,Downtown,13.2,2,6259.8,6.75,256135.89
3,2510.4,2.5,Downtown,22.4,1,10651.7,0.94,675542.73
4,2770.2,3.0,Suburban,15.7,2,9593.9,3.75,556802.16
2,1582.4,1.5,Urban,6.5,3,7607.1,4.18,414582.73
5,3004.3,4.0,Urban,24.1,2,12665.1,1.92,757164.24
2,1368.8,1.5,Suburban,25.6,1,1565.0,2.78,259066.68
5,3477.4,3.5,Rural,7.9,2,13773.9,2.75,558473.57
3,2183.6,2.5,Downtown,8.7,2,11052.8,8.2,624533.74
2,1548.3,2.0,Rural,1.5,0,13092.0,7.03,243209.3
3,2409.8,2.0,Rural,1.5,3,1237.1,9.27,342282.97
3,2115.5,2.5,Suburban,17.9,2,2187.1,3.44,397553.29
3,1897.8,2.0,Downtown,7.3,2,3882.3,8.88,543491.88
3,1930.9,3.0,Suburban,46.0,2,9309.9,8.71,363430.44
4,1607.3,2.5,Downtown,10.0,1,2293.9,4.76,486096.7
3,2445.9,2.5,Suburban,3.3,2,14041.7,6.48,493652.55
3,2648.0,1.5,Downtown,20.2,1,11480.3,6.18,673934.37
3,1851.0,3.0,Suburban,9.6,2,12306.3,3.42,409739.54
4,2729.8,2.5,Downtown,3.1,1,9173.9,2.99,753624.44
3,1857.1,2.5,Downtown,37.6,1,9833.3,2.11,507110.63
3,2554.1,1.5,Downtown,27.9,3,4094.8,8.46,636476.01
2,1148.0,1.0,Downtown,2.9,2,13740.6,5.57,411590.42
2,1892.8,2.0,Urban,23.4,2,10084.8,3.71,448591.26
3,2105.4,2.5,Suburban,1.9,2,6848.4,5.34,440270.54
2,1585.1,1.5,Urban,17.7,3,13343.4,1.27,431865.91
3,1821.1,2.5,Urban,18.2,3,13093.5,1.51,493163.19
4,2292.8,3.5,Downtown,41.1,2,1007.5,7.71,590088.46
2,1425.3,1.0,Suburban,36.8,3,13947.7,9.06,313253.29
3,1920.0,1.5,Suburban,44.8,1,6088.0,3.54,338099.11
3,2252.3,2.0,Rural,7.0,2,6910.1,4.39,368318.75
5,3947.7,3.5,Suburban,26.7,2,2194.4,4.05,721873.62
3,1679.0,2.5,Suburban,1.0,3,13286.1,5.05,401252.82
4,2289.3,3.0,Urban,41.3,2,8548.9,4.43,556159.11
3,1785.6,2.0,Urban,18.3,1,13679.9,4.17,476246.43
1,1036.5,1.0,Rural,3.5,2,11931.4,6.77,170528.78
3,2298.3,2.5,Suburban,16.2,2,13571.7,3.09,489800.11
5,3291.0,4.0,Downtown,14.3,2,14275.6,9.46,948744.67
3,2286.4,2.0,Urban,38.3,2,13402.7,3.43,513844.81
4,2545.4,3.5,Downtown,6.3,2,3937.7,2.54,718433.66
4,2558.5,3.0,Suburban,27.8,1,1981.6,9.73,455733.53
2,1567.8,2.0,Suburban,39.7,2,9683.5,2.67,324668.74
2,1304.9,2.0,Urban,37.0,0,3170.8,5.6,272638.08
3,2209.7,2.5,Urban,46.8,2,13083.5,3.62,502998.62
3,2180.1,2.0,Downtown,0.0,0,14264.4,1.24,632538.18
4,3296.2,2.5,Rural,17.7,2,2697.9,9.55,429091.27
5,3401.1,4.0,Downtown,18.5,1,4301.8,4.06,901317.6
3,2163.5,2.5,Downtown,1.7,1,9753.2,6.63,612281.0
2,1535.7,2.0,Urban,40.9,2,11153.6,8.69,319871.12
4,2728.4,2.0,Rural,34.4,1,8172.4,5.75,333760.97
3,2270.9,2.5,Suburban,26.4,1,6166.5,7.27,379387.51
4,2783.0,3.0,Suburban,20.3,2,5284.3,7.95,507059.52
3,1998.2,2.0,Suburban,44.8,1,10323.6,4.12,386477.72
3,2669.1,2.0,Downtown,13.2,1,11423.9,6.47,767173.37
2,1271.0,2.0,Urban,16.7,1,5043.7,2.46,343452.31
3,2075.1,2.5,Suburban,47.6,0,5563.9,1.03,368902.66
3,2151.8,2.0,Rural,3.2,2,7440.9,9.87,308415.36
3,2069.6,2.5,Downtown,39.0,1,7303.0,1.38,540533.17
2,1794.4,2.0,Suburban,35.9,2,12797.2,4.57,356910.28
4,1709.0,3.0,Suburban,45.1,2,7116.7,1.14,389407.74
4,2559.2,3.5,Suburban,4.5,3,14697.7,9.27,552992.16
2,1049.3,1.5,Suburban,48.5,0,5353.5,1.54,173022.27
2,1500.2,1.0,Suburban,1.4,3,10699.5,7.97,327136.67
1,1107.8,1.0,Downtown,16.9,1,11625.1,7.3,306247.17
3,2508.7,2.5,Urban,4.2,2,9825.7,0.93,595956.95
3,2098.4,2.5,Suburban,2.6,0,6138.7,7.35,405215.2
3,2416.5,2.5,Suburban,48.2,3,4603.8,9.71,401533.37
2,1340.8,1.0,Suburban,36.0,2,9460.0,5.45,285174.49
3,1929.5,2.0,Suburban,25.3,0,10220.8,3.25,382055.98
3,1304.4,2.0,Urban,5.4,1,4606.7,5.68,355063.91
3,2094.7,2.0,Suburban,26.3,2,5710.8,1.65,390558.41
6,3133.0,4.5,Suburban,16.0,2,13068.9,9.58,660998.1
2,1826.1,2.0,Suburban,13.6,2,12347.2,3.97,416847.63
3,1962.2,2.5,Downtown,30.9,2,3572.9,4.84,533691.8
3,2464.7,2.0,Suburban,39.5,2,14067.0,4.31,478377.01
3,1794.7,2.0,Suburban,22.2,1,9792.5,0.76,390994.3
4,2807.2,3.5,Downtown,24.7,1,7954.6,0.83,808193.94
3,2602.4,2.5,Urban,32.6,0,3812.1,5.84,557868.18
6,4149.8,4.5,Suburban,6.2,1,11222.7,5.27,846200.95
2,1421.4,1.5,Rural,41.4,1,13891.1,9.87,214047.13
2,1602.5,1.0,Suburban,41.8,2,1909.3,3.0,255366.48
4,2182.6,3.0,Rural,27.1,2,8290.4,4.0,341185.56
3,1616.9,1.5,Suburban,9.4,1,13279.8,9.88,350983.71
3,2527.2,3.0,Downtown,25.0,2,14335.3,0.95,742042.1
2,1566.7,1.0,Downtown,5.3,1,2010.0,6.61,399558.6
2,1648.8,2.0,Downtown,38.2,3,12074.8,1.47,480044.9
4,3601.5,3.5,Downtown,15.6,2,4939.7,9.49,892276.33
2,1496.3,1.5,Suburban,15.6,2,8581.1,3.24,320648.03
3,2512.1,2.0,Suburban,47.3,2,11972.3,8.23,453593.43
2,1283.0,1.0,Downtown,21.1,1,8631.9,9.16,333968.65
3,1904.7,2.0,Suburban,39.5,1,2540.8,8.55,351669.13
2,1698.1,2.0,Suburban,31.9,2,9267.5,5.79,332912.84
3,2334.5,2.5,Suburban,15.8,3,2649.4,9.75,428033.72
2,1619.7,1.5,Downtown,6.2,1,5864.2,6.93,445394.75
4,3145.3,3.5,Rural,39.9,2,8815.2,7.97,440784.86
2,1349.3,2.0,Suburban,38.1,2,14879.8,2.82,312600.71
3,2287.4,2.0,Suburban,8.5,2,11177.0,4.47,460969.18
4,1638.7,3.0,Downtown,12.5,2,5246.2,6.18,500980.48
3,1614.4,2.0,Suburban,38.3,1,13271.7,1.89,326529.11
3,2298.6,2.0,Suburban,49.2,2,4166.1,9.67,355799.62
3,1783.1,2.0,Rural,42.2,1,6375.9,1.54,240496.51
3,2264.7,2.5,Rural,34.2,2,10058.3,7.46,348265.38
3,1755.1,2.0,Suburban,45.8,1,6747.9,1.05,312583.24
6,5000.0,4.5,Urban,14.3,0,11214.1,1.48,1122111.95
3,2314.0,2.0,Suburban,0.5,0,10108.5,6.42,446549.99
3,1860.5,2.0,Downtown,16.0,2,10342.0,4.8,549999.11
4,2546.1,3.0,Urban,48.6,0,6883.7,0.53,546251.91
3,2418.5,1.5,Downtown,44.1,1,1771.8,4.24,549086.24
2,1874.4,1.0,Urban,2.5,1,13217.9,2.88,466002.13
3,2342.7,2.0,Downtown,25.1,0,2036.3,8.78,547701.71
5,4642.5,3.5,Suburban,4.0,2,7496.5,7.23,868428.03
2,1379.4,1.0,Suburban,39.5,2,5227.2,7.51,257068.47
3,2149.8,2.5,Suburban,18.6,3,5148.6,9.53,421268.98
2,1452.6,2.0,Urban,45.6,3,4172.7,7.24,298950.16
3,2488.0,2.0,Suburban,2.7,0,4803.1,2.03,479843.99
2,1374.0,1.5,Rural,36.7,1,14374.8,9.4,197032.8
3,2143.4,2.0,Suburban,20.0,1,14608.7,1.57,445833.88
4,2958.9,2.5,Urban,13.4,2,8992.9,2.33,718028.45
3,2220.2,2.5,Urban,25.9,1,8345.2,3.21,535451.36
3,1866.7,2.5,Suburban,24.3,2,1677.1,2.16,345421.42
4,2417.2,2.5,Urban,17.4,2,12252.3,0.67,642845.58
5,3551.8,3.5,Suburban,32.4,1,3387.7,4.86,645022.84
2,1344.3,1.5,Downtown,33.1,2,2996.2,7.04,326841.3
3,1741.1,3.5,Downtown,3.9,0,6937.0,4.5,517882.2
2,1599.7,1.5,Urban,29.8,2,5865.6,2.73,371029.73
6,3093.1,3.5,Downtown,35.5,1,2352.9,8.89,775236.06
5,3408.8,3.0,Downtown,3.8,1,3071.1,4.19,917555.01
3,2098.6,2.5,Suburban,33.0,1,14892.7,8.47,439909.59
4,2719.4,4.0,Suburban,40.2,2,11287.6,2.2,548203.8
3,2462.3,2.0,Urban,41.6,2,9379.8,3.67,558731.74
3,1988.8,2.0,Downtown,2.1,2,5250.6,8.13,559032.35
2,1893.9,1.5,Downtown,34.9,1,6998.2,0.79,453347.12
4,2651.7,2.5,Suburban,39.8,1,9791.8,9.24,484054.15
2,1827.2,1.0,Suburban,19.8,0,11979.9,4.27,335872.31
4,3083.5,3.5,Urban,27.1,2,14249.7,9.79,744111.46
4,2199.3,3.0,Suburban,13.3,1,2717.5,7.16,424494.8
4,1923.0,3.5,Rural,15.5,1,3683.0,9.52,301026.92
1,1053.7,1.0,Downtown,25.1,1,8946.0,1.13,272821.48
3,2078.3,2.5,Suburban,7.6,2,14138.9,7.36,458673.58
3,2285.7,2.5,Urban,18.5,1,7335.6,8.82,516777.11
3,1940.1,2.5,Urban,15.1,3,9875.3,9.88,488200.64
2,1207.3,1.5,Rural,11.9,2,5112.2,0.82,197144.23
5,4071.7,4.0,Suburban,24.2,0,12364.3,1.29,775924.12
3,1427.7,2.5,Suburban,41.9,1,9473.7,7.45,283369.05
3,2420.5,2.5,Rural,12.1,0,6345.3,0.87,345686.05
3,1554.1,1.5,Downtown,33.0,1,8596.7,0.61,415430.8
3,1899.3,1.5,Downtown,12.7,1,10726.6,5.68,513746.72
3,1890.0,1.5,Suburban,7.1,2,3989.2,5.53,362145.54
3,1816.6,2.5,Downtown,47.2,2,5780.2,6.33,461836.67
5,3307.1,3.5,Suburban,31.7,0,4507.1,0.63,568988.03
3,2577.8,2.5,Rural,5.2,2,14442.2,5.28,404423.63
6,3991.0,4.5,Suburban,31.6,3,1601.6,3.22,795044.01
4,2911.2,2.5,Urban,8.8,2,1790.2,7.68,660283.3
2,1209.4,1.5,Suburban,44.4,3,5980.3,3.81,227026.44
5,3544.1,3.5,Suburban,12.4,1,8532.4,3.89,679663.51
2,1931.8,1.5,Downtown,40.3,2,5604.6,6.72,433249.42
4,2584.4,3.5,Suburban,10.0,2,12997.1,6.78,568000.13
3,1992.8,3.5,Downtown,27.9,3,3371.4,1.05,587704.27
4,2411.5,3.5,Urban,45.6,1,6104.8,6.45,519488.08
4,2555.7,3.0,Urban,14.8,3,7831.3,6.75,644237.12
4,1671.8,3.5,Suburban,4.1,2,3830.3,4.85,401044.23
4,2747.2,3.5,Downtown,27.6,1,5061.3,8.36,708130.93
3,1910.3,1.5,Downtown,8.6,0,14263.7,0.59,561702.69
2,1356.7,2.0,Suburban,36.4,1,8283.2,9.7,249220.04
3,2431.8,2.5,Urban,29.5,0,13175.3,4.07,566300.77
2,1423.5,2.0,Suburban,17.3,2,4771.1,6.16,267118.65
3,2024.2,2.5,Suburban,35.3,2,9573.2,0.83,417141.38
3,2399.5,2.0,Rural,11.9,2,11685.4,7.23,359588.83
5,2473.9,4.5,Downtown,45.9,2,6902.2,5.67,720702.13
3,1688.2,2.5,Suburban,17.3,3,9746.0,9.62,378223.64
4,2949.1,3.0,Suburban,38.1,0,13085.1,4.51,555261.02
2,2147.8,1.5,Suburban,12.9,1,2971.0,7.36,385636.91
4,2217.5,3.5,Rural,35.7,2,5966.4,1.21,316868.75
5,3328.3,4.0,Suburban,1.6,0,12534.7,1.11,687734.32
3,2159.2,2.5,Downtown,14.8,0,4232.5,9.52,532930.82
3,1824.0,2.5,Downtown,4.6,2,8785.6,2.91,560107.45
4,2987.2,2.5,Suburban,22.6,2,7132.2,9.17,546044.85
2,1682.4,1.0,Suburban,21.8,2,10308.6,1.33,315634.57
3,1862.4,1.5,Rural,18.0,3,10352.1,6.56,303149.54
3,2710.5,3.0,Suburban,49.1,1,9098.7,5.74,494561.03
2,1802.3,1.5,Urban,12.2,3,14254.9,9.68,445144.08
3,2014.7,1.0,Downtown,39.6,0,3454.6,4.34,415785.74
2,1260.6,1.5,Downtown,22.4,2,12691.2,0.96,395507.07
1,848.8,1.0,Suburban,16.7,1,7851.9,5.0,169643.81
2,1499.1,1.0,Rural,10.2,3,10265.4,8.33,254648.39
5,3709.7,3.5,Suburban,31.7,1,4832.5,1.0,678373.75
3,2084.8,2.0,Suburban,16.7,2,2324.6,0.84,416986.11
5,2161.6,3.5,Suburban,40.6,1,11887.9,8.31,438482.07
3,2399.0,2.5,Suburban,48.4,1,4524.5,8.33,410553.26
3,2133.1,2.0,Downtown,11.4,0,6464.1,2.4,584512.2
3,1903.5,2.0,Urban,6.4,2,1665.3,6.75,451621.42
3,2337.6,2.5,Suburban,15.8,1,10102.9,1.11,457677.8
2,1807.4,1.5,Suburban,23.4,2,10624.3,7.77,340729.84
3,1124.7,1.5,Suburban,15.0,0,13623.2,3.4,274078.53
2,1681.5,1.5,Downtown,48.5,2,13474.3,2.69,425097.87
3,1616.4,2.5,Suburban,39.0,1,10871.9,6.94,332784.72
3,2123.5,2.0,Suburban,48.3,2,5509.8,9.16,344116.23
2,1472.8,2.5,Downtown,18.7,3,6244.8,0.89,438418.26
2,1663.5,1.5,Urban,15.2,3,6343.8,1.87,401534.84
4,2512.8,2.5,Suburban,20.4,1,2814.9,2.93,461695.43
3,1601.3,2.0,Rural,26.1,0,14262.0,9.31,244678.43
2,1544.7,2.0,Urban,37.1,0,12454.3,8.83,343207.9
6,4339.8,4.0,Suburban,44.1,2,3033.8,9.12,774205.05
2,1745.9,1.5,Downtown,23.2,1,14250.5,4.09,476080.19
3,1588.0,2.0,Urban,14.5,1,12805.1,2.7,444451.43
6,4475.9,4.5,Suburban,15.9,1,13863.9,2.32,888251.41
2,1219.8,1.0,Suburban,34.8,2,4999.0,8.88,221006.98
2,1827.0,1.5,Downtown,28.4,3,5698.0,2.7,450255.29
2,1696.1,1.0,Suburban,24.3,2,7579.0,5.54,320195.93
3,2252.2,2.5,Suburban,10.1,2,4138.8,3.65,436755.7
2,1807.1,1.5,Suburban,43.8,2,7515.9,5.24,326930.85
3,1769.5,2.0,Rural,39.1,2,1128.8,3.78,262645.61
2,1418.9,1.5,Suburban,7.0,2,13285.5,3.28,309907.06
3,1915.9,3.0,Urban,18.4,0,3272.1,4.56,452801.23
6,5000.0,4.5,Suburban,27.1,0,8011.9,3.66,909380.06
4,2222.6,3.5,Downtown,22.7,2,14003.6,8.48,648207.94
3,2754.2,1.5,Urban,19.9,1,12493.8,6.02,627075.39
3,2692.4,2.0,Suburban,35.9,2,11865.7,2.17,535510.09
3,2362.8,2.5,Urban,2.7,2,9476.2,2.74,625690.54
3,2148.0,2.0,Suburban,23.6,2,7107.8,1.01,427081.32
3,1935.1,2.5,Suburban,13.1,2,7244.5,3.35,384147.72
2,1446.3,1.0,Suburban,4.2,1,2217.5,6.86,259710.87
4,2388.7,2.5,Urban,23.2,1,1907.0,2.24,535230.15
3,2072.6,3.0,Suburban,8.6,1,12808.1,1.44,475046.58
2,1849.1,2.0,Urban,12.9,0,6721.1,3.55,418591.08
3,1923.0,2.5,Downtown,25.4,0,1756.2,6.32,444687.5
3,1967.2,2.5,Urban,48.7,0,10282.8,4.99,436824.94
4,2025.0,3.0,Suburban,34.2,1,10566.2,3.66,419026.32
4,2555.3,2.5,Suburban,14.0,1,4184.2,8.89,490374.01
4,2573.6,3.0,Downtown,19.1,1,6750.1,4.95,707354.11
1,958.8,1.0,Suburban,20.3,2,9027.9,4.82,208637.08
3,2270.2,3.0,Suburban,7.7,2,9347.9,0.8,488270.93
3,2064.4,1.5,Suburban,8.0,1,8155.6,6.57,403785.83
1,842.1,1.0,Rural,7.4,2,6098.8,4.86,124074.65
3,1874.9,2.0,Urban,26.1,0,1963.5,1.88,406679.66
4,2943.7,3.5,Rural,33.7,3,1312.0,2.82,413493.02
2,1457.9,2.0,Suburban,29.5,1,7433.5,2.42,291560.79
3,2533.5,2.5,Downtown,48.9,2,3841.2,1.66,607005.1
2,1693.9,1.5,Suburban,6.3,1,14138.8,4.64,381947.52
1,991.0,1.0,Suburban,49.3,3,9965.8,3.95,188131.87
2,1808.7,1.5,Suburban,23.3,2,9197.1,3.92,362234.32
5,3567.7,4.0,Urban,10.9,1,6691.7,2.89,841770.1
4,3204.1,3.0,Urban,47.2,1,5613.4,4.65,684494.72
5,3508.2,4.0,Downtown,23.4,0,3517.3,5.7,872774.63
3,1402.9,2.5,Urban,17.4,1,1842.0,6.31,333430.91
2,1403.2,1.0,Suburban,10.7,1,9883.0,2.59,277837.79
3,2113.4,2.5,Suburban,13.4,2,11908.8,7.41,436202.22
3,2312.3,2.5,Suburban,49.0,0,13008.7,0.76,445959.34
4,2922.1,3.0,Suburban,15.2,2,11140.3,7.63,558173.18
2,1465.2,1.5,Urban,48.9,2,13557.3,3.19,353924.03
3,2058.0,2.5,Urban,16.5,1,14759.3,4.02,533933.48
2,1531.2,1.0,Suburban,11.6,1,14463.4,6.02,337473.32
3,2464.4,1.5,Urban,9.2,2,9291.2,6.3,539368.57
4,2890.8,3.5,Suburban,20.6,0,4138.8,4.5,548508.75
3,1838.1,2.0,Urban,11.8,1,2489.0,9.41,410737.03
3,1710.0,2.0,Suburban,34.8,2,14914.9,8.65,352465.01
3,2053.5,2.0,Urban,12.0,1,5317.5,2.64,502366.99
3,1933.8,3.0,Suburban,41.8,1,1475.6,6.09,308662.61
4,2714.8,3.0,Downtown,41.7,2,6474.6,7.35,702270.04
4,2304.6,3.0,Suburban,14.3,3,11473.4,2.56,526906.05
5,2392.6,4.0,Suburban,37.7,2,13471.2,0.68,505452.8
4,2371.8,4.0,Suburban,42.9,0,7685.9,9.77,451413.21
3,2706.5,2.5,Downtown,29.5,1,5116.4,9.6,665064.37
3,1539.5,2.0,Urban,18.3,2,11897.7,3.54,384898.07
3,2665.2,2.5,Downtown,22.0,3,8052.8,2.77,748558.74
3,2189.9,1.5,Rural,39.3,1,2204.4,1.97,263484.96
4,3014.8,3.0,Downtown,14.7,2,13428.5,7.03,874647.76
1,1009.8,1.5,Rural,16.7,2,10181.3,7.68,171351.02
5,2532.1,4.0,Rural,8.0,3,1515.4,4.49,409232.21
3,2291.0,2.5,Suburban,20.0,0,1126.8,2.81,424844.47
3,2092.7,2.5,Rural,4.3,1,2228.1,4.76,318804.98
3,1644.7,2.0,Rural,16.1,2,12507.4,5.41,243747.99
4,3125.4,3.0,Downtown,18.7,2,7738.3,5.66,815581.99
3,1515.4,2.5,Rural,12.8,2,5694.2,4.71,246519.25
3,1591.4,2.0,Downtown,5.1,3,4490.1,0.54,486784.17
2,1549.4,1.0,Downtown,26.1,2,8096.0,4.98,431995.54
3,2216.4,2.5,Suburban,43.3,0,2162.6,3.8,356931.15
2,1665.6,2.5,Downtown,16.8,2,9640.5,5.79,492943.92
4,2600.1,3.0,Downtown,11.8,1,6327.4,1.16,741258.7
3,2921.8,1.5,Rural,14.3,3,13018.2,8.85,455697.68
3,2045.6,2.5,Rural,43.1,1,11562.0,8.82,302664.85
1,778.0,1.5,Urban,26.4,2,1257.1,5.86,156046.53
2,1341.2,1.5,Suburban,6.5,1,3331.0,7.5,263477.39
4,2642.4,3.5,Rural,35.5,2,7636.5,4.66,398161.3
2,1505.9,2.0,Downtown,7.7,1,10221.5,6.11,457013.51
2,1690.3,2.0,Rural,3.0,2,11011.8,6.37,260173.37
1,733.2,1.0,Suburban,12.8,2,12427.4,3.86,218830.17
5,3182.3,4.0,Rural,8.4,0,1689.1,9.63,430028.89
4,3016.1,3.0,Urban,30.2,2,1258.8,6.22,661412.88
3,2201.3,2.0,Rural,24.2,3,9407.1,9.91,307007.75
3,2131.5,2.0,Rural,36.2,1,11133.6,4.61,307326.07
3,2280.4,2.5,Rural,25.6,1,12013.7,0.81,341918.74
4,2285.1,2.5,Suburban,21.0,2,3180.0,3.37,426802.8
3,2578.4,2.5,Urban,26.3,2,14562.3,6.68,575629.73
2,1848.9,1.0,Urban,21.7,2,4212.0,9.15,393076.18
2,1259.0,1.5,Downtown,1.9,2,4504.6,6.34,364117.29
2,1319.0,1.5,Suburban,34.0,0,3160.0,4.98,216870.98
3,1680.1,2.0,Downtown,48.1,3,1605.5,1.27,458126.87
4,3266.5,2.0,Rural,21.1,1,12336.1,1.88,474090.23
3,1617.3,2.0,Downtown,21.2,1,1079.0,1.01,389209.82
1,616.7,1.0,Rural,2.3,1,7492.9,7.26,90137.94
2,1720.0,2.0,Suburban,44.5,1,2287.5,8.4,243715.41
5,3249.7,3.5,Downtown,46.5,2,1627.1,2.06,816726.66
3,2132.2,3.0,Rural,40.7,2,14085.2,3.59,325239.05
4,2191.8,3.0,Downtown,5.3,2,12555.6,5.05,728451.48
3,2559.2,2.5,Suburban,45.0,0,6528.3,1.86,460234.2
3,1969.2,1.5,Urban,1.2,2,7420.3,4.45,491753.49
2,1517.5,1.5,Suburban,22.2,1,13153.6,9.68,304603.72
2,1571.9,1.5,Suburban,25.0,0,12155.7,7.33,302032.52
3,2171.4,1.5,Urban,41.7,2,10682.6,2.09,462172.17
4,2919.4,3.0,Rural,37.5,0,8511.9,1.44,383787.31
3,1837.2,2.0,Downtown,39.9,0,9509.5,4.73,476044.51
3,1791.6,2.0,Downtown,43.4,0,6507.0,9.89,418586.5
1,1030.4,1.0,Suburban,23.8,1,8393.4,8.04,189168.56
5,2687.0,3.5,Suburban,39.0,1,8555.8,3.28,552754.82
4,2531.2,3.0,Suburban,3.4,1,13107.8,0.75,540428.14
3,2286.9,2.0,Suburban,22.2,2,4061.2,4.41,419482.14
5,2605.7,4.0,Suburban,1.5,0,4452.7,2.03,550520.78
3,2450.1,2.0,Rural,45.8,2,3953.1,2.21,294811.47
3,2461.1,2.0,Downtown,47.9,1,9108.3,2.04,590122.69
4,2113.2,2.5,Downtown,4.2,2,10732.2,7.34,664586.76
4,3421.4,3.5,Urban,26.6,0,4339.0,0.84,745128.74
3,1845.1,2.5,Downtown,16.3,1,10477.5,5.86,531264.24
2,1937.8,2.0,Urban,17.1,0,9793.3,7.65,435454.49
3,2082.6,3.0,Suburban,22.5,1,5495.1,1.99,387736.29
5,3494.8,3.5,Suburban,6.3,1,4217.5,8.98,657005.09
2,1547.6,1.5,Suburban,9.0,2,13345.3,1.24,341687.35
3,1830.5,2.5,Suburban,28.9,1,8975.4,6.99,364029.25
3,1809.2,2.5,Urban,0.9,2,10854.6,2.13,470409.06
3,1513.5,2.0,Rural,30.0,1,13954.7,8.16,225005.39
3,2161.2,2.5,Suburban,15.9,0,3875.6,5.93,390622.4
5,3568.1,4.0,Suburban,41.6,1,5907.8,6.1,646233.03
2,1519.6,1.5,Downtown,30.0,2,7082.3,3.79,420921.19
2,1344.9,2.0,Urban,35.4,3,4260.5,3.19,306236.54
2,1406.4,1.5,Suburban,5.7,1,12765.9,4.9,357074.39
4,2172.7,3.0,Downtown,13.3,1,2167.6,7.7,602338.68
3,2517.4,2.5,Downtown,49.8,0,4348.2,2.1,585661.27
3,2074.2,3.0,Downtown,21.7,2,3674.5,8.25,568436.67
4,2724.6,2.5,Downtown,17.9,1,14347.5,5.06,778829.51
4,2277.6,2.5,Urban,43.7,2,9783.0,4.8,524230.72
4,3009.2,3.5,Rural,1.7,3,11027.0,0.66,503200.76
5,2965.4,4.0,Urban,26.7,2,2517.9,1.68,687876.66
3,2323.8,2.5,Suburban,10.5,2,3716.1,4.6,460717.95
4,2935.1,3.5,Suburban,18.4,2,12338.4,9.82,587075.69
3,2126.1,2.5,Suburban,10.0,2,8948.2,2.88,451501.38
4,2843.2,3.0,Suburban,1.9,0,1631.7,0.6,548887.99
4,2270.2,3.5,Suburban,20.8,2,8919.4,4.64,482233.15
4,2283.2,3.0,Downtown,39.5,2,7655.4,0.65,670191.54
3,1965.6,2.0,Suburban,47.6,2,3151.7,3.69,334147.08
2,1772.7,2.0,Suburban,31.2,1,9301.2,3.86,323035.89
3,2255.3,2.5,Downtown,19.4,1,3433.4,0.52,600219.17
6,3982.5,4.5,Downtown,38.5,2,12360.3,7.91,1102828.0
5,3320.9,4.5,Suburban,25.3,1,9658.9,9.17,651706.05
1,1098.1,1.5,Suburban,18.4,2,13198.4,9.99,233905.05
2,1849.4,2.0,Suburban,9.0,3,6945.3,5.33,372030.86
2,1784.5,2.5,Downtown,39.8,2,8166.9,3.41,471444.94
4,2013.5,3.0,Downtown,25.0,0,11648.2,7.32,593366.65
4,954.9,3.0,Downtown,48.2,2,8647.9,7.5,318315.23
2,1469.6,2.0,Rural,40.1,2,9007.8,4.1,217908.06
3,1457.2,2.0,Suburban,21.0,1,8746.7,5.87,292495.15
4,2582.8,3.0,Downtown,37.0,0,7878.4,8.31,667725.78
4,2718.1,2.5,Urban,22.7,1,12279.8,2.3,666915.77
3,2575.7,2.5,Downtown,4.0,0,7793.0,0.69,692907.69
3,2373.3,1.5,Suburban,25.8,0,13611.1,5.63,426696.73
3,2200.4,2.0,Downtown,43.3,3,12320.6,6.81,580052.72
3,2290.6,2.0,Rural,42.8,2,10694.2,5.96,333229.72
3,2223.7,2.0,Rural,28.7,2,13581.2,6.16,316401.71
3,2033.5,1.5,Urban,19.0,1,8519.3,4.23,461499.93
4,3149.5,2.5,Urban,0.5,0,12505.8,6.69,721867.91
3,1789.7,2.0,Suburban,15.6,2,4385.5,0.91,391367.08
4,2713.9,3.0,Rural,49.5,2,2021.7,1.94,356913.9
2,1125.5,1.5,Suburban,36.3,3,10590.0,4.73,267363.59
3,2500.0,2.0,Downtown,35.9,2,5222.5,9.46,606756.14
1,1103.6,1.0,Downtown,38.1,2,9884.5,6.62,270314.8
2,1614.2,1.5,Downtown,31.0,1,2083.5,3.88,393683.05
4,1719.0,2.5,Suburban,29.3,1,14379.1,4.85,379088.84
6,3550.9,3.5,Downtown,22.7,1,8211.6,8.53,972709.44
2,1798.6,1.5,Urban,22.2,0,1133.4,5.65,349000.35
3,2122.6,2.0,Suburban,43.5,2,7665.1,0.95,390250.15
4,2925.4,3.5,Rural,19.7,3,12056.1,4.46,449088.06
2,1317.7,1.5,Suburban,42.0,1,13113.1,4.19,275457.76
3,1898.3,3.0,Suburban,41.9,2,7457.7,9.05,364942.73
4,3311.4,3.0,Suburban,38.5,0,2763.1,3.4,560505.05
3,2004.8,2.5,Rural,1.9,2,13686.4,1.11,324546.74
2,1532.1,1.5,Downtown,7.4,2,14736.4,3.87,491573.33
3,2166.0,3.0,Downtown,15.7,1,1884.7,0.92,576852.46
4,2222.1,3.0,Urban,42.4,2,2092.9,8.41,456985.99
3,2666.5,2.5,Urban,43.7,1,8918.3,6.11,583104.54
1,1054.4,1.0,Suburban,2.1,1,8474.6,4.96,203952.35
4,3716.6,3.0,Suburban,16.2,2,9241.2,3.92,678949.34
1,791.0,1.0,Suburban,42.5,1,5439.6,4.47,120111.09
4,3160.2,3.5,Downtown,12.5,2,1704.8,7.98,825303.24
2,1189.3,1.0,Rural,48.8,2,9124.9,2.21,150967.26
5,3421.0,3.5,Suburban,24.5,1,3120.2,1.18,646720.22
3,2255.5,2.0,Suburban,46.9,1,5777.6,5.84,379435.03
3,1634.3,1.5,Urban,21.4,1,9154.3,8.66,411649.22
2,1502.6,1.5,Downtown,16.2,1,3918.8,5.84,382874.14
3,2228.4,1.5,Downtown,18.1,2,8594.5,8.06,570142.18
4,2778.1,2.0,Suburban,44.2,0,11006.1,8.98,487615.77
6,4245.6,4.5,Urban,16.5,2,1920.9,1.23,984751.74
3,2446.5,2.0,Suburban,33.5,1,9672.6,6.1,439464.24
3,1918.1,2.0,Downtown,23.5,0,8132.1,8.41,468711.86
4,2917.9,3.0,Suburban,47.1,2,2364.2,6.61,533897.12
4,2777.3,2.5,Downtown,8.0,2,10888.8,6.12,768102.23
3,2181.2,3.0,Downtown,21.4,3,5352.5,7.99,620597.58
3,2032.7,2.0,Suburban,6.2,2,3552.2,7.22,414238.56
3,2308.9,3.0,Downtown,28.9,1,4954.4,5.27,597127.06
3,2049.9,1.5,Urban,20.1,3,8646.8,0.92,515817.68
1,904.0,1.0,Suburban,3.0,1,9120.8,6.33,211640.11
3,1981.2,2.5,Urban,42.5,2,3375.1,2.53,421062.38
3,2045.5,2.0,Suburban,18.8,1,14112.9,2.91,447748.82
4,2495.2,2.5,Rural,24.7,0,5605.2,6.96,346316.37
2,1306.7,1.0,Downtown,20.4,2,4756.1,4.8,313463.97
3,1413.4,2.5,Downtown,24.4,1,3614.1,7.31,390691.15
3,1794.1,2.5,Rural,0.8,1,2687.4,4.23,267829.12
3,2239.4,2.5,Urban,40.8,2,14749.1,8.77,530210.77
2,1286.4,1.5,Downtown,16.6,1,10446.1,4.56,369572.57
3,1927.8,2.0,Downtown,36.2,0,12018.4,5.19,497911.34
3,1898.6,2.0,Rural,3.2,1,6620.8,1.7,280426.24
3,2228.2,1.5,Downtown,26.2,2,6804.6,5.28,578709.62
3,1956.8,2.0,Rural,45.4,0,14816.5,2.78,287621.88
3,2731.3,3.0,Rural,19.9,2,3809.7,7.75,378954.56
4,3303.4,2.5,Downtown,9.9,0,5577.1,7.28,831798.21
3,2393.8,2.5,Urban,5.0,0,3732.3,0.65,552724.71
4,3391.5,3.5,Suburban,43.0,1,4956.7,5.19,617845.26
3,1881.5,2.5,Urban,11.9,2,10290.0,0.93,484958.81
2,902.6,1.5,Suburban,48.8,1,5324.8,5.91,128881.34
2,1455.3,1.5,Downtown,12.4,1,13257.3,9.07,404875.33
3,2637.3,2.0,Urban,24.0,2,1681.1,8.74,523567.99
4,2623.8,2.0,Downtown,22.9,2,5966.1,2.82,684844.44
4,1912.8,3.0,Rural,3.1,2,13049.9,1.83,363908.12
4,2428.2,3.0,Suburban,26.6,0,9699.3,8.02,439720.41
3,1940.1,2.0,Downtown,33.6,1,11793.4,5.69,521667.36
3,2054.4,2.0,Downtown,37.1,2,5531.0,4.53,537385.57
2,1811.5,1.5,Rural,26.1,2,6170.3,8.2,243631.07
3,1849.8,2.0,Suburban,40.6,0,13435.2,2.9,369541.88
3,2300.2,3.0,Rural,37.6,2,11494.1,2.63,336896.9
2,1455.0,2.0,Downtown,9.7,2,6379.6,6.31,417670.36
2,1554.1,2.0,Suburban,20.1,1,4015.0,3.09,289285.17
3,1805.8,2.0,Rural,7.1,1,2488.1,4.55,272231.89
4,2346.3,3.0,Downtown,6.7,2,13065.6,4.82,765991.43
6,3346.5,4.0,Suburban,35.6,3,10767.1,2.45,686811.25
5,3655.9,4.0,Rural,26.5,2,9502.8,1.09,538050.0
3,1799.3,2.0,Suburban,30.0,1,11872.2,7.78,338425.12
3,1986.9,2.0,Urban,36.6,0,13809.9,7.94,471799.5
3,1954.9,2.0,Urban,13.9,2,11662.2,6.18,485681.9
4,3475.2,3.0,Suburban,20.1,1,6889.2,1.91,640076.97
2,1788.4,2.5,Urban,30.3,1,3470.6,5.02,382180.89
3,2453.2,2.5,Suburban,4.8,2,10993.5,2.19,541287.17
4,3020.2,3.5,Urban,41.7,1,4454.1,8.87,633312.3
3,1577.7,2.5,Downtown,17.2,0,11956.6,7.12,468560.74
3,2323.6,2.5,Rural,32.9,2,5742.2,0.8,294211.77
3,2199.7,2.0,Urban,49.8,2,3194.8,0.52,476349.89
2,1546.7,1.0,Suburban,23.8,2,4565.1,9.85,262574.46
3,1831.2,2.0,Suburban,10.8,2,4732.9,0.88,393348.62
3,2356.9,2.5,Suburban,10.8,1,6303.2,8.73,456248.18
1,780.0,1.0,Urban,3.0,1,4602.1,9.58,184470.16
1,957.8,1.0,Rural,38.4,2,4157.8,3.43,113623.54
4,2219.1,2.0,Downtown,14.7,0,6484.5,5.63,592056.33
3,2234.8,2.5,Rural,8.6,2,13153.4,6.65,334654.13
3,2498.4,2.5,Downtown,35.7,2,1986.4,5.44,619053.27
3,2193.4,1.5,Suburban,15.5,1,5147.4,2.53,416992.13
5,3526.3,4.0,Suburban,30.0,2,8872.3,6.02,684217.55
3,2570.1,3.0,Suburban,20.9,1,13242.7,2.96,519415.33
3,1813.9,3.0,Suburban,16.7,1,4977.8,2.07,366755.6
4,2226.4,3.0,Urban,24.5,1,5882.4,5.3,523196.18
4,3234.7,3.5,Suburban,15.7,2,12171.3,4.03,635698.01
2,1509.4,2.0,Downtown,43.5,1,6215.2,0.76,376365.74
4,2706.7,3.0,Suburban,3.7,2,12921.8,9.52,596013.91
3,1943.3,3.0,Urban,1.5,2,7373.8,0.88,525379.55
3,2455.5,2.0,Rural,20.3,0,8967.4,9.08,338327.52
2,1564.7,1.5,Downtown,8.6,2,8852.3,2.3,465536.45
2,1133.0,1.5,Rural,37.2,1,2670.3,1.85,149525.71
4,2596.1,3.0,Suburban,17.7,1,5969.2,1.16,516186.46
3,1822.1,2.5,Downtown,13.1,2,4382.2,4.54,519859.4
3,2144.2,2.0,Rural,18.0,3,10562.3,6.08,338784.74
4,2201.1,3.0,Downtown,11.0,0,14071.1,9.09,638253.33
4,3309.9,3.5,Urban,15.0,2,3973.9,7.95,724256.25
2,1352.3,2.5,Urban,28.4,2,2277.6,2.02,325262.44
3,1881.0,1.5,Suburban,43.2,2,8092.3,2.09,366624.05
2,1347.9,2.5,Urban,18.5,0,6471.7,0.58,326397.58
4,2823.5,3.0,Suburban,16.0,2,1500.0,7.03,540581.86
3,1699.4,2.5,Downtown,39.1,0,13902.7,0.67,502116.93
5,3112.3,4.0,Urban,1.1,0,14162.1,1.82,821602.92
2,1426.7,2.0,Rural,15.1,2,12905.8,6.53,266695.77
2,1979.0,1.0,Suburban,22.6,2,4927.3,1.93,365211.98
3,2473.4,2.0,Rural,30.0,2,2714.0,1.96,332176.44
3,2398.6,2.0,Suburban,7.8,0,9294.9,2.72,440543.0
2,1490.8,1.5,Suburban,21.6,1,4941.2,4.16,290113.15
5,2463.5,4.5,Urban,28.3,0,3824.0,0.57,620236.48
2,1528.8,1.5,Downtown,25.5,1,9978.3,7.59,399740.42
3,2470.7,1.5,Rural,28.7,2,11505.3,7.85,348691.51
4,1960.5,2.5,Urban,33.1,2,8382.0,3.98,465435.28
3,2105.9,1.5,Rural,19.0,1,5479.9,8.08,274802.26
4,3666.9,3.0,Suburban,3.2,2,8175.3,3.21,691412.66
2,1763.2,2.0,Rural,2.8,1,9396.3,9.86,268705.02
3,2375.6,2.0,Urban,42.9,2,1726.4,4.28,479893.42
1,835.7,1.0,Suburban,33.9,2,7213.4,6.85,169356.46
2,1418.1,1.5,Rural,38.2,1,9376.6,3.56,201187.33
5,3147.7,4.0,Suburban,46.4,1,2812.8,4.78,578749.83
2,1464.2,1.5,Suburban,37.5,2,7283.7,6.63,265652.53
3,2377.7,2.5,Downtown,34.6,2,5854.2,3.8,642372.75
3,2181.7,3.0,Rural,32.8,1,13150.4,6.74,347719.72
3,2688.2,2.5,Downtown,12.9,0,7851.4,1.89,709816.69
4,2365.6,3.5,Downtown,47.9,3,6967.9,5.1,655994.79
1,890.5,1.0,Downtown,27.1,2,4414.3,3.09,252822.42
3,1873.9,2.0,Suburban,11.1,2,14404.6,9.24,386004.34
5,2494.4,3.5,Suburban,10.5,2,14456.3,8.33,558562.81
3,2257.5,2.0,Urban,40.8,2,6134.6,5.13,480405.09
5,2172.8,3.5,Suburban,12.5,3,14006.6,4.81,540856.87
2,1675.2,1.5,Urban,2.1,2,9660.4,8.42,422857.34
3,2265.7,2.0,Downtown,21.4,1,11934.7,7.06,586527.04
3,2055.7,3.5,Downtown,40.9,3,2257.9,6.99,539974.71
4,2266.6,3.0,Urban,20.7,2,1298.3,5.71,548303.37
6,3521.0,4.5,Suburban,40.2,0,8197.1,8.69,674975.91
3,2382.9,3.0,Downtown,41.4,2,2062.7,2.3,589467.2
3,2465.7,2.0,Rural,42.9,0,13483.8,8.69,311516.58
2,1259.6,1.5,Downtown,29.4,2,12482.1,5.45,375263.25
3,1725.7,2.0,Downtown,35.0,2,11007.7,6.4,482937.52
3,2218.3,2.0,Suburban,13.1,2,1439.6,9.64,397930.26
5,3024.6,3.5,Downtown,5.0,1,7416.7,4.53,853776.34
3,2302.3,2.0,Downtown,26.6,2,2093.3,6.85,562577.21
3,1951.2,2.5,Urban,0.5,3,14001.0,5.46,580014.89
2,1337.7,1.5,Downtown,23.3,1,9576.7,9.35,351969.23
2,2022.7,1.5,Downtown,5.1,2,3191.5,5.13,519761.3
2,1220.8,1.5,Rural,5.4,3,8848.5,2.93,226425.18
3,1564.6,2.5,Suburban,43.5,1,2659.5,5.09,277666.8
4,2369.2,3.0,Downtown,32.0,1,3039.5,9.21,588085.43
3,2714.0,3.0,Suburban,32.3,1,2133.4,5.26,473589.19
3,2850.7,1.5,Downtown,20.2,0,13204.2,1.89,739250.26
2,1911.2,2.0,Suburban,20.7,1,8639.5,5.65,368340.9
4,2883.9,3.0,Suburban,15.2,2,5590.7,4.18,567426.5
4,1938.1,2.5,Rural,21.7,1,1009.5,6.67,258297.63
2,992.0,1.5,Suburban,29.4,2,7608.3,2.79,222108.04
4,2489.1,3.0,Urban,9.3,1,8178.8,3.56,625892.15
3,2110.3,2.5,Downtown,13.1,0,5711.9,5.41,546281.27
2,1794.3,1.0,Suburban,24.7,2,7780.5,1.62,325846.37
3,2167.7,2.5,Downtown,19.2,2,2410.1,2.5,581579.12
3,2215.1,2.0,Suburban,41.0,2,13908.9,8.11,424818.03
2,1265.9,2.0,Suburban,41.1,1,4616.8,9.42,215688.7
5,2732.5,3.0,Rural,16.8,0,14279.0,9.71,412018.02
4,2806.5,4.0,Rural,22.5,0,7900.3,9.4,380568.44
3,2164.9,2.0,Suburban,48.8,2,12994.1,9.45,412496.84
3,2047.3,3.0,Downtown,41.4,1,9080.9,8.3,521673.39
3,1397.3,2.0,Suburban,10.8,3,12821.8,7.49,358467.04
3,2557.3,2.0,Urban,14.0,2,1141.9,2.7,580765.26
3,2311.1,2.5,Downtown,4.2,0,3610.6,4.7,594982.81
2,1268.4,2.0,Suburban,33.9,2,5954.7,4.28,254329.28
3,1764.6,1.5,Downtown,15.8,1,5145.9,7.44,481702.31
4,2544.0,3.5,Downtown,26.8,2,14254.2,5.02,761472.38
3,1920.4,2.0,Downtown,38.4,2,6525.4,3.92,478346.6
2,1925.2,1.5,Rural,41.8,0,14609.6,8.23,252262.46
4,3041.8,3.0,Downtown,16.3,0,10114.2,7.62,817996.83
2,1499.0,1.5,Downtown,11.9,1,12697.7,4.0,473066.39
3,2120.7,2.0,Rural,42.4,2,6514.0,4.48,286448.57
2,1708.3,2.0,Suburban,19.1,1,3661.1,8.99,279091.04
3,1832.2,2.5,Urban,41.1,2,1706.4,7.46,421437.17
4,2497.7,3.5,Suburban,7.5,1,10189.7,7.05,520449.13
3,2252.7,2.5,Suburban,45.6,2,14605.2,7.26,457393.74
2,1536.9,2.0,Downtown,24.2,1,2655.6,1.47,396769.31
4,2790.7,3.5,Suburban,8.5,2,11804.6,5.85,594175.44
4,3146.5,2.0,Suburban,26.8,3,6104.6,3.26,575570.89
4,2582.2,2.0,Suburban,43.5,3,14908.5,1.31,508410.47
2,1723.4,2.0,Suburban,19.5,1,13180.5,7.45,375027.46
3,1674.8,1.5,Urban,8.9,2,4230.7,3.39,422516.47
6,3399.4,4.0,Suburban,28.8,2,11720.6,3.45,694170.72
4,2045.2,3.0,Suburban,41.7,2,11279.2,6.58,431627.95
1,999.8,1.0,Downtown,6.1,1,11687.8,6.83,294145.08
2,1476.1,1.5,Rural,2.1,2,2159.5,5.0,220108.68
3,2144.8,2.0,Suburban,2.8,2,12331.8,5.79,457463.43
5,3433.4,3.5,Suburban,11.5,0,4660.1,8.56,627194.06
3,1760.9,2.5,Suburban,0.4,2,9265.9,1.52,393426.85
3,1844.3,2.0,Rural,21.4,1,2615.6,1.12,234027.33
2,1260.0,1.5,Rural,34.9,1,8813.7,6.73,160129.13
3,1465.1,2.5,Downtown,35.5,1,13689.9,6.24,467902.43
4,2613.1,3.5,Urban,31.8,0,3480.5,2.27,556647.13
3,1806.8,3.0,Downtown,14.8,0,12970.6,5.46,546217.51
4,3458.4,3.0,Downtown,36.8,2,7096.2,7.58,874934.24
5,3325.4,4.5,Urban,28.8,3,5512.6,7.45,782582.7
2,1765.8,2.0,Downtown,43.1,2,1799.4,6.16,424464.88
3,1785.8,2.0,Downtown,23.9,1,8399.1,1.74,498984.53
3,2601.2,1.5,Suburban,9.0,1,3799.1,3.39,486398.48
4,3278.6,3.0,Urban,31.7,2,14161.4,4.35,773674.16
3,1707.1,3.0,Downtown,7.5,2,4334.0,7.99,487786.88
3,1945.2,2.0,Downtown,48.2,1,9215.0,5.67,505190.73
4,3155.3,2.0,Downtown,35.2,2,8819.5,7.47,789785.61
3,2050.3,2.0,Downtown,37.8,2,5715.5,9.27,482873.67
5,3013.0,3.0,Downtown,34.0,3,12928.9,6.43,855337.33
3,2050.8,2.0,Rural,4.9,2,3565.4,2.75,304249.86
2,1240.0,1.5,Downtown,23.3,2,12438.8,1.83,417101.24
3,2220.1,2.5,Suburban,32.6,0,3904.7,0.51,416814.84
4,2955.4,3.5,Rural,11.5,1,1547.4,2.17,411031.73
3,1770.6,2.5,Suburban,34.0,2,14213.9,3.06,398113.34
4,2800.5,2.5,Downtown,41.0,2,9922.2,3.06,731434.12
5,3143.0,3.5,Suburban,13.7,2,9826.7,6.84,611020.29
3,1811.0,2.5,Rural,10.0,2,4710.6,1.93,278593.78
6,4716.2,4.5,Suburban,44.2,1,2948.4,4.64,821284.55
2,1804.8,1.5,Suburban,0.3,2,10884.8,0.55,392405.0
2,1737.5,1.0,Downtown,12.8,2,8262.3,2.98,507147.65
2,1148.9,1.0,Suburban,20.3,2,5450.7,0.89,236435.15
4,2356.7,3.0,Downtown,33.6,3,5435.0,7.24,651741.34
3,2425.3,1.0,Urban,49.9,1,13449.6,3.87,494038.13
2,1497.6,2.0,Suburban,18.5,2,13455.4,5.06,322939.93
3,1577.0,1.5,Suburban,47.4,1,4844.8,7.73,268730.2
3,2010.0,2.5,Urban,18.3,1,12118.1,8.7,487691.06
2,1213.2,1.5,Downtown,34.8,0,4173.5,5.41,269878.42
4,3691.0,3.0,Urban,8.3,2,12311.4,6.67,875129.55
4,3649.9,3.5,Suburban,23.0,3,2768.0,7.49,673563.88
3,2312.0,2.5,Suburban,43.6,0,11614.2,3.21,456336.5
5,4002.8,3.5,Downtown,16.0,2,8779.6,7.22,1075726.58
3,2069.0,2.0,Suburban,5.3,1,2646.7,6.71,373173.27
6,4219.1,4.5,Suburban,26.1,2,9620.5,4.71,824040.34
3,2749.6,2.5,Suburban,22.0,2,3693.7,3.74,488187.27
3,2454.7,2.5,Suburban,11.5,2,3717.7,9.75,488274.92
2,1314.9,1.0,Downtown,45.3,1,7262.9,9.87,273366.09
4,2005.7,3.0,Suburban,30.1,3,14500.0,7.1,463739.64
3,2007.6,1.5,Suburban,17.4,2,13491.2,4.15,431249.85
2,1601.6,1.5,Suburban,49.8,3,12570.7,7.64,290434.0
1,1172.4,1.0,Suburban,6.9,2,12915.9,6.95,262683.6
3,2054.5,3.0,Suburban,42.4,2,7962.0,5.68,399064.88
3,2007.6,2.0,Suburban,11.5,1,6246.1,1.75,412431.72
4,2018.5,3.0,Suburban,12.0,3,13375.8,9.49,462924.36
4,2480.6,3.0,Suburban,24.9,2,2132.2,2.71,468331.32
2,1573.1,1.0,Suburban,33.1,1,14945.3,4.24,313715.66
4,2597.0,3.5,Rural,34.5,2,8741.7,3.75,396728.52
2,1806.3,1.5,Urban,1.1,2,8566.5,1.96,440845.45
4,3265.9,3.0,Downtown,14.3,2,5087.3,0.73,846755.77
4,2697.1,3.0,Suburban,33.0,0,3385.0,9.33,479494.23
3,2024.2,2.0,Suburban,44.5,0,10524.1,7.52,361252.34
4,2195.5,2.5,Suburban,33.5,2,6064.0,0.7,442096.91
3,1974.4,2.0,Rural,13.3,1,5234.2,7.03,301361.5
3,1729.5,2.0,Suburban,25.4,0,3272.8,1.73,331503.92
4,2890.3,3.0,Urban,32.4,1,8491.8,7.38,663399.66
3,2129.2,2.5,Rural,6.8,2,9236.3,5.3,346699.65
3,2040.2,2.0,Downtown,27.2,2,7202.9,9.79,533981.91
3,2359.9,1.5,Downtown,23.6,2,1168.5,4.61,560649.0
4,2630.8,3.0,Suburban,16.8,2,7883.4,7.61,545191.16
3,1257.7,2.0,Downtown,31.2,1,4807.5,0.89,356008.17
2,1573.1,1.5,Downtown,31.8,0,2941.0,9.39,333852.2
4,2214.4,3.0,Rural,48.6,1,9086.0,5.84,323569.84
4,2050.2,2.0,Rural,21.4,3,10397.3,3.49,301685.99
2,1365.1,2.0,Urban,26.6,2,8262.8,1.71,335121.56
2,1718.1,1.0,Urban,7.9,2,9600.1,6.59,399505.87
2,1573.8,1.5,Downtown,27.4,2,9491.8,7.59,411578.13
3,1761.7,2.0,Suburban,1.8,0,2739.4,1.31,379611.28
3,2429.6,2.0,Downtown,7.5,2,4021.3,2.06,657489.0
4,1804.9,3.5,Suburban,8.6,1,1132.8,4.16,375023.8
3,2209.5,2.5,Suburban,31.6,1,14746.6,8.59,432297.94
3,2092.1,2.5,Suburban,28.4,1,3957.2,9.84,385278.73
3,2253.6,2.5,Downtown,39.9,1,12405.9,7.58,563744.45
4,3496.7,3.0,Downtown,23.2,1,11937.3,0.55,943211.75
3,1431.1,2.5,Suburban,23.7,0,10870.2,9.08,288301.05
5,3011.1,4.0,Suburban,8.1,2,7296.5,0.75,640375.28
3,2112.1,2.5,Suburban,37.1,1,9174.1,9.02,370770.96
2,1659.9,1.5,Downtown,0.2,2,3608.7,4.4,461413.97
3,2185.2,3.0,Rural,21.2,1,2485.4,7.55,301166.89
3,1862.2,2.5,Downtown,9.4,1,5924.7,1.33,525163.33
3,2079.3,2.0,Urban,38.6,2,12558.2,2.07,523681.71
2,1378.8,1.5,Downtown,33.7,2,8896.4,4.78,381330.12
2,1710.4,1.5,Suburban,35.3,1,11694.1,0.87,342131.71
4,2707.1,3.0,Urban,7.4,2,13464.5,4.2,685931.73
2,1619.8,2.0,Urban,33.4,0,8847.5,7.64,347879.86
4,2701.5,3.5,Suburban,34.5,1,6141.9,6.72,488022.75
3,2102.0,1.5,Downtown,0.1,2,12979.5,3.84,621755.31
3,1727.5,3.0,Urban,15.9,1,4214.8,0.58,423448.58
3,2170.2,2.0,Suburban,4.4,1,1346.7,3.06,415327.31
3,1763.8,2.0,Urban,34.1,2,1709.4,7.87,399595.27
3,2695.8,2.0,Urban,10.6,2,9151.3,3.74,642826.16
2,1151.3,2.0,Suburban,13.2,2,13492.7,4.09,313505.21
1,500.0,1.0,Rural,3.9,0,8899.9,1.2,113447.46
3,2749.0,2.0,Suburban,24.2,2,6728.7,6.22,506740.18
3,2548.9,2.0,Urban,1.7,0,9079.0,6.41,568640.86
5,3296.0,3.0,Urban,42.3,2,10395.4,4.59,753937.71
4,2152.6,2.5,Suburban,1.3,2,11619.0,7.73,465122.47
4,2126.7,2.5,Suburban,3.1,1,5862.2,8.83,442798.58
4,2979.9,3.0,Urban,32.0,3,6416.5,7.63,654072.34
3,2701.2,2.5,Suburban,45.8,2,1331.0,5.67,454190.41
3,1976.5,2.5,Suburban,44.6,1,10094.8,9.39,361004.81
5,2611.6,4.5,Urban,4.2,1,11874.2,4.13,732333.21
3,1164.8,2.5,Downtown,14.4,0,8152.7,6.72,348717.9
3,1935.6,2.0,Downtown,26.1,2,6271.7,5.96,536828.64
2,1567.2,1.5,Downtown,1.3,1,5664.1,8.49,437583.14
3,2738.8,2.0,Suburban,26.4,1,10030.5,5.25,497968.72
3,2156.7,1.5,Rural,22.4,0,5630.5,5.76,290058.31
4,3097.8,2.5,Suburban,29.4,0,9387.1,4.81,559627.76
3,1718.4,2.0,Rural,46.0,1,13977.5,1.83,258562.16
3,2031.5,2.0,Downtown,13.7,2,5628.6,8.92,558157.09
5,3716.4,4.0,Urban,32.0,2,1956.3,8.69,849130.79
2,1421.6,1.5,Suburban,21.5,2,13236.2,7.17,315031.5
3,1703.4,1.5,Downtown,21.8,2,4829.7,3.8,466726.48
1,957.4,1.0,Urban,32.4,1,14839.9,3.87,260430.68
4,2274.8,3.0,Downtown,47.6,3,12761.7,0.84,645726.06
5,2949.0,4.0,Downtown,43.2,1,6976.5,1.24,794915.93
3,2284.0,2.5,Suburban,32.0,0,9794.7,5.38,423377.83
4,2734.1,3.0,Urban,23.1,1,4885.6,0.97,614672.45
3,2264.7,2.5,Suburban,21.2,2,2178.4,1.44,423577.01
5,3888.3,3.5,Suburban,39.4,0,8361.3,2.89,679848.27
4,2179.6,2.5,Downtown,10.9,2,6945.4,4.05,618390.73
4,3469.2,3.0,Downtown,29.4,1,14578.9,5.15,920203.58
1,764.3,1.0,Downtown,25.2,2,9364.3,3.58,219218.02
5,3149.5,4.0,Rural,32.5,2,11460.1,9.44,473907.61
4,2632.2,4.0,Rural,9.4,3,2893.4,9.53,404876.92
3,2105.1,2.5,Rural,34.8,2,11131.3,1.03,325968.35
4,2923.8,3.0,Urban,31.3,2,1788.6,9.86,616520.09
3,2096.0,2.0,Rural,9.0,3,9582.8,2.14,353018.14
4,2471.8,2.5,Urban,22.5,2,12739.7,3.65,620692.18
2,1077.9,1.5,Rural,33.9,2,7762.9,8.45,158822.24
4,3577.1,3.5,Urban,45.1,1,4011.1,7.03,747272.46
3,1918.4,2.0,Suburban,6.1,0,7211.8,1.05,385122.07
2,1901.1,1.5,Suburban,0.4,1,12775.7,7.86,406382.57
2,1296.2,2.0,Suburban,8.3,2,11001.5,6.8,315129.99
1,1033.6,1.5,Suburban,49.5,1,9476.2,9.53,158455.02
3,2274.4,2.5,Suburban,38.4,1,10713.7,9.15,419896.05
3,2782.3,2.5,Urban,30.7,0,12678.7,9.76,596082.97
3,1289.5,1.5,Urban,6.7,1,3126.1,4.82,355394.68
3,2362.9,2.0,Downtown,20.8,1,12786.9,7.21,635139.11
3,1907.0,2.0,Suburban,35.8,2,12292.2,9.64,387669.41
4,2979.1,2.5,Rural,44.8,1,7684.8,0.52,445528.85
1,1062.5,1.0,Suburban,19.1,1,6640.3,7.99,193106.89
5,2809.4,4.5,Suburban,50.0,1,14055.8,1.01,554032.99
4,2515.7,3.5,Rural,7.0,0,12471.9,9.99,410755.66
3,1832.3,2.5,Downtown,19.3,1,14841.3,0.63,565722.82
3,1929.9,2.5,Suburban,43.8,0,9984.6,5.77,342824.83
4,2270.4,2.5,Suburban,32.5,1,1441.4,5.45,434753.72
2,1367.8,2.0,Rural,40.5,1,3154.4,3.39,158586.48
2,1631.9,1.0,Urban,45.4,0,12484.4,7.46,347639.1
2,1195.1,2.0,Suburban,25.4,2,9945.9,2.94,263872.6
4,2654.7,3.0,Rural,11.7,1,3772.7,3.26,359448.43
1,941.0,1.0,Rural,34.7,2,1167.1,2.21,128291.11
3,1628.4,2.0,Urban,28.2,2,4680.4,7.28,339555.01
6,3317.9,4.0,Rural,38.6,1,2925.9,2.12,470557.99
4,2893.6,2.5,Urban,25.6,1,13267.2,9.03,637048.51
3,2651.0,1.5,Suburban,40.6,2,13359.0,3.23,485669.1
2,1092.9,2.0,Suburban,45.1,1,12792.7,5.43,233343.7
4,2466.0,3.5,Suburban,37.5,0,2324.5,5.01,451366.9
3,1584.8,1.5,Downtown,37.2,2,2890.6,7.17,391835.75
2,1110.0,2.0,Urban,29.4,2,2897.3,2.72,281061.85
2,1440.1,1.5,Downtown,23.6,2,4617.8,8.47,368507.27
5,2612.3,4.0,Suburban,48.6,2,2020.4,7.51,484609.62
3,2168.3,1.5,Downtown,32.3,2,14741.9,3.75,606215.83
4,2021.3,3.5,Suburban,42.0,1,12972.2,1.64,421739.78
4,2978.8,3.0,Suburban,25.3,2,1968.6,5.3,560961.36
3,2583.7,2.5,Urban,27.7,3,3011.4,9.81,559894.79
3,1673.9,2.5,Rural,33.1,2,4672.4,0.73,263896.42
3,1752.4,3.0,Rural,36.4,3,11850.2,8.53,277836.44
3,2221.7,2.0,Suburban,22.4,0,10997.4,7.15,423071.95
3,2447.9,2.0,Rural,17.8,0,9827.0,2.24,357794.17
4,2154.6,3.0,Suburban,12.0,1,13770.7,5.03,443831.63
3,1932.9,2.5,Suburban,21.2,2,1508.0,6.46,343136.16
4,2925.2,3.0,Suburban,10.6,1,3258.0,7.12,539595.08
3,2109.2,2.5,Rural,20.8,2,3657.4,9.25,293843.44
3,1305.9,2.5,Downtown,43.7,1,1835.1,8.79,335936.36
3,2143.5,1.5,Suburban,48.9,2,9656.0,3.62,393004.6
3,2528.1,3.0,Urban,28.9,2,3935.8,1.64,582489.6
4,2624.1,3.5,Suburban,7.3,1,7756.9,1.49,569406.83
2,1302.5,1.5,Downtown,21.4,1,10596.1,9.7,378155.9
3,1958.9,2.5,Suburban,30.1,1,9335.8,9.58,356766.37
2,1893.2,1.5,Urban,18.5,1,5061.9,8.29,416582.5
3,2637.9,2.5,Downtown,10.3,2,6798.5,9.81,701890.27
3,2272.1,2.0,Urban,11.3,2,5757.5,3.1,527280.34
3,2357.6,2.5,Rural,23.7,2,12934.5,8.34,347254.37
5,3003.9,4.0,Rural,10.8,1,6879.1,5.27,447331.78
3,2004.1,2.0,Suburban,12.5,1,1863.4,8.09,367002.43
4,2651.0,3.0,Downtown,43.7,1,9671.0,6.3,689571.86
3,2256.0,3.5,Suburban,39.0,0,3767.5,8.54,414206.96
3,2594.6,2.0,Urban,2.8,0,5740.8,4.27,608747.4
2,1579.8,1.5,Rural,16.0,1,5587.8,9.9,207119.38
3,1454.4,2.0,Rural,26.6,1,2013.9,2.58,188397.99
3,2265.3,2.0,Rural,3.0,2,14313.3,6.89,369657.69
3,2455.7,2.5,Urban,34.2,2,8658.9,8.12,560096.75
1,1073.7,1.0,Urban,19.2,1,3187.5,6.06,222847.2
2,1397.4,1.5,Downtown,19.9,2,8780.6,3.26,383960.75
3,3089.3,2.5,Suburban,13.3,0,7322.1,5.83,546747.82
5,2768.5,4.0,Rural,16.7,1,5828.2,5.29,423073.17
3,1893.2,2.0,Urban,43.1,2,7614.6,2.31,420882.33
3,2041.1,1.5,Suburban,39.4,1,10374.7,7.75,349218.48
2,1758.8,2.0,Downtown,46.8,2,3793.3,3.04,457833.61
3,1790.9,2.5,Downtown,34.9,2,8530.3,8.41,474656.25
3,2017.6,2.5,Suburban,28.9,0,12381.9,2.54,420347.96
2,1679.2,1.5,Rural,13.0,2,4114.9,5.27,245437.01
3,1813.1,2.5,Downtown,33.3,0,8217.4,7.1,481110.97
1,1124.8,1.0,Downtown,45.3,1,14520.3,9.96,287483.33
1,915.5,1.0,Urban,3.5,0,12207.1,3.07,240332.44
2,1580.4,1.0,Suburban,22.2,2,9302.2,6.54,296745.69
1,1189.7,1.0,Downtown,7.5,1,11487.6,1.96,366194.76
2,1406.5,1.5,Downtown,40.5,1,8358.8,8.29,312596.89
3,2115.3,2.5,Suburban,30.7,1,14812.0,8.68,444315.86
4,2758.6,2.0,Suburban,44.0,1,3368.5,8.94,461682.63
3,2113.8,2.0,Rural,3.2,1,11074.1,9.48,305701.58
3,2220.7,2.0,Suburban,45.3,2,1083.4,3.88,392910.34
3,2333.6,2.0,Urban,3.4,3,2759.7,6.83,545742.66
5,3400.7,4.0,Downtown,14.4,2,11105.4,3.5,965715.59
3,2602.7,2.5,Urban,7.8,2,11630.9,8.14,639664.23
2,1810.3,1.5,Suburban,7.3,2,1551.6,4.45,303075.37
3,1437.8,2.5,Downtown,8.6,2,5674.0,5.77,456855.63
2,1190.0,1.0,Urban,24.0,1,2654.7,1.76,276279.82
3,1664.0,2.0,Downtown,39.2,3,13462.0,8.58,470861.27
3,2060.7,2.5,Suburban,44.9,3,7354.4,5.09,373978.19
4,2865.8,3.0,Urban,28.3,1,7195.5,6.58,647750.97
3,2269.3,2.5,Urban,7.9,2,12534.2,6.86,561370.97
4,2599.9,3.0,Rural,4.0,2,10735.2,3.11,450274.7
6,3053.8,4.5,Rural,24.7,2,13912.1,8.05,481199.78
2,1183.6,1.0,Urban,38.3,2,14141.2,8.41,279154.58
3,2508.1,3.0,Rural,31.0,2,5384.7,5.4,360013.24
3,1278.2,3.0,Downtown,29.1,2,10077.3,9.07,379809.71
3,2447.1,2.0,Suburban,2.4,2,8585.1,2.03,498573.48
3,2432.9,2.5,Downtown,20.6,1,9341.4,4.44,674335.48
5,4177.5,3.5,Downtown,27.5,2,9754.3,0.92,1110662.05
4,2584.6,3.5,Suburban,29.9,2,1840.3,4.29,475148.05
3,1601.5,2.0,Rural,0.2,2,13530.9,9.97,270335.9
3,2283.7,1.5,Suburban,10.0,3,2963.9,4.9,405881.74
4,3211.0,1.5,Suburban,47.5,2,6942.1,4.48,547912.73
5,3793.0,3.5,Suburban,25.4,2,5089.1,7.03,719818.49
4,2331.7,3.0,Suburban,35.2,2,8752.5,0.96,464438.66
1,862.8,1.5,Urban,15.4,2,14460.8,3.86,277401.45
3,1853.1,2.5,Suburban,29.3,2,6773.9,5.56,344051.81
2,1471.4,2.0,Rural,17.8,1,9444.6,5.1,254468.48
3,2372.3,2.0,Downtown,14.8,2,2976.0,6.6,629175.53
2,1065.8,1.5,Rural,20.6,1,7482.3,1.82,162792.47
3,1723.3,2.5,Downtown,23.0,0,13821.0,4.32,491153.91
3,1288.9,1.5,Suburban,16.6,2,14053.8,6.52,295206.17
2,1127.8,1.5,Rural,12.9,2,8650.0,3.37,196613.58
3,2149.6,2.0,Suburban,31.2,3,11760.3,6.32,445279.53
3,2428.0,3.0,Suburban,19.0,2,1045.0,9.6,412017.36
3,2341.6,2.0,Urban,10.1,2,8441.1,9.34,561982.24
2,1285.1,1.5,Suburban,37.9,2,11254.6,7.39,255076.65
3,2431.6,2.5,Downtown,36.2,1,5618.1,2.19,600606.35
4,3127.8,2.5,Suburban,44.3,0,13616.2,7.95,520951.18
2,1316.1,1.5,Downtown,27.8,2,11914.8,4.74,390544.4
2,1331.3,1.5,Rural,14.0,1,11775.8,9.54,208673.17
3,2136.8,2.5,Rural,43.2,2,1297.3,6.31,268103.17
5,3991.0,4.0,Suburban,14.0,2,3574.3,2.57,775340.09
3,1672.8,2.0,Urban,32.8,2,10990.5,3.47,447202.33
3,1508.9,2.0,Downtown,9.5,2,8864.1,3.53,471523.54
3,2420.5,2.5,Downtown,31.5,2,9098.5,3.12,642621.66
3,2318.3,2.0,Urban,42.0,2,1207.3,7.83,489109.5
1,824.7,1.0,Suburban,27.0,3,7188.8,3.7,171621.48
3,1931.7,1.5,Downtown,23.5,2,12010.1,2.36,564726.56
5,3972.3,4.0,Urban,49.7,1,10289.8,6.16,859510.99
3,2259.0,1.5,Rural,1.1,3,9014.0,4.92,366283.49
4,2473.7,3.5,Suburban,16.6,1,10752.4,0.71,507082.43
4,2592.6,2.5,Suburban,45.9,2,12913.8,3.15,505696.61
2,1136.9,1.5,Suburban,32.1,3,12893.4,0.86,272511.31
5,3696.0,4.0,Suburban,27.1,1,7384.3,7.79,689692.38
2,1731.5,1.0,Urban,31.9,2,5309.1,9.53,337870.66
3,2183.8,1.5,Rural,16.1,3,6129.3,5.25,344559.22
2,1580.8,1.5,Rural,3.6,2,8299.3,5.8,259972.19
1,926.7,1.0,Rural,13.8,2,2251.1,8.53,110638.27
3,2578.6,2.5,Suburban,16.8,1,9273.9,0.68,477636.72
3,2396.5,2.0,Suburban,24.0,1,7345.6,2.04,471125.08
3,1709.0,2.5,Urban,19.7,2,11625.1,6.72,432478.28
3,2171.0,3.0,Urban,26.1,0,4835.2,7.55,475792.17
1,990.8,1.0,Downtown,9.8,2,1928.3,6.45,258136.94
2,1146.6,1.5,Suburban,9.2,1,13524.0,9.42,262512.89
3,1927.9,1.5,Downtown,17.6,2,1953.1,4.23,475835.8
3,1950.6,2.0,Rural,23.7,0,13981.9,5.77,285319.82
4,2863.7,3.0,Suburban,17.1,1,7964.9,9.59,543025.25
3,1946.8,2.0,Urban,28.8,2,1788.0,9.05,411598.41
4,2500.5,3.0,Suburban,15.5,2,2761.8,0.79,510760.18
3,2814.4,2.0,Urban,8.9,1,8461.3,3.85,640679.54
3,2342.1,1.5,Downtown,43.1,0,1221.0,7.52,511160.92
3,1814.1,2.5,Urban,10.0,2,13811.8,0.51,499975.33
3,2068.9,2.0,Downtown,48.3,2,12147.7,8.7,559743.99
3,2289.2,2.5,Suburban,49.4,1,8063.7,5.27,401314.78
4,2755.9,3.0,Downtown,34.8,2,13967.4,1.32,788825.19
3,1978.1,2.0,Suburban,25.1,1,4636.5,4.7,366994.06
4,3207.8,3.0,Urban,39.8,3,12947.7,5.18,751159.15
4,2723.2,3.0,Urban,43.7,0,12271.8,3.99,631000.14
4,2596.3,3.5,Downtown,35.5,0,9145.5,4.82,680930.93
5,3859.9,4.0,Suburban,5.1,0,5463.8,8.97,735975.73
3,2121.0,2.5,Rural,0.1,2,8816.6,3.58,352981.59
3,2483.2,2.0,Urban,9.6,3,14401.1,9.63,613294.89
3,2183.0,1.5,Downtown,9.4,2,2184.0,7.03,565109.27
3,2164.6,2.0,Suburban,9.1,2,3814.1,9.01,391952.87
3,1811.5,2.0,Suburban,25.5,0,10014.5,2.49,350948.14
4,2336.2,3.0,Downtown,26.0,1,10498.0,5.17,632149.79
3,1711.6,2.0,Urban,36.2,3,3302.6,5.87,382348.2
3,1657.3,2.5,Suburban,10.1,2,12288.1,1.31,390717.01
2,1283.9,1.5,Downtown,4.6,2,13998.8,5.19,409477.21
3,1991.4,2.5,Suburban,33.3,2,2115.3,8.68,360954.66
2,1516.8,1.5,Urban,24.2,1,14639.5,1.0,405874.26
4,2707.3,3.0,Suburban,33.3,2,4937.0,6.6,508119.32
3,1924.0,2.5,Downtown,19.0,2,5324.0,9.89,522028.31
2,1195.9,1.5,Urban,37.5,2,1628.6,5.51,236984.44
1,1368.1,1.5,Downtown,34.1,2,7963.7,3.38,360482.82
3,2446.2,2.5,Urban,32.5,2,14366.6,6.06,564914.12
3,2374.6,1.5,Rural,1.4,1,3253.8,5.64,292563.33
3,2723.8,2.0,Rural,42.9,0,9076.1,1.5,380132.04
2,1417.9,1.5,Suburban,18.8,1,4842.3,2.54,285611.47
3,2491.6,3.0,Suburban,6.8,0,1261.0,6.86,439469.07
3,1737.2,2.0,Rural,37.8,2,14820.0,6.13,248225.93
3,2230.9,2.0,Downtown,24.3,2,11026.5,3.77,622195.81
3,1899.7,2.5,Downtown,1.6,3,11296.5,9.8,594891.78
3,1981.7,2.5,Suburban,39.1,2,10281.4,6.63,398054.74
2,1272.2,1.5,Rural,21.8,2,3012.3,2.69,180534.45
6,3732.4,4.5,Suburban,37.7,2,3893.7,4.98,726692.23
3,2465.7,2.5,Suburban,37.8,2,6399.3,7.26,442042.75
3,1892.1,2.0,Urban,5.0,2,14936.5,6.88,524377.8
2,1219.0,1.5,Suburban,30.7,0,10416.0,2.84,234990.39
3,1953.3,2.0,Downtown,18.0,1,7193.3,6.65,512452.46
1,963.7,1.0,Suburban,27.3,1,7786.2,3.66,172961.06
3,1993.0,2.5,Suburban,4.4,3,13910.9,4.85,467950.9
5,3573.4,3.5,Suburban,29.4,2,3750.1,6.86,664750.43
3,2418.1,2.0,Urban,38.9,2,5492.2,6.02,513269.84
1,912.4,1.5,Suburban,49.3,2,6192.2,7.27,132148.74
1,834.4,1.0,Rural,16.0,2,13566.8,4.13,152143.05
3,2939.7,2.5,Suburban,7.8,0,11875.0,7.64,545937.13
2,1390.3,1.5,Suburban,18.3,0,9271.0,0.65,269820.45
1,1087.3,1.5,Urban,1.0,2,5406.2,2.29,305673.12
4,3058.9,2.5,Urban,20.4,2,3830.8,9.75,652771.79
3,1845.6,2.5,Suburban,45.7,2,5630.6,1.32,339060.89
3,2080.1,2.0,Downtown,9.7,1,14012.3,6.79,609288.86
5,2724.6,3.5,Suburban,23.9,0,13743.2,9.21,534862.55
2,1526.7,2.0,Downtown,28.6,1,6907.4,8.67,381231.99
5,3716.8,3.5,Suburban,9.0,2,5557.4,9.17,736498.75
3,2470.2,2.0,Suburban,16.5,2,13384.3,9.85,481485.92
4,2948.7,3.0,Urban,45.6,3,7247.2,3.89,674485.37
3,1679.1,1.5,Suburban,14.8,3,1541.8,3.64,370324.46
4,2291.2,3.5,Downtown,31.8,2,5840.4,1.65,657157.97
6,4902.4,4.0,Suburban,6.8,2,9502.1,2.41,955502.94
3,2220.5,3.0,Suburban,33.5,2,14224.3,6.7,458820.54
5,3484.1,3.5,Urban,14.0,2,6944.3,3.65,817054.0
3,1998.1,3.0,Rural,11.6,1,4361.7,3.74,304836.78
3,1851.8,1.5,Rural,6.2,1,6383.0,6.64,268463.42
3,2797.7,2.5,Rural,2.3,1,1798.8,1.49,380307.87
3,2227.9,2.5,Suburban,48.4,3,13583.7,1.03,462504.2
2,1313.5,2.0,Urban,20.7,2,1467.9,8.13,266024.41
3,1565.9,1.5,Downtown,38.9,1,1013.6,8.0,354456.12
3,1544.1,2.0,Downtown,46.0,1,9597.9,4.16,407582.76
4,2579.7,3.0,Downtown,10.2,2,3155.9,6.13,694117.44
4,2346.4,3.0,Downtown,43.5,1,5145.1,2.76,621399.75
3,2394.2,2.5,Downtown,35.4,1,7873.8,3.99,602261.73
3,1951.5,2.0,Rural,28.9,2,12089.6,0.85,298422.6
3,2181.1,3.0,Suburban,40.5,0,6425.1,3.1,408401.55
2,1646.8,2.5,Urban,5.5,1,14399.5,0.66,431401.3
2,1608.1,1.5,Rural,13.2,3,7344.8,4.53,265530.74
3,2195.2,2.5,Rural,6.6,2,13879.9,5.44,355942.54
3,2027.5,2.5,Rural,44.8,1,7332.6,5.21,271223.39
5,2605.9,4.5,Urban,4.9,3,8226.1,3.74,690367.2
3,2105.4,2.5,Suburban,49.0,3,14413.1,2.47,431386.83
3,2079.8,2.0,Suburban,5.5,0,10448.6,4.82,417901.44
3,2302.0,2.0,Urban,33.1,0,3091.2,8.76,463672.22
2,1751.3,1.0,Rural,33.0,1,9379.8,9.84,215515.25
3,2347.0,3.5,Rural,46.6,3,4153.1,3.47,319001.14
3,1823.4,2.5,Urban,16.2,2,5335.3,9.76,438124.95
3,2098.5,2.0,Suburban,16.6,0,12734.1,4.63,408046.92
3,2018.6,2.0,Rural,42.3,2,10550.0,6.33,292934.78
6,3790.1,4.5,Rural,48.9,2,5016.3,8.14,510643.85
4,2264.7,3.5,Suburban,1.5,1,1065.6,3.91,476611.48
3,2474.1,2.5,Suburban,31.8,2,8436.5,2.48,496263.88
3,1678.2,2.0,Urban,12.2,1,4502.4,3.09,402824.64
3,1717.1,2.5,Suburban,36.4,1,1396.4,8.47,318127.77
2,1605.4,1.5,Urban,38.6,1,1885.9,9.38,308389.79
3,1747.8,2.0,Downtown,38.1,3,10425.5,1.72,515421.22
1,1189.0,1.0,Suburban,21.8,3,6800.0,7.1,227412.87
3,1537.0,2.5,Suburban,7.9,3,4674.7,0.83,348221.09
3,2806.5,2.5,Urban,29.2,3,13315.8,8.81,668560.28
2,1363.5,1.5,Downtown,39.5,1,12551.2,8.64,369977.4
5,3369.2,4.0,Downtown,45.6,2,7526.7,7.86,866260.15
5,3702.7,4.5,Rural,22.6,1,4858.2,8.33,523998.45
4,2486.6,2.5,Suburban,12.3,2,8100.5,6.24,488269.26
3,2095.8,2.5,Suburban,5.9,2,11541.0,1.9,467255.37
4,2940.1,3.5,Urban,39.9,1,1150.4,9.19,623819.07
2,1677.9,1.5,Suburban,26.8,1,9575.9,1.84,299210.0
4,2768.1,3.0,Urban,33.7,1,10941.8,2.64,644066.59
2,1698.5,1.5,Suburban,8.0,2,12435.1,4.61,369297.25
4,2678.2,4.0,Urban,0.3,2,4032.6,5.23,670709.24
3,2630.3,2.5,Suburban,48.4,2,3848.1,1.42,489245.6
4,2769.8,3.0,Rural,40.5,1,4020.2,7.74,343463.65
5,2489.9,3.5,Suburban,20.0,2,14040.0,1.8,576917.53
2,1635.6,1.5,Suburban,22.9,2,2973.7,6.72,278925.92
3,1906.6,1.5,Rural,46.5,0,11705.0,4.79,221063.61
6,3750.6,4.5,Urban,10.4,1,14814.5,8.2,929555.55
3,1804.4,2.5,Urban,40.1,2,14248.0,3.31,455592.75
4,2457.8,3.0,Suburban,0.9,2,6738.5,8.45,509105.75
3,2725.4,2.0,Suburban,43.8,1,12750.9,2.9,503485.94
3,2288.0,2.5,Suburban,29.5,1,10382.0,5.96,445166.69
3,1340.0,2.0,Suburban,23.9,0,13158.5,5.12,282927.03
2,1507.4,1.5,Suburban,35.3,1,3256.3,3.85,267842.75
4,3012.9,2.5,Rural,3.4,1,11709.1,0.61,428184.44
3,2082.6,2.5,Downtown,9.8,1,9211.8,4.28,598086.88
3,2212.9,2.5,Downtown,20.3,1,8561.5,1.62,632606.42
3,2023.0,2.5,Downtown,30.9,0,11204.6,2.64,558281.81
3,2310.9,2.0,Urban,7.2,2,4822.8,7.04,532599.72
4,3397.9,3.0,Suburban,19.0,1,2044.3,5.93,604100.89
6,3960.9,4.0,Suburban,13.0,2,8029.7,5.51,785843.29
3,1647.2,2.5,Urban,32.3,1,5229.9,5.86,372417.27
4,2594.5,3.5,Suburban,46.0,2,4589.7,1.64,501658.71
4,2698.6,3.0,Suburban,8.3,1,14979.3,2.06,567289.32
3,2761.5,1.5,Downtown,9.5,0,3770.1,5.66,695748.15
5,3228.6,3.5,Downtown,30.0,3,4298.1,4.36,881365.57
2,1259.8,1.5,Downtown,22.7,2,5674.4,4.9,376491.83
2,1538.9,2.0,Suburban,35.9,1,7958.0,8.85,269324.63
4,2715.7,3.0,Suburban,14.4,1,13167.6,2.26,581046.81
3,1724.5,1.5,Downtown,27.2,2,3469.5,9.15,413064.6
4,3413.1,3.0,Downtown,19.3,2,9623.5,8.65,913410.15
4,2809.9,2.5,Downtown,14.1,1,6159.3,9.07,731347.99
2,1646.3,1.5,Suburban,36.5,2,12156.8,6.59,316357.23
4,2726.4,3.5,Downtown,39.8,1,9426.3,8.71,727417.49
3,1607.8,2.5,Downtown,16.4,2,12131.3,9.92,507032.37
3,1745.3,2.5,Rural,31.1,2,12971.3,4.98,292763.94
3,1964.9,2.0,Suburban,8.9,0,13769.8,8.69,404479.73
5,3254.8,4.0,Urban,39.5,2,14939.5,9.09,783424.44
1,1105.2,1.0,Urban,14.1,1,9664.1,3.44,266054.02
3,2255.7,2.0,Urban,8.5,0,9925.5,4.71,517514.34
3,2133.2,2.0,Urban,47.0,3,2968.1,5.95,450390.07
4,2703.7,3.0,Suburban,21.1,1,2471.3,3.82,473887.39
3,2263.0,1.5,Suburban,32.2,2,7826.8,3.56,423843.43
2,1639.7,1.5,Rural,40.5,1,10711.6,4.12,237416.69
3,2175.9,3.0,Downtown,34.3,1,4474.8,4.53,573044.82
3,1920.2,2.0,Suburban,28.2,2,5580.3,2.9,361660.91
4,2463.4,2.5,Downtown,18.6,2,10801.8,5.0,673879.74
3,2602.9,2.0,Urban,45.9,2,3963.3,7.9,533577.59
2,1617.2,2.5,Suburban,6.7,2,8299.2,6.43,336936.85
5,3024.6,4.0,Rural,44.2,2,8540.7,4.11,424440.28
1,963.2,1.0,Suburban,35.5,2,13837.3,1.98,221314.5
6,3118.5,4.5,Suburban,28.6,2,6631.8,8.33,607460.63
3,1859.1,2.5,Suburban,16.2,3,3947.7,5.36,379505.33
4,3148.9,2.5,Suburban,7.3,2,3434.5,9.73,608405.97
3,2023.9,2.0,Urban,22.2,1,5104.2,2.9,448724.49
1,611.8,1.0,Suburban,39.2,1,4904.9,2.17,86013.19
4,2833.3,2.5,Suburban,37.3,2,11502.8,0.58,559629.34
4,2775.0,3.0,Downtown,32.3,1,9312.1,1.28,757303.3
4,2007.7,3.0,Suburban,49.6,1,10554.0,4.16,370589.44
2,1237.7,1.0,Suburban,48.6,1,9824.1,2.38,219619.43
4,3390.1,4.0,Rural,20.0,2,7737.4,0.86,520367.61
4,2287.7,3.5,Rural,9.6,1,13995.9,2.64,406070.68
3,1983.7,1.5,Suburban,23.2,1,12443.9,7.42,379948.72
4,2748.1,2.0,Downtown,42.2,2,3951.5,7.49,674346.11
4,2762.9,2.5,Urban,22.9,0,6931.3,1.92,628114.41
3,1719.7,2.5,Downtown,16.8,2,5030.6,9.4,496756.6
2,1406.1,1.5,Suburban,37.1,2,11439.6,2.01,283843.86
3,2182.0,2.0,Downtown,32.5,2,5822.4,1.35,594989.67
2,1448.4,1.5,Suburban,48.4,1,9963.0,2.05,251168.56
3,1484.5,2.0,Suburban,27.5,0,5091.0,1.83,296615.42
3,2077.8,2.0,Suburban,48.4,1,3403.1,6.5,328331.57
2,1503.0,1.0,Rural,14.5,2,1128.6,1.98,180943.13
3,2304.3,2.0,Suburban,43.2,3,14924.7,6.53,459841.88
2,1380.8,2.0,Suburban,17.5,2,4073.2,3.13,325773.59
4,3056.5,2.5,Suburban,40.5,2,12651.4,2.86,586434.1
5,3793.9,4.0,Downtown,46.3,3,12509.2,9.02,1007619.54
2,1379.6,2.0,Urban,31.2,2,4303.5,2.54,339423.8
5,3284.0,3.5,Urban,36.4,2,6818.9,8.71,729897.33
3,1865.2,2.0,Suburban,47.9,0,12705.6,3.38,319484.05
3,2736.6,2.5,Suburban,18.8,1,10657.3,9.92,524642.09
2,1243.8,1.0,Suburban,25.6,1,6178.3,9.82,237572.98
3,2473.3,2.0,Urban,44.9,1,14288.0,8.36,539181.25
4,2223.7,4.0,Urban,33.6,1,5792.8,8.75,527426.03
4,1983.2,3.5,Urban,43.7,3,3968.9,8.32,460131.4
2,1428.6,1.5,Rural,30.9,2,3054.1,6.48,186068.96
2,1427.4,2.0,Suburban,37.0,2,10818.5,8.19,283015.45
3,1749.9,2.0,Downtown,0.7,1,1406.1,6.47,479343.16
3,1740.5,2.5,Suburban,17.0,1,12841.8,8.5,371048.12
2,1348.1,1.0,Suburban,38.5,0,5259.1,9.39,155183.06
3,2426.0,2.0,Downtown,20.2,2,6177.3,7.66,631578.54
4,3267.5,2.0,Suburban,18.1,1,12225.6,9.66,583513.45
5,3753.5,4.0,Urban,47.6,1,12398.5,4.76,852408.24
3,2446.9,2.0,Urban,27.6,1,6600.1,9.29,533412.16
5,3298.2,4.5,Rural,9.6,1,8753.5,2.65,517699.99
3,1803.4,2.5,Urban,23.6,0,10508.9,0.8,429467.46
3,1654.5,2.0,Downtown,25.9,0,10640.5,1.72,457331.06
2,1682.9,1.5,Suburban,49.4,2,8476.8,2.02,300378.75
3,1752.4,2.5,Suburban,35.9,2,12817.5,8.33,372762.55
5,2898.1,3.5,Suburban,26.0,2,12780.2,4.31,616305.36
3,2537.8,2.0,Downtown,21.6,2,12883.2,2.72,711276.89
3,2367.2,3.0,Downtown,45.8,2,4755.1,8.22,574191.23
3,2047.0,2.0,Downtown,32.3,2,4596.7,2.42,553614.43
2,1568.2,1.5,Urban,17.8,3,2957.5,1.24,373336.3
4,2479.3,3.0,Downtown,23.2,1,12569.6,4.93,702942.65
3,1635.6,3.5,Suburban,13.9,2,1849.2,1.16,353034.67
3,2433.5,2.5,Downtown,48.0,3,2894.3,3.15,585152.18
3,2450.6,2.5,Urban,35.1,0,13966.9,7.15,564542.27
3,2077.6,2.5,Downtown,19.6,1,2751.6,4.06,544607.68
2,1413.8,2.0,Downtown,9.2,1,2698.0,1.33,389479.33
3,2282.8,2.5,Suburban,8.9,2,13727.5,4.33,497418.5
2,1316.2,1.5,Suburban,23.9,0,5341.5,5.37,246090.01
4,2420.9,2.5,Suburban,23.4,2,13339.9,2.88,480357.91
4,2417.7,3.0,Urban,20.9,2,6287.2,2.12,613084.62
4,2853.8,3.0,Downtown,42.6,0,6231.0,7.74,731650.59
3,1428.3,2.5,Downtown,49.0,0,2892.6,1.14,354815.38
3,1871.8,2.0,Suburban,17.7,3,13860.7,9.59,405904.45
2,1566.5,2.0,Rural,14.7,2,11663.6,0.57,298664.48
4,2530.0,3.5,Downtown,38.5,2,4159.1,6.69,651224.53
3,1824.7,1.0,Rural,22.5,1,11189.2,1.77,262303.11
3,2080.2,2.0,Urban,10.9,2,2451.7,5.7,485046.29
3,2500.4,1.5,Suburban,9.0,3,8333.4,2.28,514560.15
2,1356.6,1.5,Urban,14.0,2,4559.7,0.83,337299.72
3,2397.5,2.0,Suburban,0.1,1,12908.2,8.67,471294.02
2,1875.6,2.0,Suburban,47.1,2,8155.8,4.53,354862.43
4,3143.4,3.0,Suburban,21.5,0,13897.0,3.11,611092.74
3,2126.4,2.0,Suburban,4.1,1,9192.3,9.5,419659.0
1,718.1,1.0,Downtown,8.2,2,8055.7,1.28,266558.63
3,2335.7,2.0,Suburban,16.2,0,10715.1,3.81,470553.32
1,1049.4,1.0,Urban,27.6,0,11975.6,2.18,245993.36
3,1796.7,2.5,Suburban,35.2,2,1213.6,9.92,324499.13
4,2849.3,3.5,Rural,15.4,1,8312.0,5.69,438095.02
2,1024.8,2.0,Downtown,47.9,1,11860.0,8.22,274206.9
4,2441.2,3.0,Rural,38.0,1,6704.9,2.05,341612.72
1,858.6,2.0,Urban,41.3,2,1631.7,3.39,173986.58
2,1622.4,1.0,Urban,16.2,1,1245.8,6.39,313885.07
4,2177.3,2.5,Rural,19.0,2,12113.9,2.19,336637.67
3,2017.1,2.5,Urban,26.9,1,3773.1,5.25,481320.53
2,1702.0,2.0,Suburban,22.6,0,3448.8,9.35,273702.29
3,1957.7,2.0,Urban,13.0,2,5053.8,9.34,456147.57
3,2459.4,3.0,Downtown,49.9,1,2430.4,3.87,588687.59
4,1920.7,2.5,Suburban,42.4,2,1746.0,5.4,369014.47
3,2496.9,2.0,Rural,11.9,2,13211.6,2.38,385460.97
4,2419.7,3.0,Suburban,44.6,1,5239.0,9.8,450776.51
4,2696.7,2.5,Downtown,29.3,0,9153.5,5.44,696374.44
3,1655.4,2.0,Suburban,0.6,2,13009.2,2.46,397398.51
5,3100.8,4.0,Suburban,17.3,2,14684.4,8.53,660543.32
3,2401.6,3.0,Suburban,1.3,1,10638.9,4.49,505014.36
5,3056.3,3.0,Suburban,4.4,2,14302.3,6.54,651221.89
2,1737.1,1.5,Suburban,8.9,0,6929.3,8.51,320200.64
3,2074.9,2.0,Suburban,24.2,2,12053.6,3.44,402955.54
3,2460.3,2.5,Suburban,19.1,1,14126.4,5.99,502488.25
3,1862.1,2.0,Rural,7.4,2,1744.2,1.03,299722.2
3,2553.9,1.5,Rural,19.7,2,5444.3,2.73,350661.44
4,2431.4,3.5,Urban,15.2,2,11363.5,1.82,633536.15
1,665.4,1.0,Downtown,20.5,0,5413.8,6.62,163481.99
2,1706.8,1.5,Suburban,8.6,2,1238.5,2.92,352052.46
4,1927.3,3.0,Rural,30.5,2,12298.4,7.72,306259.02
3,1628.7,2.0,Suburban,2.2,2,3306.1,7.73,345014.56
5,3818.2,2.5,Rural,19.4,1,5492.2,7.95,511606.45
4,2145.0,3.0,Suburban,44.7,1,13748.1,1.76,450335.74
5,2702.2,4.0,Rural,21.0,2,3924.0,5.5,391574.31
4,3367.1,3.0,Downtown,22.1,2,13526.6,6.95,942756.34
3,1748.0,2.0,Suburban,3.4,2,6915.7,3.57,383114.86
2,1558.7,1.5,Urban,30.3,2,13853.8,2.97,384928.33
4,2780.5,2.5,Rural,46.8,2,13275.9,7.32,388177.06
3,1321.2,2.0,Suburban,14.6,1,6813.4,3.84,291118.63
1,1005.5,1.0,Downtown,19.7,1,13906.2,2.86,339045.06
3,2274.5,2.5,Rural,29.4,1,9858.1,5.85,348000.89
5,3510.9,4.5,Suburban,4.7,2,7658.6,6.39,710212.54
3,2379.8,2.0,Downtown,47.5,0,8429.7,7.88,558438.67
3,1963.0,2.0,Suburban,23.4,2,1886.2,0.89,375696.54
3,2177.0,2.5,Urban,5.8,0,12306.3,2.16,517151.32
2,1353.0,2.5,Suburban,16.8,2,5094.5,7.88,275814.11
3,1713.0,2.0,Rural,18.7,3,4782.4,5.55,265907.2
3,1771.0,2.5,Suburban,17.3,1,11015.6,8.16,354834.24
2,1234.6,2.0,Suburban,34.7,2,6191.3,4.76,268541.66
4,3068.9,3.0,Downtown,17.3,2,8198.3,4.86,819724.15
3,1637.1,2.0,Suburban,16.2,1,6902.0,4.09,318476.17
4,2726.6,3.0,Downtown,16.1,1,8064.9,7.07,752215.38
4,2640.6,3.0,Downtown,38.9,2,4110.4,6.11,684299.63
2,1446.3,2.0,Suburban,15.4,2,13389.1,4.23,321867.25
3,2536.2,3.0,Downtown,0.7,2,9542.5,2.28,763732.39
3,2118.6,2.5,Downtown,18.3,3,4271.9,0.52,610179.18
4,2838.2,2.5,Suburban,13.9,3,2281.5,1.37,579676.38
2,1597.0,1.5,Downtown,45.5,2,8496.6,1.52,385163.43
3,2059.4,2.5,Downtown,23.9,1,7553.7,5.91,547933.03
3,3093.2,3.0,Rural,11.7,1,14054.9,7.71,476543.77
3,1635.2,2.0,Suburban,49.1,2,4229.8,4.84,298578.63
2,1862.1,1.5,Suburban,12.3,2,13342.5,4.44,385523.5
3,2299.2,1.5,Suburban,38.2,1,11730.9,1.76,420082.2
4,2299.9,3.0,Suburban,32.5,1,7671.1,9.06,442800.88
3,2510.7,3.5,Suburban,23.1,2,13232.8,7.48,497471.63
3,1677.6,2.0,Suburban,20.3,1,13066.3,4.46,337280.97
3,1878.6,2.5,Suburban,43.6,3,11001.9,1.42,398737.54
4,1883.6,3.0,Urban,23.8,2,2421.7,8.54,461378.78
2,1577.7,1.0,Rural,18.8,2,3242.7,2.11,232899.2
4,2090.9,3.0,Rural,17.7,1,9282.4,6.9,319604.0
3,2249.7,2.5,Downtown,13.8,2,4435.9,3.73,611174.77
3,2276.7,1.5,Urban,20.4,2,8716.3,8.67,509419.29
2,1519.5,2.0,Downtown,6.0,1,8851.0,6.08,431066.03
2,1808.2,1.5,Suburban,3.3,2,9219.3,2.66,387554.7
3,1935.2,2.5,Suburban,27.1,2,8977.8,0.62,398384.5
3,1751.9,2.0,Suburban,22.7,0,6309.6,2.52,334240.35
4,3663.9,3.0,Suburban,8.7,2,3943.4,3.97,682714.69
1,748.7,1.0,Urban,5.3,2,8259.6,7.23,217232.25
3,1295.7,2.5,Urban,7.2,1,7932.3,2.55,374589.91
3,1651.4,2.5,Downtown,15.8,2,4852.7,2.98,518589.96
1,978.2,1.5,Urban,22.6,2,1716.6,4.63,208806.17
2,1351.4,2.5,Urban,9.7,2,3878.0,0.91,387029.51
3,2402.0,2.0,Downtown,37.8,1,8710.9,7.8,566870.88
3,2406.5,2.0,Suburban,9.7,1,8498.7,1.25,481628.65
3,2064.0,2.5,Urban,6.2,2,2871.0,7.5,463651.31
3,1849.0,2.0,Suburban,49.7,1,9484.7,3.05,323891.09
3,1751.4,2.0,Urban,22.4,1,6917.1,4.87,395898.26
1,809.6,1.0,Suburban,8.5,1,10151.4,4.4,169112.26
3,2444.4,2.5,Rural,44.7,2,13432.1,2.91,345379.1
5,3468.5,4.5,Rural,11.6,2,5319.7,2.93,557037.8
3,2093.5,2.0,Suburban,46.3,3,5862.3,9.52,357447.54
3,2422.1,2.5,Suburban,5.9,0,10475.4,3.4,458477.32
3,2618.0,2.5,Suburban,42.1,0,14288.2,2.24,495239.43
4,2781.3,3.0,Downtown,9.2,2,7805.7,2.88,796124.64
4,2859.9,2.5,Suburban,46.9,1,3370.0,7.1,518953.66
3,2230.3,2.0,Urban,28.7,2,14090.1,3.43,540610.41
5,2905.3,4.0,Urban,9.5,1,7576.9,2.13,692782.63
2,1405.4,1.0,Rural,42.2,2,7449.8,4.44,179480.41
1,834.6,1.0,Downtown,19.5,2,8557.3,1.62,253860.75
4,2697.0,3.0,Urban,36.6,2,4535.1,4.29,585695.73
4,1917.4,3.5,Suburban,32.2,1,11985.7,8.69,397362.0
2,1525.3,1.0,Downtown,35.7,2,9974.6,4.04,397265.19
3,2025.5,2.0,Suburban,17.2,2,14368.2,5.38,428424.88
1,1076.9,1.0,Urban,46.9,1,3854.4,8.0,154521.24
3,1603.3,1.5,Suburban,28.0,2,9667.9,5.4,332229.37
4,2607.5,3.0,Rural,3.9,1,8232.9,0.95,431090.1
3,2489.2,2.0,Suburban,3.3,2,13526.6,2.54,525776.78
3,2429.4,2.0,Suburban,36.9,1,1425.1,9.0,414065.56
3,1824.1,2.0,Suburban,42.5,2,11651.2,8.12,352752.59
1,850.6,1.0,Downtown,34.8,0,9722.8,7.73,179889.39
3,2116.5,2.0,Suburban,13.9,2,9505.7,5.7,431236.79
3,2213.0,2.0,Suburban,11.3,3,13254.5,3.86,467297.16
5,3188.1,4.5,Suburban,28.3,2,9257.2,7.1,623868.85
4,2897.5,3.5,Suburban,9.8,2,11022.9,6.8,594217.97
1,809.0,1.0,Urban,19.0,2,10039.9,6.61,223850.06
4,2488.0,3.5,Suburban,31.4,0,1973.1,5.28,448497.18
4,3169.1,2.5,Suburban,14.2,1,2579.6,2.96,609125.76
4,2704.1,3.0,Urban,18.8,0,5739.0,4.64,626239.74
3,2375.7,2.5,Downtown,18.0,2,10459.8,5.37,658229.39
3,2429.0,2.5,Rural,23.0,2,1370.3,2.55,328053.83
3,2076.3,2.5,Urban,33.7,1,11816.3,2.69,527674.86
2,1467.4,1.5,Downtown,39.1,2,3842.1,8.02,340492.68
2,1232.8,2.5,Rural,33.3,1,8833.3,3.54,197967.05
2,1774.9,2.0,Rural,1.3,0,3816.2,9.75,249646.21
3,2500.9,2.0,Urban,44.8,1,3463.6,4.65,475831.47
4,3391.5,3.0,Suburban,29.1,2,5678.7,6.28,594152.3
3,2063.6,2.0,Rural,46.0,3,13901.1,5.29,319622.19
2,1298.7,2.5,Downtown,48.2,1,4329.8,5.18,301851.19
5,2627.2,4.5,Suburban,23.4,2,1679.3,8.96,524659.16
5,3696.4,4.0,Downtown,45.8,2,13351.4,1.38,985221.04
4,2316.4,4.0,Suburban,18.3,1,7145.0,3.78,481306.64
6,3613.2,4.5,Rural,13.0,3,9694.8,3.22,571823.93
3,1994.3,2.0,Urban,3.7,1,13400.9,3.6,486664.35
5,2931.5,4.0,Urban,22.6,3,11579.1,9.17,736013.77
2,1635.2,1.5,Suburban,34.4,0,12151.1,1.16,310462.33
3,1953.6,2.5,Rural,48.8,2,7721.3,3.19,269044.82
2,1443.6,1.0,Suburban,26.1,2,10622.8,7.51,261699.33
2,1703.2,1.0,Downtown,36.7,1,14492.7,2.77,446511.37
2,1644.8,2.0,Suburban,44.8,0,13457.0,8.41,288339.43
3,2039.5,3.0,Suburban,27.2,0,9574.0,3.63,431618.62
4,2876.0,3.5,Downtown,8.3,0,2195.2,1.58,770447.38
3,2733.8,3.0,Rural,42.4,2,14715.8,5.43,389134.76
2,1643.3,1.5,Suburban,28.7,2,4156.8,5.36,292649.53
4,2564.1,3.0,Rural,37.9,0,6050.6,0.87,363318.86
3,1632.6,2.0,Suburban,32.9,0,2964.9,7.32,284903.08
3,2250.6,2.0,Downtown,3.1,0,3332.6,1.85,602991.82
3,2404.9,1.5,Downtown,8.5,1,12140.9,2.53,678048.32
3,1962.5,2.0,Rural,14.3,3,2795.7,5.84,267283.35
3,1636.0,1.5,Downtown,14.2,1,3651.3,8.96,430128.89
5,2887.0,4.0,Suburban,42.0,1,3400.9,0.7,553753.53
3,2294.6,2.5,Suburban,29.9,1,6182.6,8.32,405363.72
3,2479.7,1.5,Urban,4.2,0,10725.6,7.66,560913.91
4,2585.3,3.0,Suburban,19.4,1,10013.7,2.04,522805.19
4,2856.6,4.0,Downtown,27.8,1,11145.7,4.04,803108.5
2,1581.5,1.5,Urban,12.6,0,11175.4,9.11,366181.42
2,1956.7,1.0,Suburban,2.0,2,1042.0,1.89,337162.88
1,984.7,1.0,Suburban,19.0,2,10583.6,1.56,222206.07
3,2469.0,1.5,Urban,23.1,2,10584.0,7.48,563737.85
3,1447.9,2.5,Urban,45.2,1,1869.6,4.97,311074.25
2,1595.7,1.5,Suburban,45.4,1,6979.7,3.2,262882.83
5,3512.4,3.5,Urban,25.0,0,2101.1,2.13,755611.65
3,2263.4,2.0,Rural,23.6,0,3671.6,7.36,295848.68
2,1842.1,1.5,Suburban,32.0,1,7856.5,4.68,339886.07
3,1913.2,2.0,Urban,12.9,2,1168.2,2.77,464580.31
3,1740.0,2.5,Rural,14.3,1,2330.0,9.46,258391.62
2,1941.1,1.0,Urban,0.1,1,2188.9,5.83,423961.01
3,2080.2,2.0,Suburban,3.9,2,2743.6,3.86,372931.5
4,2270.1,3.5,Rural,8.9,2,1697.0,7.34,336247.68
3,2028.4,2.5,Downtown,32.0,2,9569.1,5.22,567771.41
3,1843.7,2.5,Rural,10.6,1,3500.4,0.59,272208.8
3,2085.0,3.0,Downtown,6.2,2,13076.4,8.49,625602.93
1,924.8,1.0,Suburban,30.8,2,13387.2,1.13,191150.64
2,1492.5,1.5,Rural,32.6,1,10674.5,9.9,229863.25
3,1987.8,2.0,Downtown,3.0,3,1909.4,3.82,546957.35
2,1765.1,1.5,Downtown,38.6,2,13482.5,5.49,470626.49
1,740.5,1.0,Suburban,30.3,2,6861.6,10.0,119943.46
4,2763.8,3.0,Urban,19.9,2,3535.6,3.06,626710.54
6,3832.3,4.5,Downtown,49.2,2,11902.9,4.9,1046922.38
4,3204.7,3.0,Suburban,0.5,2,5853.7,7.67,634692.31
4,2182.3,3.0,Suburban,27.2,3,8085.0,4.94,439907.74
2,1103.9,2.0,Suburban,8.0,1,11402.6,3.67,268748.23
5,2448.8,4.0,Suburban,16.5,2,2415.7,1.65,515653.0
2,1308.8,1.5,Downtown,6.7,2,3373.8,5.37,365513.86
5,3990.9,3.5,Suburban,33.4,2,14559.8,5.74,751380.68
6,3735.2,4.0,Urban,20.1,0,10989.6,2.71,899878.52
4,2511.0,3.5,Rural,49.3,1,4235.8,3.67,328577.86
6,4382.8,4.0,Suburban,32.7,2,9033.0,3.34,812352.7
3,2430.9,2.0,Downtown,45.9,1,3631.8,4.56,586117.58
3,2104.8,2.0,Urban,12.0,2,13116.5,8.08,526255.5
3,2209.4,2.0,Rural,15.9,3,7280.6,3.66,316261.64
3,1594.1,3.0,Suburban,18.1,1,12296.2,3.09,365632.92
2,1468.1,1.5,Suburban,41.9,1,14606.8,8.48,266110.38
3,2934.7,3.5,Rural,10.6,1,14732.2,8.21,464526.49
6,4287.2,4.5,Suburban,47.3,1,2926.6,8.04,758703.01
2,1137.5,2.5,Urban,2.2,2,14227.3,7.56,368835.48
4,2666.5,3.5,Suburban,44.5,1,4784.1,8.94,477347.64
5,3418.1,4.0,Downtown,22.6,2,6034.7,7.28,946491.51
5,2828.9,4.5,Suburban,26.3,3,1881.9,2.11,583232.93
5,3993.7,4.0,Urban,49.9,1,10038.4,0.81,904529.53
3,2320.4,2.5,Suburban,43.5,2,10017.6,2.23,451087.55
5,2687.1,4.5,Suburban,45.2,1,11878.5,3.96,542561.33
4,2766.8,3.0,Downtown,29.3,1,14247.6,1.0,784322.64
2,1261.2,1.0,Rural,47.8,1,6994.3,7.69,145948.3
3,1924.2,2.0,Rural,34.4,0,6704.1,6.59,245881.89
4,2428.1,3.5,Suburban,41.0,2,9947.6,7.32,463536.93
2,1368.7,2.0,Urban,36.0,2,10343.7,1.41,364488.66
3,2646.1,2.0,Downtown,39.0,2,7233.4,3.62,634314.28
3,1565.0,1.5,Suburban,31.9,1,13870.6,4.86,340590.55
2,1198.9,1.5,Suburban,36.3,2,1730.4,6.22,184544.0
3,2002.7,2.0,Urban,21.8,1,11589.6,8.13,478915.76
4,2188.5,3.0,Suburban,35.3,2,3911.2,9.78,401208.95
3,1731.4,2.0,Suburban,13.8,0,7934.6,1.28,327297.79
1,849.0,1.0,Suburban,31.7,1,12920.9,6.6,185877.71
1,1132.8,1.5,Downtown,26.2,2,5614.5,1.78,273642.83
3,2114.1,2.0,Rural,44.9,2,13595.6,3.35,320778.69
5,3330.2,4.5,Downtown,33.7,2,7309.6,7.83,906973.57
2,833.6,1.5,Suburban,29.8,2,10838.5,9.94,198674.16
3,2217.5,2.0,Suburban,15.7,2,11117.5,5.5,457042.91
2,1418.4,1.5,Suburban,43.1,2,4651.4,3.85,257244.61
3,2181.3,2.0,Suburban,2.7,2,13609.2,2.53,488416.11
4,2565.3,3.0,Suburban,45.0,2,2744.6,7.93,469337.18
4,2700.3,3.0,Suburban,32.6,2,9261.0,9.09,522453.12
2,1359.6,1.0,Downtown,9.5,2,14006.1,8.56,409366.77
3,1718.4,1.5,Downtown,45.1,3,1433.9,5.34,413138.05
1,979.2,1.0,Suburban,16.3,1,8437.5,6.1,192299.21
3,1509.6,2.5,Urban,8.4,3,4450.1,8.45,393891.01
3,2222.3,2.0,Downtown,16.0,1,3694.4,9.32,591066.78
2,1342.3,1.5,Urban,48.1,2,4272.7,9.42,256628.27
3,2242.9,3.0,Urban,37.6,2,13637.6,7.05,522034.35
3,1970.4,2.0,Suburban,45.8,2,6957.2,2.32,362623.18
5,1655.4,4.0,Urban,14.9,1,4302.5,3.47,454437.9
6,4936.7,4.5,Urban,4.1,3,13985.8,3.03,1219297.81
1,615.1,1.0,Urban,28.1,0,5502.6,2.15,131333.56
4,2572.6,2.5,Rural,24.2,0,11128.5,2.88,384579.83
3,1522.8,2.0,Suburban,36.0,2,8520.4,8.76,304704.57
3,2138.3,2.5,Downtown,27.1,2,10508.3,7.82,605492.53
4,2875.1,3.5,Suburban,19.8,2,3557.5,0.92,568362.83
5,3023.1,4.0,Downtown,0.2,2,10499.4,1.9,914574.34
5,3172.5,3.5,Suburban,23.4,0,13681.5,9.86,617462.7
3,2576.0,2.5,Rural,6.0,0,2412.7,2.65,338659.07
3,1888.2,2.5,Suburban,46.1,3,5571.4,6.53,352066.37
4,2453.1,3.0,Suburban,46.1,2,14616.5,2.45,526171.25
3,1672.2,1.0,Suburban,40.2,3,4152.8,2.72,315810.52
3,1496.6,2.0,Suburban,7.9,3,1833.8,5.24,317148.08
3,2213.4,1.5,Downtown,7.4,2,1770.8,5.13,606253.54
3,2356.7,2.5,Urban,28.2,2,4854.2,6.64,513231.67
2,1472.6,1.5,Rural,36.4,1,7928.2,2.1,209200.01
2,946.3,1.0,Suburban,45.2,0,4763.6,3.0,141427.0
5,2629.4,4.0,Downtown,44.7,2,4932.6,6.43,710337.43
2,1004.1,1.0,Urban,7.8,2,12640.0,1.43,312286.79
3,2183.9,2.0,Rural,49.8,2,11737.2,9.14,304796.04
2,1434.1,1.0,Rural,7.8,0,5351.8,2.2,200046.9
1,870.9,1.0,Suburban,42.0,0,5828.4,4.66,113686.63
1,1142.7,1.5,Suburban,29.3,0,14575.4,1.53,262855.02
2,1332.6,1.5,Suburban,33.9,2,14302.2,7.01,278069.62
4,3009.0,3.5,Downtown,30.2,2,14623.4,3.61,839345.01
3,2315.8,2.5,Urban,43.5,2,14148.8,1.2,538311.88
5,3298.9,4.0,Urban,31.9,2,9793.2,6.13,808609.6
3,2624.7,2.0,Urban,42.4,1,5316.6,9.82,558527.4
3,2670.3,2.0,Suburban,7.7,2,14572.9,8.77,538042.68
3,2358.0,2.5,Urban,43.3,1,11399.5,7.18,509367.82
3,1182.2,2.5,Suburban,49.6,2,10957.4,0.62,271924.81
4,3348.5,2.5,Downtown,33.1,1,12166.7,8.67,848473.12
3,2225.5,2.0,Rural,48.8,0,9378.6,9.02,288602.57
3,2616.7,3.0,Suburban,11.0,1,9165.6,0.86,532159.0
4,3401.7,3.0,Urban,41.5,3,6058.6,1.66,755008.59
5,4390.4,4.0,Suburban,8.5,1,3110.3,4.79,811566.99
4,3290.3,3.5,Rural,25.8,0,7139.4,4.32,452546.23
3,2306.1,2.0,Suburban,33.2,1,8243.2,3.3,438565.06
4,3284.7,3.0,Urban,33.0,2,13289.3,2.38,763566.27
3,1986.4,2.5,Rural,33.5,1,6622.4,5.72,308957.82
3,1648.5,2.5,Rural,16.0,1,13362.3,7.83,303087.06
2,1017.2,1.0,Suburban,48.7,1,5445.2,9.4,143844.93
3,2128.7,2.0,Downtown,0.3,3,14225.5,3.36,666660.23
2,1726.0,1.0,Rural,31.0,3,1545.1,7.18,217142.74
3,1873.4,2.0,Rural,43.3,2,8354.7,7.99,248268.4
4,1971.2,2.5,Downtown,44.6,2,5502.3,5.04,537038.23
2,1286.8,2.0,Suburban,36.0,1,5121.8,9.25,241364.24
2,1746.6,1.5,Suburban,28.7,1,2111.5,0.72,323143.16
2,1956.4,2.0,Downtown,22.9,2,10538.0,9.05,522314.62
5,3678.3,4.0,Downtown,22.5,1,6495.7,8.98,960877.43
3,2382.1,2.5,Suburban,21.3,1,14286.7,1.8,457492.05
3,1990.9,2.0,Rural,35.0,3,10973.9,4.67,290745.53
4,1803.5,3.0,Downtown,36.6,1,7200.5,5.4,494171.62
4,2485.0,3.0,Rural,25.7,0,9782.2,4.32,346851.69
3,1978.0,1.5,Rural,37.0,2,1924.0,9.01,240432.21
3,1761.8,2.5,Rural,26.4,1,9247.9,7.27,258775.95
4,2818.8,3.0,Suburban,4.9,2,10326.1,1.67,589821.95
3,2304.9,1.5,Suburban,42.6,0,2486.3,9.3,376250.75
2,1775.0,1.5,Suburban,43.5,0,10554.0,0.94,331242.16
4,2473.5,3.0,Rural,13.3,2,7636.1,6.16,361546.19
3,1231.3,1.5,Suburban,39.3,1,7714.6,5.47,240286.74
3,2025.2,1.5,Downtown,25.6,2,11130.1,1.19,558912.59
3,2013.5,2.0,Suburban,6.2,3,7297.3,7.11,420281.93
1,888.7,1.0,Suburban,19.9,1,4280.9,9.64,166542.81
2,1197.9,2.0,Rural,3.8,2,5176.0,4.86,194938.29
4,2863.7,3.5,Suburban,39.3,0,11336.9,5.38,524770.53
1,1165.6,1.0,Urban,9.8,2,1993.9,4.15,260576.75
3,2037.4,2.0,Downtown,8.2,2,12771.6,8.81,617569.92
3,2215.7,3.0,Rural,10.4,2,9150.8,9.31,370756.49
2,1465.6,2.0,Suburban,11.3,1,11177.6,4.27,308391.91
5,3038.3,4.0,Rural,33.7,1,5811.6,8.96,431980.25
2,1179.7,1.5,Suburban,31.9,1,4118.4,2.44,220042.13
3,2007.3,2.0,Urban,6.5,3,12264.1,4.85,509444.28
3,2571.7,2.0,Suburban,36.2,2,2430.9,2.89,427493.33
2,967.3,1.0,Downtown,17.5,1,3322.0,2.63,267654.87
1,737.3,1.0,Suburban,22.9,1,4988.9,8.64,119545.51
4,2232.7,3.5,Downtown,6.2,1,5917.1,7.29,630014.51
5,3396.2,4.0,Suburban,35.4,2,3851.2,1.14,658758.6
2,1556.6,1.5,Suburban,18.8,2,13776.8,7.7,326485.97
3,2014.1,2.5,Downtown,31.6,1,1380.5,5.94,498464.3
4,2947.2,3.0,Suburban,21.4,1,12248.5,7.98,555807.55
4,2905.4,2.5,Suburban,2.4,1,6755.0,6.14,536489.39
3,2354.1,2.5,Suburban,35.2,0,12705.6,4.09,435309.29
3,2785.6,2.0,Downtown,27.6,3,12143.5,5.2,751399.54
3,1742.3,2.5,Suburban,21.7,2,2694.5,1.85,340540.87
4,2684.3,2.5,Suburban,10.1,3,10329.8,3.45,543213.04
4,1940.2,3.5,Suburban,31.2,1,6298.2,0.71,402109.69
2,1539.8,1.5,Suburban,13.8,2,12494.2,4.36,332764.62
3,1774.7,2.0,Downtown,21.5,1,12914.3,1.37,552616.22
5,3148.1,3.5,Rural,2.8,2,3646.6,6.78,471164.35
4,2752.5,3.0,Rural,38.8,1,7701.1,9.17,352930.75
6,4019.0,4.0,Urban,4.5,2,9321.7,7.54,929654.88
4,2339.1,3.0,Suburban,44.5,2,8617.1,2.47,422594.1
3,1791.0,2.5,Suburban,43.4,2,4524.8,5.32,336448.47
3,2629.0,3.0,Suburban,48.6,2,4814.9,7.26,444548.28
3,1974.9,1.0,Suburban,45.4,2,13014.7,8.15,364744.26
2,1357.6,1.5,Suburban,48.6,3,1457.8,3.19,248705.37
3,2223.9,2.0,Downtown,44.4,1,4673.1,5.03,540261.76
4,3402.0,3.0,Downtown,5.6,2,4123.0,1.49,914053.55
2,1441.8,1.0,Urban,21.9,2,6189.4,7.4,346290.96
4,2418.9,3.0,Rural,3.8,2,10605.4,4.63,385491.51
3,1740.1,2.5,Suburban,27.3,1,8451.6,0.9,346011.65
5,2896.9,3.5,Downtown,26.5,1,8568.8,5.53,803957.44
1,811.3,1.5,Downtown,46.1,2,11238.0,8.02,227654.09
3,1756.8,2.5,Suburban,48.5,2,12370.2,0.92,323517.51
3,1905.0,2.5,Downtown,13.0,2,3238.2,4.33,552599.03
3,1865.1,2.0,Suburban,29.1,1,2512.4,5.08,309131.82
4,3139.5,3.5,Downtown,23.2,1,5217.1,10.0,775116.94
4,2788.3,3.5,Urban,27.3,1,12585.7,2.58,671971.96
2,1577.9,1.0,Suburban,26.6,2,8584.4,8.28,272356.56
3,2664.8,2.0,Rural,45.7,0,2999.6,1.89,334342.34
3,2339.9,2.5,Urban,44.8,2,3292.3,9.66,484073.17
3,1843.0,2.5,Downtown,6.1,3,13575.8,3.41,613721.2
5,3062.3,3.5,Urban,17.3,2,6137.6,1.88,758509.82
4,2153.0,2.5,Downtown,37.6,1,4573.9,4.13,554616.06
3,2264.3,2.5,Suburban,34.2,1,10712.4,0.64,447672.11
4,2733.8,3.5,Downtown,31.6,2,13051.0,1.53,766288.92
3,2196.1,2.5,Downtown,49.7,1,7193.7,5.21,556909.93
5,2855.0,3.0,Suburban,16.8,2,12075.9,9.44,573509.59
3,1771.6,2.5,Downtown,25.8,3,7020.5,4.73,515068.26
4,2876.1,3.5,Suburban,49.0,1,10679.9,6.77,528697.85
4,2012.8,3.0,Suburban,34.8,2,9047.4,7.22,408903.31
3,2372.5,3.0,Urban,32.4,3,13522.3,0.85,595400.05
4,2485.3,3.5,Suburban,7.7,1,5550.7,3.56,477763.61
2,1465.9,1.5,Suburban,12.3,2,11785.9,9.97,324227.76
3,1712.2,2.5,Urban,18.9,2,10575.1,0.57,451793.23
3,1971.1,1.5,Downtown,23.2,3,12743.5,4.97,567251.04
5,3026.8,4.0,Urban,24.9,2,9505.6,8.46,726948.01
4,2567.9,3.0,Urban,45.1,2,7441.9,3.24,592943.71
4,3045.7,3.0,Rural,5.4,2,1692.4,9.97,419727.32
4,2822.4,3.0,Suburban,12.4,1,12755.8,5.12,588780.09
3,1995.8,2.5,Suburban,7.2,2,13739.1,9.18,461847.91
5,3063.8,3.5,Urban,36.8,1,7295.1,5.52,719521.02
3,2239.2,2.0,Downtown,48.5,1,4111.7,4.28,531021.1
3,2368.0,2.0,Downtown,44.7,2,10060.2,7.25,589882.01
2,1668.0,1.0,Suburban,36.2,2,2703.8,9.6,254904.57
4,3071.3,3.0,Urban,1.1,1,1571.9,4.07,693896.63
4,2976.5,3.0,Downtown,17.4,1,5061.5,8.72,758622.76
3,2787.4,3.0,Suburban,43.2,2,10518.8,6.77,521621.27
1,701.1,1.0,Suburban,32.7,1,12398.8,4.1,145439.36
4,2928.4,3.5,Urban,10.5,1,3196.0,1.03,686796.95
1,938.4,1.0,Suburban,23.3,1,14246.1,3.46,201182.85
4,1930.4,4.0,Downtown,4.4,2,8729.1,8.4,633767.21
5,2956.4,3.5,Downtown,26.0,2,13953.6,1.4,875049.81
3,1828.9,2.0,Downtown,45.1,1,3097.1,5.94,427261.72
2,1430.7,2.0,Downtown,1.9,3,7411.7,5.36,453728.23
4,2783.6,3.0,Suburban,30.7,2,7031.3,6.79,525544.08
4,2738.4,2.5,Rural,11.7,2,6763.7,9.42,405291.59
3,2009.0,3.0,Urban,49.5,1,14031.0,7.64,455118.81
5,3912.8,4.0,Urban,3.3,2,12891.8,5.35,944344.1
2,1357.5,1.5,Rural,30.9,1,12119.9,8.39,167909.05
3,1736.7,3.0,Suburban,12.8,2,5005.7,7.17,349792.46
4,3285.9,3.5,Downtown,44.1,0,5746.6,9.01,791428.07
4,3076.6,3.0,Rural,6.1,0,4630.2,7.38,422165.37
2,1374.6,2.5,Urban,21.5,3,12108.8,7.65,349290.38
4,2844.1,3.5,Rural,9.3,2,6499.6,1.3,445480.4
3,2312.6,2.5,Urban,40.0,1,14701.6,0.54,537528.61
3,2149.1,2.0,Urban,17.6,2,6100.4,9.58,461078.7
2,1442.8,1.5,Rural,9.3,3,3377.0,2.89,230241.55
4,2413.9,3.0,Urban,36.3,0,14018.0,2.07,592704.36
2,975.6,2.0,Suburban,40.9,0,11957.9,2.01,168440.16
3,1917.3,1.5,Suburban,23.1,2,9165.3,7.51,380559.36
3,2081.1,3.0,Urban,18.9,2,13018.1,0.94,548235.41
4,2345.9,2.5,Urban,31.6,2,14292.2,6.78,570858.53
3,1833.2,2.0,Suburban,32.6,2,13059.2,5.93,357683.6
4,2430.2,3.0,Suburban,33.0,2,13663.3,1.9,506617.13
3,1788.6,2.0,Suburban,13.8,1,4797.3,1.79,356047.96
3,2081.9,2.5,Downtown,47.1,1,8151.9,1.76,573401.76
3,2139.8,2.0,Downtown,10.7,2,12134.1,2.97,640600.57
4,1919.9,2.5,Suburban,18.7,1,8364.3,6.6,395057.02
5,2916.0,4.0,Rural,14.2,2,9985.8,2.47,483288.01
1,944.0,1.0,Suburban,46.6,1,13919.8,6.77,182481.22
3,1899.3,2.0,Suburban,41.4,2,5134.8,9.73,311094.7
2,1432.3,1.0,Urban,40.6,0,8551.7,8.69,283294.39
3,2084.2,2.0,Suburban,0.2,2,8889.5,8.08,431582.91
3,2183.2,2.5,Downtown,34.3,2,6033.5,9.52,547502.49
3,1615.6,2.5,Rural,11.5,2,6155.8,6.32,244313.92
3,2276.7,3.0,Urban,48.4,1,11766.5,7.8,504650.39
3,1893.2,3.5,Downtown,26.5,1,14013.2,7.85,569681.18
3,1946.3,2.0,Urban,28.2,1,9872.3,9.76,455084.66
4,2633.4,2.5,Urban,17.8,2,7831.2,6.65,583610.98
3,1783.6,2.5,Urban,26.8,2,11505.0,3.09,441364.42
2,1289.3,1.5,Suburban,37.5,2,14969.3,2.36,282772.95
4,2496.9,3.5,Suburban,28.1,1,2153.6,3.41,472302.75
3,2703.2,2.5,Urban,32.1,2,10122.2,7.74,604859.79
3,1792.4,2.0,Suburban,23.6,2,8785.5,6.74,352898.15
3,2469.3,2.0,Downtown,35.8,2,9543.5,2.58,652590.99
3,2021.7,2.5,Downtown,45.0,1,1319.5,8.67,443764.43
2,1602.9,1.5,Suburban,2.6,2,14379.4,9.82,380804.93
3,1747.7,2.5,Suburban,5.4,1,2195.6,7.69,351267.69
5,2805.1,3.0,Downtown,34.3,1,5304.6,1.09,757472.85
3,1785.3,2.5,Urban,18.9,0,5176.2,6.46,391534.8
3,1914.4,1.5,Suburban,14.1,2,11263.6,9.41,375544.51
3,2172.7,2.5,Suburban,8.9,2,10393.1,3.47,467616.1
2,1387.4,1.5,Urban,28.6,1,1864.2,6.06,275536.26
3,2770.2,1.5,Suburban,17.4,2,3095.9,2.66,501285.66
4,1788.8,2.0,Urban,25.4,2,5463.0,8.87,408879.73
2,1719.7,1.0,Downtown,47.9,1,10857.5,8.76,375502.69
3,2150.8,2.5,Downtown,37.9,3,14009.3,3.96,639678.33
3,1800.2,2.0,Suburban,39.8,1,5416.6,3.82,311934.4
3,2258.0,2.0,Rural,6.2,0,8358.0,0.5,348682.98
6,3870.4,4.5,Suburban,16.2,2,6216.5,3.52,756904.96
2,842.4,1.0,Urban,5.3,2,9083.0,7.92,240889.59
3,2519.1,2.5,Downtown,48.4,0,9791.6,0.77,625020.62
2,1336.1,1.0,Suburban,34.1,2,8256.1,2.43,251963.25
5,2869.5,3.5,Downtown,1.0,2,6446.3,7.44,842706.34
2,1588.2,1.5,Rural,23.8,3,13317.0,6.66,275929.75
3,1799.6,2.5,Suburban,13.2,0,12226.8,9.87,365477.68
4,3206.7,2.5,Downtown,27.0,2,14977.7,4.21,879648.09
4,3230.8,3.0,Urban,8.9,1,6777.7,1.77,745654.21
3,2110.8,2.0,Downtown,2.8,1,1542.4,6.81,554145.3
3,2308.9,2.0,Downtown,16.2,1,10119.2,1.25,630208.91
3,1810.5,2.5,Downtown,14.8,1,11968.0,1.61,541305.28
3,2978.1,3.0,Rural,35.8,0,14115.0,5.9,417612.15
2,1648.2,1.0,Downtown,23.7,1,1145.1,4.98,382912.13
3,2409.2,2.5,Rural,14.6,0,13314.1,3.0,379062.45
3,2240.2,2.0,Downtown,28.5,2,8234.3,5.04,596222.45
3,2316.4,2.0,Downtown,3.6,1,6247.4,8.75,615125.29
3,1860.7,2.5,Rural,33.1,2,4107.1,7.39,268488.98
5,3314.2,3.5,Suburban,7.4,2,12397.7,4.82,700174.4
3,1415.0,2.0,Suburban,14.0,1,6092.4,3.46,297896.9
2,1779.5,1.5,Suburban,14.1,0,9463.8,6.03,294046.25
2,1465.0,2.0,Suburban,23.3,2,8163.3,0.53,294706.46
5,3438.8,4.0,Suburban,47.7,2,4684.2,7.46,643957.94
3,1134.7,1.5,Suburban,16.2,0,12029.0,8.12,272789.81
2,1204.6,1.5,Downtown,14.1,3,5174.4,1.66,394357.96
3,1813.8,2.5,Rural,8.4,2,12022.4,4.32,300379.85
3,2298.3,3.0,Suburban,19.6,1,6733.6,1.88,450029.71
3,2324.6,2.5,Downtown,9.1,2,1421.2,9.51,616293.6
3,2132.6,2.0,Suburban,6.9,2,11744.0,8.35,449397.81
1,947.3,1.5,Rural,42.9,2,13589.8,0.69,117985.3
5,2807.9,3.5,Suburban,2.6,2,2677.0,9.72,562126.89
3,2417.7,2.0,Suburban,35.5,0,9193.3,1.85,435445.03
3,2381.8,2.0,Rural,10.1,3,2004.6,1.3,330568.55
4,2447.5,2.5,Urban,0.6,0,12618.4,0.81,615168.33
3,2004.6,3.5,Urban,39.8,2,14831.4,8.01,509513.67
3,2615.6,3.0,Downtown,35.1,1,7929.9,9.29,657217.45
3,2348.3,2.0,Urban,16.7,0,5387.6,1.41,534738.16
3,1799.5,3.0,Suburban,4.0,3,12840.5,9.84,447326.2
4,2907.2,3.0,Rural,18.0,0,8290.9,3.5,430719.68
5,3514.4,4.0,Downtown,9.1,2,7286.4,6.95,983389.9
2,1421.4,1.0,Suburban,46.6,1,4189.3,9.87,206217.91
2,1852.9,1.5,Downtown,26.5,2,9624.2,0.58,520795.69
5,3269.9,3.5,Suburban,48.2,1,9488.4,5.69,596375.48
4,2140.1,2.0,Downtown,17.6,2,4679.7,6.73,574921.73
4,2998.5,3.0,Urban,27.8,2,3959.7,4.03,652506.22
2,1419.0,1.5,Rural,9.5,2,7139.9,1.54,204921.12
3,2136.9,3.0,Urban,40.4,1,7311.4,6.4,494358.14
4,3051.4,3.0,Downtown,2.1,1,2797.8,0.95,831909.85
3,2171.1,2.5,Suburban,34.8,1,4864.8,9.27,390033.68
3,2665.7,1.5,Rural,19.6,2,3244.9,4.89,353180.32
1,1107.2,1.0,Downtown,28.9,2,13620.2,9.15,334285.17
3,2216.0,2.0,Suburban,29.6,2,2040.7,8.45,413373.59
3,2425.9,2.5,Suburban,35.5,1,13302.6,0.53,475988.88
3,1876.9,2.5,Rural,10.2,1,8390.4,4.86,292882.68
5,3627.3,4.0,Suburban,26.6,2,10314.5,8.93,697977.21
3,1978.1,2.0,Downtown,21.3,0,13925.5,4.04,541323.21
4,2634.7,2.5,Urban,14.1,1,6115.4,3.57,605830.87
2,1124.5,1.0,Suburban,24.8,1,10836.7,7.01,217642.91
3,2106.3,2.5,Urban,47.6,2,10403.8,7.2,439516.34
5,3681.7,3.5,Downtown,47.4,2,14836.9,6.61,945201.74
2,1910.1,1.5,Suburban,13.9,1,1644.7,3.95,336077.21
1,1010.4,1.0,Suburban,44.2,0,7376.1,1.1,172786.49
3,1679.1,2.5,Suburban,43.8,1,14853.8,9.27,323339.2
2,1641.0,1.0,Rural,12.5,1,5590.3,3.51,254967.21
4,2870.2,3.5,Rural,29.9,2,14519.3,8.06,429182.03
5,3808.5,3.5,Urban,43.5,1,12434.1,3.84,840798.26
3,2248.2,2.5,Urban,25.7,2,5750.5,5.2,492930.32
3,2481.8,2.5,Suburban,18.5,2,1407.5,4.05,460460.98
3,2094.4,2.0,Downtown,32.5,2,4924.8,1.27,521594.11
4,2655.9,3.5,Urban,8.6,1,2732.1,3.63,617769.72
1,687.4,1.0,Downtown,8.1,1,6998.4,9.58,197914.88
3,2036.4,2.0,Downtown,41.6,1,14153.3,1.55,539625.54
3,2381.0,2.5,Urban,2.1,1,8176.6,5.78,563118.26
3,2195.7,1.5,Urban,40.2,2,7265.1,9.7,456281.74
2,1448.3,1.0,Suburban,14.5,2,4020.6,0.69,265133.5
4,2505.3,3.5,Urban,24.2,1,9700.1,1.16,629253.63
2,1420.6,1.0,Rural,27.2,0,7375.2,9.14,191301.75
2,1843.0,2.0,Suburban,38.4,1,11818.0,7.49,323029.63
4,2861.8,3.0,Urban,44.2,0,8225.7,5.68,610492.44
4,2591.4,2.5,Suburban,40.2,2,13412.1,5.6,504199.27
1,879.4,1.0,Rural,28.6,0,11962.2,9.76,121767.01
2,1484.4,1.5,Suburban,17.4,2,3030.9,0.7,286107.47
2,1922.2,1.0,Rural,26.3,0,2904.0,3.07,223385.21
3,2148.8,2.0,Rural,1.5,2,1340.9,3.51,299034.06
2,793.3,1.0,Urban,12.2,2,6166.1,1.64,241557.31
2,1697.1,1.5,Urban,18.3,1,1764.7,3.89,350611.58
3,2496.5,2.0,Suburban,16.0,1,7299.3,4.02,457279.47
4,2586.4,3.0,Rural,4.8,2,4379.0,9.61,398711.25
3,2578.1,2.0,Urban,2.5,1,7975.3,4.7,600628.34
3,2125.5,2.0,Suburban,21.0,2,3216.2,9.38,370282.66
2,1232.3,1.0,Downtown,3.7,2,8688.7,8.2,364966.24
5,3400.9,4.5,Suburban,14.3,2,14530.1,7.5,695787.9
4,2991.5,3.0,Urban,23.7,2,9921.3,3.64,687630.24
4,2480.9,3.5,Rural,10.5,2,8901.5,4.56,387185.79
4,2797.6,3.5,Urban,4.0,2,12032.6,0.92,723735.83
5,2603.8,3.5,Downtown,21.6,1,1077.9,4.08,697402.56
3,2207.5,2.5,Suburban,22.4,2,4954.5,8.77,422282.22
2,1517.0,1.5,Suburban,45.8,2,14817.7,7.92,300437.96
3,1953.2,3.0,Urban,6.4,2,11956.7,8.18,508320.78
4,2862.9,3.5,Suburban,30.7,0,2263.7,2.61,517763.02
4,2849.5,2.5,Urban,16.0,2,5570.4,2.5,654768.55
3,2074.8,2.5,Suburban,6.2,1,7158.1,6.8,401958.26
2,1364.1,2.0,Suburban,19.7,0,14084.2,6.69,289820.73
3,1935.5,2.0,Urban,21.4,1,9206.6,2.36,436516.65
5,2635.6,4.0,Suburban,18.2,1,2081.2,7.34,504293.98
3,1949.6,3.0,Downtown,38.3,2,8127.0,4.07,526536.44
3,2367.6,2.0,Rural,42.0,2,5051.4,8.92,291331.37
3,1923.2,2.0,Downtown,7.4,0,5741.8,3.96,507643.3
3,2459.5,2.5,Urban,8.4,1,2599.8,2.68,534763.87
4,3274.3,3.0,Downtown,21.1,1,7422.6,2.36,860872.68
3,1877.3,2.0,Urban,16.0,2,10372.8,9.03,453654.48
4,2458.8,3.5,Rural,41.0,2,11633.7,8.67,365697.93
3,2577.3,2.5,Downtown,49.8,2,10735.4,4.55,664686.16
3,2823.7,2.5,Rural,9.1,3,10247.2,2.79,434955.49
2,1071.4,2.0,Downtown,38.1,1,13169.0,3.2,316914.39
4,2946.4,3.5,Downtown,30.4,2,5653.2,4.16,789801.92
3,2124.6,2.0,Rural,32.2,3,4004.3,0.92,300837.25
3,1931.7,3.0,Urban,13.2,2,2252.1,1.14,478025.71
3,2145.4,3.0,Downtown,4.9,1,3319.9,9.31,576523.76
5,2982.8,3.0,Rural,27.2,1,3091.5,7.78,397961.36
2,1249.6,1.0,Urban,30.7,2,13775.0,8.23,300402.81
4,2467.0,2.0,Downtown,48.2,2,3527.2,5.05,594982.46
3,2172.2,2.0,Rural,33.8,2,2315.2,3.97,295132.29
3,2019.6,2.0,Suburban,22.2,2,6603.5,1.37,415569.49
1,701.6,1.0,Suburban,49.7,3,3374.6,5.8,93992.25
3,1484.8,2.5,Urban,18.7,2,2828.0,7.56,353335.2
3,2292.7,1.5,Urban,8.1,2,6073.7,2.36,571189.12
2,1766.3,1.5,Suburban,30.9,2,13871.4,4.2,325373.74
3,2207.4,2.5,Rural,13.3,2,1426.1,9.31,283050.32
5,3419.4,3.5,Rural,46.1,3,3908.0,8.52,482314.65
2,1530.8,1.5,Downtown,21.4,2,12539.2,8.08,466266.48
4,3346.5,2.0,Rural,7.5,2,4433.3,0.87,493751.26
3,2234.9,2.0,Suburban,7.1,2,7175.3,2.07,458136.57
3,1743.5,3.0,Suburban,32.5,1,2379.6,3.41,325797.39
3,1977.7,2.0,Rural,18.3,2,12132.4,3.38,308381.79
2,1481.4,2.0,Urban,18.2,0,11310.5,1.73,376480.29
2,1543.0,1.0,Suburban,30.6,1,2792.9,3.25,271502.27
2,1606.2,1.0,Suburban,11.1,0,14271.5,4.57,331389.69
2,1720.8,1.0,Suburban,7.3,2,9268.7,0.97,324431.33
3,1946.4,2.5,Downtown,32.9,2,12174.2,4.33,543931.17
4,2325.6,3.0,Rural,0.3,1,11693.2,5.22,383584.93
4,2456.0,3.0,Urban,45.4,1,8267.0,0.89,542141.22
3,2426.8,2.5,Urban,9.1,2,11464.9,6.9,565159.3
2,1928.9,1.5,Suburban,22.4,2,4329.2,1.26,370385.94
3,2585.4,3.0,Downtown,10.6,2,1297.7,6.66,685105.42
3,2490.7,2.5,Rural,10.9,2,5789.1,9.94,377424.14
2,1413.2,1.0,Suburban,41.8,1,3135.0,1.08,245371.42
3,2547.6,2.0,Downtown,29.3,1,14735.1,3.09,680872.26
3,2084.9,3.0,Rural,15.6,3,13930.8,1.73,360609.42
3,2086.5,2.5,Rural,12.6,2,3017.9,4.01,296669.86
3,2046.6,1.5,Suburban,10.6,0,5815.9,8.43,345435.39
4,1728.1,2.5,Downtown,27.7,1,8130.4,9.33,503434.03
4,2994.8,3.5,Downtown,36.5,2,6582.2,8.48,776153.6
3,2061.5,2.5,Suburban,12.7,1,10800.3,7.07,441069.86
5,3356.1,3.5,Suburban,16.6,1,8049.3,7.31,648797.8
5,3107.4,4.0,Urban,36.0,1,8913.7,1.64,738525.38
3,2375.5,3.0,Urban,36.9,1,10487.0,2.86,559164.72
3,2109.5,3.0,Suburban,10.4,2,1331.3,3.96,417206.09
3,2373.8,3.0,Urban,19.1,3,1174.0,0.98,557147.97
5,2550.8,4.0,Urban,43.5,1,3493.7,8.31,577695.05
4,2974.7,3.0,Urban,37.0,0,11056.3,2.93,685371.01
2,1374.1,1.5,Rural,8.1,0,4365.9,1.0,209477.96
3,2361.7,2.0,Rural,19.3,3,13882.5,1.19,373343.82
3,2108.6,2.0,Downtown,48.7,2,2099.0,9.71,476209.75
3,1763.3,2.0,Rural,26.3,2,9118.7,9.16,258742.07
2,1242.4,2.0,Downtown,36.0,2,1357.7,9.61,282203.17
4,2633.7,2.5,Rural,4.6,2,14608.8,9.59,397891.99
3,2592.3,1.5,Urban,41.6,2,3991.4,8.09,513142.26
4,2068.4,3.5,Suburban,30.2,3,9226.9,3.12,454506.36
4,3091.1,3.0,Suburban,8.8,2,14342.8,3.59,649904.73
4,2299.2,2.0,Downtown,19.0,1,1425.1,4.32,574508.05
3,2069.3,2.0,Downtown,4.2,2,8178.3,7.96,588969.34
3,1776.3,2.0,Rural,38.9,3,8374.0,9.3,262109.19
2,1370.3,1.5,Suburban,37.2,3,5920.8,4.68,245958.2
3,2215.8,2.5,Suburban,24.5,2,10163.7,3.36,440377.14
2,1667.9,1.0,Rural,22.6,2,8595.4,2.81,251966.52
3,2003.4,2.5,Suburban,23.2,2,4488.0,2.94,393445.54
2,1333.5,1.5,Urban,1.9,1,10874.3,0.57,338771.97
2,1319.6,1.5,Suburban,18.4,2,7526.4,2.72,288344.04
2,1679.1,1.0,Downtown,6.4,1,7584.3,3.3,458620.83
1,1260.1,1.0,Rural,9.2,2,14326.9,7.87,179805.57
4,2984.9,3.0,Urban,48.1,1,8490.5,5.71,630770.8
4,3113.8,3.0,Downtown,13.1,2,11985.2,3.65,876957.95
3,2390.6,3.0,Suburban,24.2,1,13143.4,6.17,483351.96
2,1320.5,2.0,Rural,44.4,1,9130.2,7.99,193894.48
2,1559.5,1.5,Downtown,20.7,2,12009.2,6.3,434768.94
1,802.4,1.5,Suburban,26.4,1,5333.6,1.17,153301.26
2,1859.9,1.5,Urban,8.4,2,3547.0,2.79,440893.2
4,3258.7,3.5,Rural,14.3,2,10737.5,3.22,506096.98
2,1320.2,2.0,Urban,25.3,0,13966.7,3.95,331464.31
3,1648.0,2.0,Suburban,18.2,2,1595.0,0.73,322091.85
2,1293.3,2.5,Suburban,1.9,3,11682.8,7.57,332473.45
2,1600.7,1.5,Urban,20.0,2,1397.6,4.97,314796.05
3,1480.5,3.0,Downtown,40.8,3,7420.4,9.02,430593.78
3,2203.1,2.5,Suburban,5.8,2,10480.7,5.42,463494.27
2,1658.7,1.5,Urban,0.9,1,6674.3,9.89,375731.17
2,1806.1,1.0,Urban,5.9,1,5213.3,7.16,400410.37
3,2152.9,2.0,Downtown,34.3,1,3615.7,8.93,529662.74
2,1239.9,1.5,Suburban,39.7,1,14690.2,9.75,225264.37
2,1295.9,2.0,Suburban,2.4,0,8984.4,4.98,270504.09
5,2514.4,3.5,Urban,44.4,3,2789.8,6.51,591217.56
3,1962.6,1.5,Urban,31.4,2,1674.1,9.18,378184.11
3,1957.6,2.5,Suburban,25.9,0,4407.5,5.97,348068.0
3,1548.3,2.5,Downtown,12.7,2,8540.8,1.0,532919.01
3,2596.8,2.0,Urban,18.6,1,11527.9,7.12,591449.9
3,1610.7,2.5,Rural,47.3,0,14733.4,9.39,227711.82
3,2538.0,2.0,Urban,45.6,1,12675.3,7.92,516048.4
4,3301.2,3.5,Suburban,31.3,2,9567.6,8.02,587286.82
2,1537.1,1.5,Rural,28.9,2,10330.7,1.25,250481.14
3,1905.7,2.5,Suburban,10.5,1,8309.0,7.51,370770.5
3,1931.2,1.5,Suburban,47.7,2,7084.0,0.81,352137.31
4,2418.9,4.0,Downtown,37.8,0,11986.1,9.34,682998.86
3,2169.4,1.5,Rural,19.1,1,3483.0,9.19,275497.35
3,2000.6,2.0,Suburban,40.8,1,5675.1,9.81,334413.96
2,1618.9,1.0,Suburban,10.6,0,14701.6,3.38,341012.73
3,1697.7,2.5,Downtown,10.7,2,9004.2,5.63,542921.71
2,824.9,1.5,Suburban,39.5,2,7979.1,6.0,181024.75
3,1895.4,2.0,Downtown,28.0,0,12911.0,5.79,539215.37
2,1826.1,2.0,Suburban,27.8,0,11668.3,4.42,310722.64
3,1884.2,2.5,Rural,28.7,3,5564.6,9.88,280967.36
2,1387.4,1.5,Downtown,6.3,1,9763.5,8.92,418601.9
3,2231.4,2.5,Suburban,17.5,2,3595.5,6.3,431277.09
4,3391.2,3.5,Downtown,28.7,2,1741.7,6.65,855462.01
2,1481.1,2.0,Urban,12.4,1,14857.9,7.29,372736.33
3,1781.1,2.0,Suburban,25.2,1,11321.0,6.24,346520.56
3,1784.8,1.5,Downtown,27.9,1,14030.7,7.22,518504.87
1,1001.6,1.0,Rural,47.1,2,12646.4,8.26,133420.38
4,3520.1,3.5,Urban,12.3,1,6993.0,9.79,776981.32
2,1360.1,1.0,Rural,22.0,2,13060.2,8.57,184699.61
3,1810.7,2.5,Downtown,49.1,2,12013.8,1.73,520084.85
3,2569.4,2.0,Suburban,9.3,2,4615.6,5.69,471208.8
3,2244.7,3.0,Rural,39.0,3,9722.1,6.5,332331.99
3,1878.9,3.0,Urban,8.9,2,5270.2,3.02,510828.38
3,2443.3,2.5,Urban,42.5,1,4276.5,5.02,519877.66
1,1148.5,1.0,Suburban,24.4,2,2144.3,9.36,203559.54
4,2302.1,3.5,Urban,48.6,2,8604.2,2.96,549974.67
3,2074.3,2.5,Urban,8.5,1,6494.0,3.51,514104.08
4,2893.7,3.0,Downtown,34.4,2,2232.6,9.13,741451.3
4,2937.1,4.0,Urban,34.8,0,11057.0,1.4,676694.13
4,2990.3,2.5,Urban,35.9,3,11122.9,8.86,678281.12
3,2429.3,2.5,Downtown,5.0,2,4294.4,3.39,661926.82
3,1804.2,2.5,Suburban,14.4,1,14382.7,5.24,388656.52
4,2703.1,3.0,Suburban,16.9,2,11890.1,6.61,549516.19
3,1268.7,2.5,Rural,16.2,0,12274.3,6.64,203710.64
2,1458.8,2.0,Urban,33.8,1,1051.8,9.81,276796.85
4,3023.4,3.0,Urban,2.7,2,14698.1,0.83,783158.26
4,2460.7,3.0,Urban,36.5,3,14864.1,7.19,611873.81
3,2138.4,2.5,Suburban,26.3,1,8101.1,8.53,390294.92
2,1541.1,2.0,Rural,8.6,2,14790.2,6.09,276112.91
3,2590.5,2.0,Downtown,11.3,1,9570.0,9.77,663595.81
4,3135.8,3.0,Urban,4.9,0,2875.8,4.47,682461.58
5,3658.9,4.0,Downtown,23.0,0,12399.2,7.62,1000987.68
2,1079.7,2.0,Downtown,29.7,2,8813.2,7.02,333790.9
2,1444.5,1.0,Suburban,29.0,1,5792.1,0.8,257103.99
4,2593.7,2.5,Suburban,48.1,0,4306.5,5.75,468568.51
3,2230.5,3.0,Urban,14.8,3,8264.6,2.98,559811.61
3,2090.1,2.5,Suburban,38.1,1,10684.5,5.52,408398.07
5,3207.7,3.5,Downtown,36.2,2,13278.1,8.9,855041.66
2,1455.3,2.0,Rural,3.1,2,9380.9,6.49,227167.9
3,1272.9,2.0,Suburban,46.5,0,6814.1,6.14,240842.37
2,1891.5,1.0,Rural,46.6,1,9849.9,6.89,254925.77
3,2377.2,2.5,Rural,19.8,2,7957.4,5.52,345535.69
4,2671.1,2.5,Suburban,20.9,2,10127.9,4.75,564786.22
3,2659.3,2.5,Downtown,41.0,2,9525.6,4.06,708397.66
6,2866.5,4.5,Urban,24.8,1,14701.6,7.15,731803.52
3,1719.3,2.5,Urban,40.0,2,9711.5,7.87,400787.86
3,1964.0,1.5,Suburban,1.8,2,10674.5,4.52,395861.2
2,1667.8,1.5,Downtown,12.5,2,13493.4,0.92,506001.1
3,2165.0,2.5,Urban,4.6,0,13782.3,5.66,546095.82
3,2171.8,1.5,Suburban,22.7,2,2972.3,5.95,389990.91
2,1149.9,1.0,Downtown,42.7,2,7353.3,5.05,288544.47
3,2379.8,2.0,Rural,28.5,2,14198.8,3.92,370217.73
3,2339.2,2.5,Rural,26.0,2,14436.8,9.01,353178.45
4,2937.5,2.0,Suburban,18.3,2,3660.5,5.07,549590.98
3,1832.2,2.5,Downtown,3.2,2,7211.9,8.09,552405.74
4,3001.3,3.0,Suburban,38.3,2,4901.1,6.56,548723.15
1,985.7,1.0,Suburban,28.5,1,12070.3,7.98,200694.35
2,1888.8,1.0,Downtown,46.5,0,12930.3,8.84,443973.7
3,2570.7,2.0,Rural,21.6,2,7569.4,2.81,348942.13
3,2647.6,2.5,Rural,20.1,3,10459.2,8.37,415928.02
1,930.6,1.5,Suburban,48.7,1,13179.5,7.35,170927.28
4,2810.2,2.5,Urban,7.1,3,10933.3,5.83,680864.58
4,2566.0,3.5,Downtown,12.6,1,3190.0,5.68,702037.73
3,1911.9,2.5,Suburban,24.4,0,10967.9,3.46,387199.06
2,1551.7,1.5,Downtown,26.2,2,3225.3,5.64,399287.3
4,2598.6,2.5,Downtown,27.4,2,10152.4,4.15,732742.62
3,1674.8,2.0,Suburban,10.6,2,5669.5,8.94,350712.19
4,2904.2,3.5,Urban,46.3,0,1790.2,6.03,624722.66
4,1436.6,3.0,Suburban,35.2,0,4170.7,3.34,292376.6
4,3618.6,3.5,Suburban,12.9,2,7557.4,1.87,699536.71
3,2554.3,2.5,Suburban,14.7,2,14916.2,7.09,499179.62
2,1271.1,1.5,Urban,44.0,1,4580.0,6.81,262332.33
3,2039.1,2.5,Suburban,19.0,2,14703.0,3.92,452395.5
3,2326.3,3.0,Downtown,27.8,3,6099.1,2.04,644606.87
4,2310.0,2.5,Downtown,6.0,2,14440.2,7.3,708291.79
2,1462.9,2.0,Downtown,12.6,0,14385.4,3.07,449963.74
2,1481.9,1.5,Suburban,20.8,3,3000.6,8.69,278613.53
4,2699.3,2.5,Downtown,32.8,2,12602.1,7.4,729398.61
4,2697.7,2.5,Urban,14.0,1,8242.4,8.98,619520.84
5,2761.3,3.5,Rural,47.5,0,10606.8,9.85,361024.04
4,2804.4,3.0,Downtown,11.0,2,11865.1,3.74,808125.06
3,2320.0,2.5,Suburban,38.9,2,2743.5,5.29,416239.8
3,2126.4,1.5,Suburban,18.2,2,12185.6,4.34,418044.19
4,2536.7,3.5,Rural,41.7,2,5239.1,1.24,374876.73
3,2339.0,2.0,Downtown,46.2,2,11253.2,4.35,637594.76
3,2040.0,2.5,Urban,9.4,1,9031.2,4.72,487049.62
2,1488.9,1.5,Suburban,24.6,2,10585.3,2.15,281771.86
3,2403.8,3.0,Suburban,7.7,0,9720.3,8.89,488070.49
4,2601.0,3.0,Downtown,35.3,1,12345.9,3.28,750988.51
3,2061.8,1.5,Downtown,41.6,2,13523.8,7.71,548028.86
2,1510.6,1.5,Downtown,19.5,1,7287.4,1.22,417097.67
3,2259.3,2.5,Downtown,19.8,1,6490.4,0.79,608260.51
2,1493.9,2.0,Suburban,10.2,0,4390.7,9.96,280083.64
2,1858.2,2.0,Urban,15.3,1,12393.7,1.67,461798.63
3,1981.8,2.0,Urban,16.2,0,14538.2,7.78,490890.13
5,3158.6,3.0,Suburban,7.8,2,3734.5,6.24,587883.27
3,2306.5,2.5,Downtown,15.5,3,7409.8,4.8,659454.68
2,1204.9,1.0,Downtown,45.4,2,11784.7,0.85,322550.51
2,1581.9,2.0,Urban,16.3,0,9904.6,3.62,393694.15
3,1290.6,2.5,Suburban,13.7,1,12410.4,9.05,284412.73
3,2168.9,2.0,Rural,19.2,1,1226.0,9.1,292387.62
4,2477.5,3.0,Rural,48.0,0,13758.9,6.2,342227.29
3,1629.3,2.5,Downtown,38.2,0,1858.9,5.96,385760.75
4,2314.5,3.0,Rural,10.1,3,7236.7,4.54,384913.87
3,1829.8,1.5,Suburban,37.6,1,4860.7,7.87,299301.37
3,2001.9,2.0,Suburban,38.3,1,13994.7,8.89,357571.29
3,1519.6,2.5,Rural,47.5,2,4852.0,7.41,211391.91
5,3348.2,4.5,Suburban,44.6,2,6226.7,5.49,627772.47
3,2608.8,2.0,Urban,4.8,2,13436.8,6.53,613132.52
3,2431.5,2.5,Urban,22.7,3,8523.7,2.59,591139.27
3,2456.0,2.0,Urban,35.1,1,13574.8,9.92,544362.02
2,1914.8,1.0,Urban,48.7,1,10253.6,9.39,371266.42
3,2617.1,2.0,Downtown,4.3,1,2108.7,9.59,661415.88
2,1999.0,1.0,Suburban,18.4,1,7087.0,2.09,332960.94
3,1899.6,1.5,Rural,24.6,2,3469.4,6.7,247321.97
3,1905.6,3.0,Downtown,20.7,1,1911.9,6.74,510097.04
3,2271.9,2.0,Suburban,22.8,2,6233.5,3.87,447596.24
4,2950.4,4.0,Suburban,18.5,1,13718.0,8.72,601844.77
4,3020.5,2.5,Downtown,48.5,2,2647.4,7.93,736702.11
4,3562.7,2.5,Downtown,40.2,2,1094.8,7.34,834138.74
2,1565.8,2.0,Suburban,36.8,2,14091.2,0.77,323705.98
2,1561.0,1.0,Suburban,20.5,2,8421.5,9.91,282640.85
3,1814.2,2.5,Rural,44.1,1,8820.1,7.32,250970.54
3,2805.6,1.5,Suburban,4.7,2,13998.3,9.71,517363.15
3,2099.1,2.0,Urban,7.2,1,10802.5,1.32,526078.16
1,641.3,1.0,Suburban,47.7,0,12575.4,7.1,104208.9
3,1834.4,2.0,Rural,28.3,2,11786.9,7.58,268692.75
1,1001.6,1.0,Urban,8.0,1,9566.0,1.11,253859.73
4,2399.1,3.0,Downtown,47.5,2,10637.6,1.11,671424.31
2,1331.6,2.0,Suburban,48.7,3,8849.8,7.74,262798.29
3,1650.7,2.5,Urban,44.1,0,5975.6,8.08,347384.46
1,781.9,1.0,Urban,11.9,2,4994.9,9.15,186934.77
3,2768.4,2.0,Rural,13.9,2,3463.2,7.83,373443.71
3,2154.5,2.0,Downtown,20.3,2,5956.0,2.78,585980.28
4,3074.1,3.0,Rural,29.0,1,9076.5,9.7,434539.42
4,3207.8,3.0,Suburban,49.6,1,9225.5,3.04,603302.95
3,2709.7,2.0,Downtown,47.8,2,10567.9,7.41,692127.23
5,2447.7,4.0,Suburban,46.1,1,13312.0,5.53,489297.72
6,3239.5,4.0,Downtown,4.5,2,10125.9,1.66,944285.36
4,2292.6,3.5,Urban,37.9,1,3392.4,9.31,513425.44
4,2370.8,3.0,Rural,43.8,1,1359.8,6.09,313141.49
2,1808.4,1.5,Rural,16.7,2,3756.2,1.37,256276.54
3,1920.7,2.0,Suburban,11.0,1,13713.4,4.14,416749.57
2,1516.2,2.0,Suburban,37.4,1,8947.2,7.77,272807.58
2,1608.7,1.5,Rural,4.5,0,12880.5,6.37,223572.55
6,3705.7,4.5,Suburban,47.0,0,4280.3,2.62,664369.42
3,1365.7,3.0,Rural,7.8,3,10938.3,5.91,247258.39
4,2153.0,1.5,Rural,22.9,3,11243.4,3.43,345741.81
4,2294.0,3.5,Suburban,49.1,2,12333.5,5.51,491446.69
4,2840.1,3.5,Downtown,49.4,2,8497.2,3.52,744913.24
6,3066.5,4.0,Suburban,38.8,2,12109.2,5.21,667164.47
2,1397.7,2.0,Rural,42.0,2,14096.2,8.5,182623.67
1,640.3,1.0,Urban,48.4,1,14403.5,2.51,151439.56
3,1845.0,2.5,Suburban,46.4,2,2756.1,0.52,343810.69
2,1241.5,1.0,Downtown,31.1,3,9740.3,1.97,327316.16
1,674.4,1.0,Downtown,36.7,1,2588.8,8.5,148233.29
3,1603.7,2.5,Rural,29.7,2,13916.2,4.44,258493.16
4,2939.5,3.0,Suburban,25.3,2,14375.5,7.53,586423.07
3,1903.8,2.5,Suburban,44.0,2,7994.3,0.79,379958.78
3,2511.8,2.0,Rural,36.9,2,14438.5,1.89,343686.1
3,2345.5,2.5,Rural,43.0,2,11727.4,5.91,370312.67
2,1470.9,1.5,Suburban,4.8,2,10743.1,7.34,319855.6
1,754.3,1.0,Suburban,28.8,0,9130.6,7.98,123777.8
4,2889.5,3.0,Urban,16.5,2,6694.9,6.61,655775.15
3,2332.5,1.5,Suburban,25.7,2,14492.9,7.69,455551.81
4,2671.8,3.0,Suburban,30.6,3,3758.7,2.07,495553.35
1,1079.8,1.0,Downtown,42.3,1,12235.5,6.75,266256.06
4,2777.9,3.5,Urban,1.6,0,6144.3,4.54,684417.32
3,2348.4,2.5,Rural,8.2,1,11545.4,9.19,368749.16
3,2089.8,1.5,Rural,46.1,2,3291.6,6.35,253365.97
3,2112.4,3.0,Suburban,48.4,1,6226.3,5.65,375996.18
4,2028.6,3.5,Suburban,2.8,2,14246.0,5.99,492231.22
3,1821.6,2.5,Downtown,16.6,2,8802.1,8.4,546452.57
3,2475.4,2.0,Suburban,0.5,0,7877.5,0.61,508094.19
6,4058.8,4.5,Suburban,37.9,2,11529.5,8.67,805547.66
4,3019.4,3.0,Urban,34.1,3,6838.8,0.78,687415.83
3,2111.5,2.5,Downtown,28.2,1,7902.3,6.04,572567.94
4,1978.8,3.0,Suburban,34.6,2,8848.5,5.27,388665.51
3,1604.5,2.0,Suburban,26.9,1,14859.8,4.02,340873.47
2,1515.6,2.0,Downtown,11.9,2,12275.2,1.72,465913.09
3,2246.0,2.5,Downtown,37.7,2,1557.2,1.68,550960.74
5,5000.0,3.5,Suburban,39.2,1,11970.6,7.55,893639.25
5,3812.2,4.0,Suburban,42.7,2,8041.7,1.58,709482.06
3,2038.3,2.5,Suburban,47.7,0,4229.3,7.03,343341.6
3,2150.1,2.0,Suburban,37.4,3,12949.0,9.91,399306.73
2,1715.0,2.0,Downtown,2.7,1,4787.4,6.98,475210.79
6,3901.7,4.5,Downtown,1.0,1,5485.8,1.21,1093130.73
6,3886.3,4.5,Downtown,37.0,0,1881.9,5.65,981767.46
3,1765.3,2.0,Downtown,2.8,2,14686.5,8.43,540408.55
4,2544.4,3.0,Urban,15.8,2,12135.4,9.57,641734.6
4,3250.0,3.0,Downtown,6.8,3,3073.4,7.41,871986.14
3,2820.0,2.0,Downtown,48.4,2,7853.7,3.44,699382.39
2,1356.2,2.0,Downtown,15.8,1,5714.5,2.89,368460.86
3,1706.6,1.5,Suburban,2.8,2,1453.5,7.95,340293.74
3,1989.4,1.5,Suburban,47.5,1,13981.1,7.72,361615.39
3,2502.3,2.5,Downtown,30.4,1,12751.7,5.12,665305.3
3,2557.6,3.0,Downtown,1.8,0,14817.0,1.32,776967.46
5,3744.1,4.0,Rural,41.7,1,4395.2,6.88,510660.38
2,1872.8,2.0,Rural,7.6,1,10791.8,6.11,291062.78
3,2175.6,2.0,Urban,40.1,1,2654.4,0.61,426721.29
3,2375.5,2.0,Suburban,30.1,1,7039.5,6.6,441905.52
3,1902.6,2.5,Suburban,8.9,2,12854.4,1.76,439017.55
3,2030.5,2.5,Urban,37.6,1,1112.8,8.35,431556.85
3,2221.1,1.5,Suburban,22.7,2,7729.8,6.9,404783.42
2,1300.1,1.5,Suburban,31.9,0,7085.8,0.99,229396.04
3,1821.4,2.0,Urban,43.5,3,10674.0,5.55,457372.42
3,2317.3,2.0,Suburban,13.0,0,4331.0,8.15,426891.13
2,1439.6,1.5,Suburban,18.3,3,3426.0,8.38,253488.93
4,2930.2,3.5,Suburban,49.9,2,10109.8,1.31,562745.14
3,2021.9,2.5,Urban,25.4,2,9977.6,1.25,520163.24
3,2575.0,2.5,Urban,27.9,1,11525.0,7.86,582344.34
4,2305.7,3.0,Urban,14.3,1,4456.8,2.71,547725.02
2,2047.6,1.0,Suburban,20.8,3,1228.6,6.14,343948.25
1,1152.1,1.0,Urban,25.1,1,13291.4,6.28,272097.21
4,1996.2,2.5,Rural,12.9,2,3888.7,6.48,320002.8
3,2221.9,2.0,Urban,11.9,3,6851.6,3.71,525354.17
3,2260.4,2.0,Suburban,30.0,1,7559.0,0.88,392365.28
4,2233.7,3.0,Urban,9.2,0,3622.7,5.61,519125.25
4,2129.3,3.0,Suburban,27.7,2,8291.6,5.39,445275.54
5,3125.5,3.5,Rural,35.3,2,13800.1,4.61,481640.3
3,2346.1,2.0,Urban,9.9,2,4799.0,3.16,530866.24
3,2448.9,2.5,Urban,37.3,3,8284.8,8.51,553278.57
3,2009.3,2.0,Urban,18.0,1,5321.7,4.02,450146.83
2,1576.6,1.5,Downtown,49.6,2,14730.2,1.7,445699.28
3,1855.7,2.0,Suburban,49.0,1,4088.4,7.7,306009.5
3,1971.9,1.5,Downtown,39.9,2,2530.6,6.54,480871.6
5,2779.0,3.5,Suburban,17.1,1,2996.7,3.44,547586.66
3,2067.3,1.5,Urban,46.9,2,6138.7,1.94,447790.96
3,2127.9,2.5,Suburban,49.9,0,8739.9,4.68,367529.35
3,2414.7,2.5,Downtown,23.1,2,10352.2,1.13,669933.41
2,1859.1,2.0,Suburban,30.7,1,8873.8,2.62,345974.49
1,882.7,1.0,Downtown,0.3,3,13677.5,9.66,327083.05
3,2125.8,2.0,Urban,2.2,2,6044.1,1.93,563740.08
2,1385.5,1.0,Urban,25.0,2,10972.7,3.11,358290.66
3,2405.9,2.5,Urban,30.5,3,4754.5,1.82,576991.33
4,2571.2,2.5,Downtown,15.6,2,10544.6,9.16,715307.52
4,1654.7,3.0,Downtown,5.0,2,13961.4,9.29,559173.52
3,1696.8,3.0,Rural,39.1,0,14697.7,1.06,238593.97
2,1384.2,1.5,Downtown,20.9,2,11215.7,9.03,386822.25
4,2444.9,3.0,Urban,32.4,0,14194.3,1.85,572324.83
4,2071.8,3.5,Urban,32.5,2,10526.1,4.27,544974.33
2,1817.9,2.0,Suburban,27.3,2,14484.7,6.07,368775.66
4,2708.4,3.5,Suburban,8.9,1,13572.3,4.89,552358.14
3,2070.4,2.0,Downtown,30.8,2,2492.7,1.79,542216.59
4,2468.0,3.0,Rural,16.1,2,7637.7,8.02,376539.93
6,3538.6,4.0,Suburban,41.0,2,5864.3,7.03,652205.01
1,941.6,1.0,Downtown,9.7,1,1378.0,9.44,241464.22
4,2757.2,3.0,Suburban,14.6,2,7536.7,3.85,541115.66
3,2299.3,1.5,Downtown,22.0,3,3076.9,4.59,602286.05
5,2948.8,3.5,Urban,37.0,3,1510.3,3.82,672705.12
3,2399.2,3.0,Suburban,36.0,1,7230.3,1.1,479510.15
4,2765.7,3.0,Downtown,16.9,2,4253.4,1.02,776700.51
2,1739.2,2.0,Downtown,25.5,0,14094.1,7.73,453890.34
3,2060.0,2.0,Downtown,11.7,1,12377.8,3.21,627527.75
2,1111.9,1.0,Downtown,38.5,2,14386.4,5.13,306990.84
5,3746.1,3.5,Suburban,9.8,1,13340.5,9.8,714820.67
4,2643.2,3.5,Urban,41.0,2,11191.4,0.67,665911.5
4,2551.0,2.5,Downtown,46.8,2,9367.0,5.42,666159.12
5,2843.0,4.0,Downtown,49.6,2,1916.4,5.42,742874.76
2,1513.1,1.0,Suburban,42.8,1,4721.3,9.99,235374.88
3,2177.8,2.5,Suburban,11.1,2,10950.4,8.43,431848.98
2,1678.5,1.5,Urban,20.8,1,6616.5,1.13,411975.14
2,1321.8,1.5,Rural,4.4,2,5555.1,1.99,248761.85
2,1574.3,2.5,Suburban,8.2,1,2455.6,0.82,292884.15
3,1801.0,2.0,Downtown,2.5,2,1982.6,2.37,511511.23
3,2149.7,2.0,Downtown,32.1,1,3939.8,2.52,550883.19
2,1599.3,1.5,Suburban,26.7,1,12684.1,1.35,322577.88
2,1263.3,1.0,Urban,45.9,1,10282.2,5.51,256021.81
2,1438.6,1.0,Urban,23.2,1,5773.3,9.76,303492.87
5,1650.5,3.5,Downtown,32.1,3,1854.4,8.14,510205.46
4,2346.2,3.5,Urban,20.1,2,3637.2,2.43,600229.34
5,3323.8,3.5,Rural,41.5,2,7298.4,7.94,437316.08
3,2234.4,3.0,Rural,46.3,3,3145.1,9.83,283935.17
3,2158.9,2.0,Suburban,21.6,1,11676.4,8.43,405041.05
4,2822.0,3.5,Downtown,4.1,3,12040.9,4.95,888879.73
3,1316.9,2.5,Downtown,8.2,2,2916.2,3.06,441707.18
3,1852.6,2.0,Suburban,36.0,2,11176.2,7.6,365734.19
2,884.5,1.0,Suburban,16.3,1,8171.3,7.97,181074.71
2,1455.2,1.0,Rural,39.3,1,14473.3,3.32,216634.33
3,1975.2,2.5,Suburban,37.5,1,12025.9,2.63,411316.5
3,2533.7,2.5,Suburban,34.7,2,9194.2,6.89,467823.91
3,2478.8,1.5,Urban,40.7,0,9450.7,8.94,500691.1
2,1419.2,1.5,Suburban,37.8,2,3504.8,0.7,252811.08
2,1402.0,1.0,Suburban,31.6,1,13510.8,9.88,239769.73
4,2394.7,3.0,Urban,0.2,1,8829.5,2.32,588084.94
2,1395.6,1.5,Urban,25.8,1,9037.4,3.82,317212.63
3,2511.3,3.0,Rural,29.8,2,9055.9,1.0,367357.13
4,2380.7,3.0,Urban,48.0,3,4867.3,1.03,558879.02
2,1711.7,1.0,Urban,32.5,3,12369.3,3.09,412076.63
2,1639.7,1.5,Urban,28.8,0,13072.8,5.87,349032.51
3,2320.9,2.0,Downtown,27.1,1,5030.4,9.06,569583.08
3,2433.2,2.5,Urban,5.2,2,7184.8,1.16,589145.32
3,1552.8,2.0,Rural,21.4,2,3508.1,5.69,226397.25
4,2273.8,3.0,Suburban,6.7,1,4339.6,4.45,463808.97
2,1509.5,1.0,Suburban,2.6,2,5703.8,9.9,310092.3
3,1635.9,2.0,Suburban,16.5,0,13627.9,2.28,347718.76
3,1793.0,2.0,Rural,32.3,2,9766.2,4.01,295338.74
2,1987.9,1.0,Downtown,43.3,1,9231.3,0.82,460691.09
3,2056.9,3.0,Urban,40.5,2,14254.6,9.19,483944.84
3,2528.6,2.0,Urban,14.7,1,12078.5,6.41,584789.59
3,2399.2,2.0,Urban,2.3,3,1224.7,6.08,535419.09
2,1272.3,2.0,Suburban,20.1,2,2740.7,0.96,241801.66
3,1952.8,2.5,Rural,15.7,3,4468.6,1.44,307907.05
3,2260.8,3.0,Downtown,18.6,1,5254.9,8.01,580946.61
4,2772.6,3.0,Downtown,28.0,2,12676.9,5.72,762073.35
2,1239.3,1.5,Suburban,1.5,2,11778.7,2.39,301175.42
3,1405.1,3.0,Downtown,18.5,2,3036.3,5.72,450284.87
3,3064.4,2.5,Suburban,27.9,2,8475.1,9.7,549234.49
4,2736.3,3.0,Downtown,21.5,2,2527.6,1.49,739295.9
3,1755.7,2.5,Urban,33.4,2,3420.4,9.72,369747.4
3,2130.4,2.5,Suburban,9.3,3,4390.6,7.86,412221.64
4,2645.1,3.0,Urban,7.7,1,13674.1,1.87,640951.89
4,2600.7,2.5,Suburban,15.4,0,6120.1,8.24,466756.01
3,2699.4,3.0,Downtown,5.1,2,13821.4,7.57,793611.17
3,2004.8,2.0,Downtown,11.8,1,11510.4,5.95,564991.18
4,2219.7,3.0,Downtown,4.3,2,11491.7,7.86,684301.14
6,3778.8,4.5,Downtown,20.1,1,12248.9,1.84,1079933.75
4,2248.6,2.5,Downtown,35.6,0,2343.5,7.36,556809.29
3,2678.5,2.5,Suburban,14.3,2,12404.6,6.59,557011.99
2,1590.9,1.0,Suburban,0.2,0,4536.2,3.2,307604.57
3,2096.8,2.5,Suburban,27.9,1,14775.0,7.06,420455.94
4,2278.2,3.0,Downtown,34.6,1,12874.8,6.95,652765.82
3,1951.4,2.5,Rural,19.6,0,14953.0,2.77,314212.24
3,1942.5,2.5,Downtown,14.8,3,14119.6,1.9,590819.42
4,2767.6,3.0,Suburban,24.5,2,6036.2,3.94,517833.0
3,2195.0,3.0,Suburban,5.1,2,14183.7,4.29,486777.37
4,2577.5,3.5,Urban,32.2,2,5623.2,8.33,583475.96
3,2022.8,2.0,Suburban,36.7,3,10229.8,4.64,399009.31
3,1935.3,2.0,Suburban,35.2,2,12461.1,7.5,344397.81
3,1328.3,2.0,Urban,16.4,0,6347.6,4.9,338197.93
4,2234.3,3.0,Suburban,42.1,1,3854.1,1.14,419574.33
2,1245.9,1.0,Downtown,47.3,2,13528.4,6.7,348175.48
2,1490.3,2.0,Suburban,14.9,1,2445.9,9.01,270829.01
5,2816.5,3.0,Rural,13.1,0,6109.7,5.42,412273.0
2,1739.2,1.0,Suburban,35.2,1,8568.0,7.17,280146.24
3,2176.8,2.0,Suburban,35.4,2,12266.5,7.9,398154.36
3,2695.5,3.0,Downtown,25.5,2,13163.8,4.94,754470.08
3,2505.6,2.0,Urban,46.2,3,8162.9,2.87,552563.02
3,1968.0,2.5,Downtown,7.3,0,9027.6,8.67,523755.94
2,1596.5,1.5,Downtown,23.9,1,12953.6,8.37,449088.94
3,1932.7,2.5,Suburban,1.8,2,7538.2,8.67,407694.92
3,2172.0,2.5,Suburban,2.6,0,8827.4,8.34,421349.67
3,1809.5,2.5,Rural,2.7,2,1258.1,1.76,271115.0
2,1766.5,1.5,Downtown,24.6,2,14315.7,4.44,517404.01
3,2386.4,2.0,Suburban,29.4,2,8934.9,2.32,446062.3
2,1661.8,1.5,Downtown,0.2,2,11186.0,1.97,518997.83
3,2356.7,2.0,Urban,31.6,1,4470.8,7.92,486374.34
2,1865.7,1.5,Suburban,24.5,1,10192.2,5.07,340929.45
2,1616.6,1.5,Suburban,11.2,1,7440.4,1.36,305035.78
4,3175.0,3.5,Suburban,0.8,2,2574.6,4.36,641136.81
3,2084.7,2.5,Suburban,7.8,1,12622.3,9.94,415328.18
5,4044.3,3.5,Suburban,30.0,1,12750.7,2.52,755637.46
5,3733.5,3.5,Suburban,32.9,0,1892.0,4.27,679126.76
3,2229.3,3.0,Suburban,32.4,0,6468.5,6.15,405687.88
2,1513.2,1.0,Suburban,7.7,1,4940.2,2.4,295923.08
3,1850.0,2.0,Urban,45.6,1,8229.2,9.69,410028.62
4,2260.1,3.5,Suburban,20.5,2,7843.1,6.53,494042.46
3,1926.8,3.0,Rural,38.4,1,10190.0,2.68,281744.36
2,1959.7,1.5,Downtown,8.3,2,4464.8,4.74,536344.71
3,2210.1,2.5,Downtown,23.5,2,4103.8,3.93,566641.29
4,3014.1,2.5,Suburban,26.1,2,11126.6,1.66,562871.43
4,3046.7,3.0,Downtown,38.5,1,14666.9,3.2,824810.99
2,1328.1,1.0,Suburban,31.1,1,14248.8,5.76,261897.53
3,2413.5,2.0,Downtown,20.0,2,12087.8,1.34,691714.29
2,857.0,2.0,Rural,14.1,1,1944.6,0.96,151589.5
2,1471.9,1.5,Suburban,48.6,1,4328.8,5.64,244348.54
4,2323.0,3.5,Suburban,14.2,2,10654.8,4.62,529082.82
2,1137.7,1.5,Urban,6.5,2,5140.8,2.29,334749.51
3,2239.2,1.5,Downtown,15.0,2,6510.7,7.27,601042.46
1,1052.9,1.0,Rural,16.3,2,14351.6,1.33,185418.34
4,2853.8,2.5,Suburban,6.4,2,2208.3,3.07,545743.27
4,3158.8,3.0,Downtown,35.4,0,13057.4,1.46,836564.71
3,1931.6,2.0,Urban,31.0,2,1704.2,7.41,402429.09
4,2055.4,3.5,Suburban,15.8,2,5731.2,6.51,451086.2
2,1496.5,1.5,Suburban,49.7,2,8775.6,2.29,288372.43
3,1944.9,2.0,Rural,32.8,2,5989.4,5.79,263201.5
3,1378.9,2.5,Rural,35.2,1,14400.2,7.12,224283.01
2,1744.7,1.5,Rural,27.9,0,8061.3,0.82,212105.26
3,2254.3,2.0,Suburban,27.6,2,11273.7,6.8,435054.78
5,4232.1,4.0,Urban,1.0,2,10828.9,3.46,1010306.13
1,1054.8,1.0,Downtown,38.5,2,12691.3,1.78,282348.84
3,2363.5,1.5,Urban,45.5,0,13094.8,8.3,479670.51
2,1672.6,2.5,Suburban,6.1,2,7528.4,6.26,338086.62
2,1397.2,1.5,Suburban,39.8,0,13082.0,5.69,234316.9
5,3778.3,4.0,Rural,26.7,2,10148.3,8.45,566021.61
3,2028.0,2.0,Urban,14.3,2,10604.9,3.02,485333.14
3,2323.3,2.5,Rural,46.0,2,3425.3,0.63,315192.17
4,2879.2,3.0,Suburban,0.9,2,4431.4,9.51,575812.52
2,1765.8,1.0,Downtown,13.7,2,10627.3,3.0,517314.34
3,2384.7,2.0,Rural,44.3,0,4718.9,6.52,277354.74
3,1769.7,2.0,Suburban,24.1,2,7860.6,9.78,363595.62
3,2634.4,2.0,Rural,29.9,1,7859.5,2.72,361695.29
6,3090.1,4.5,Urban,37.5,2,4276.5,9.93,727712.83
4,3158.4,2.5,Rural,7.4,2,8930.9,5.62,487914.47
3,1913.3,2.0,Urban,10.8,2,8892.6,9.61,473794.68
4,3143.0,3.0,Urban,49.9,1,2806.2,1.32,642678.56
2,1623.0,1.0,Downtown,11.9,1,6335.6,5.54,390281.01
1,886.4,1.0,Rural,27.0,2,6121.6,9.47,126479.82
2,1760.9,1.5,Downtown,14.9,1,8869.2,1.98,491273.33
3,2298.1,2.5,Downtown,42.6,1,11490.6,3.11,596090.34
3,1646.9,2.5,Suburban,48.1,2,1255.3,2.52,300044.03
3,1895.4,2.0,Urban,7.1,0,2855.9,9.67,393131.99
5,2750.7,3.5,Urban,30.0,2,5227.9,3.0,661460.73
3,2296.4,1.5,Suburban,40.6,2,12345.8,1.65,415401.39
3,1983.1,2.0,Urban,41.2,1,7727.2,8.07,439018.0
2,1030.8,1.5,Urban,22.0,1,8152.4,5.38,287724.6
1,1007.8,1.5,Suburban,11.3,0,6728.9,6.1,197672.58
3,2576.0,2.5,Suburban,19.4,2,6812.0,6.26,494447.07
3,2069.9,2.0,Suburban,37.6,2,14685.8,6.32,419516.73
4,2637.3,2.5,Rural,49.7,1,13581.0,4.82,374988.57
2,1217.9,1.0,Rural,27.7,1,11162.1,9.77,154364.08
1,814.7,1.0,Downtown,9.8,2,5537.2,2.15,275059.1
3,1643.8,2.5,Downtown,2.1,2,8191.6,9.6,513619.41
2,1707.5,2.0,Downtown,47.2,2,10651.8,3.28,459838.27
1,1009.1,1.0,Suburban,24.2,0,6524.1,2.3,192900.7
4,2342.9,3.0,Suburban,35.8,2,8342.6,6.44,473891.37
2,1543.0,1.0,Suburban,33.0,1,3040.0,8.97,259799.51
3,2049.4,1.5,Urban,44.5,1,2310.1,3.95,410715.46
3,2198.2,3.0,Suburban,13.3,3,3342.3,1.22,442194.17
2,1150.9,1.0,Downtown,22.1,0,11579.2,5.6,322952.14
3,2298.5,1.5,Suburban,45.7,1,3659.5,9.86,364060.81
4,3178.2,3.5,Downtown,29.3,1,13946.1,4.2,860154.59
3,1860.7,2.5,Urban,3.6,1,6159.7,0.69,499428.73
4,2565.7,2.5,Suburban,9.7,2,3366.5,5.26,497089.31
2,1605.3,2.0,Suburban,11.9,1,12553.4,4.15,347860.92
4,2602.1,3.5,Suburban,49.7,2,7393.1,1.13,490517.38
2,1951.5,1.0,Suburban,11.2,2,6438.4,8.81,353939.3
3,2283.5,2.0,Suburban,43.5,2,5612.3,6.38,414219.67
3,2651.6,2.5,Downtown,3.9,1,5627.2,1.96,751572.16
5,3050.7,3.5,Suburban,9.1,1,10288.2,9.3,590958.87
3,1802.2,2.5,Downtown,43.6,2,8569.1,5.97,486643.01
2,1460.8,2.0,Suburban,44.9,0,7547.0,7.05,198095.37
1,620.0,1.0,Urban,8.8,2,7258.6,6.04,172902.92
4,2971.7,3.0,Suburban,11.5,2,2988.0,9.79,558043.96
3,1452.7,2.5,Urban,26.5,2,12590.3,8.96,389191.29
4,3503.8,2.5,Suburban,2.6,2,13975.9,0.66,731758.52
2,1775.7,1.5,Downtown,47.3,1,12230.9,0.64,454163.49
3,2282.9,2.5,Downtown,18.1,0,7317.7,5.14,624793.48
1,1201.3,1.0,Suburban,24.5,3,14610.7,3.48,270287.24
5,2446.1,3.0,Suburban,5.3,1,9661.0,5.62,513784.68
3,2880.4,2.5,Suburban,1.6,1,11837.2,3.71,576427.11
5,3152.5,4.0,Urban,23.4,3,11377.1,8.84,777107.07
3,1864.4,2.0,Urban,6.1,3,10909.4,2.11,509429.86
3,1603.9,2.0,Urban,31.5,1,9987.8,1.04,385694.91
3,2121.7,2.5,Suburban,39.7,0,3962.6,3.76,358006.3
3,1742.3,2.5,Suburban,1.6,0,5122.4,1.82,382127.46
4,2671.8,3.5,Suburban,30.6,1,13414.0,6.12,552577.9
5,3093.2,3.5,Suburban,40.8,2,3519.4,4.99,562678.64
4,2351.4,2.0,Suburban,22.0,1,3127.5,7.23,424533.4
4,2511.9,3.0,Urban,48.0,1,4978.3,1.19,558587.71
3,2220.0,2.5,Suburban,5.6,1,6074.9,7.67,445775.5
3,1741.3,2.0,Downtown,16.1,1,8743.8,3.13,506374.23
5,3203.7,4.0,Rural,11.5,2,9477.5,6.88,508921.78
1,737.7,1.0,Suburban,49.8,2,12069.4,3.26,143515.16
4,3995.3,3.0,Rural,14.7,2,2027.7,8.42,556214.42
4,2847.6,3.5,Urban,19.4,2,3915.3,8.42,690715.7
3,1910.5,2.0,Suburban,42.4,1,8072.3,3.41,352116.92
6,3630.9,4.5,Downtown,46.5,2,4511.4,9.14,950885.11
3,2004.1,1.5,Rural,46.9,3,13228.8,3.55,279452.87
3,2067.9,2.5,Urban,27.9,2,9962.4,9.01,483855.53
2,1836.9,1.0,Downtown,33.2,2,7863.3,2.33,468244.01
3,2236.2,2.5,Suburban,17.5,2,1006.2,3.24,433073.98
3,2291.0,2.0,Suburban,30.4,2,13021.1,8.9,437446.17
3,2547.4,2.0,Downtown,15.1,2,7452.0,1.27,704639.62
4,3410.0,3.0,Downtown,37.3,2,8439.7,7.17,864650.27
5,3356.8,3.5,Suburban,15.4,2,10775.8,6.98,685654.36
2,1252.8,2.0,Downtown,44.0,1,14124.4,9.74,347235.84
3,2659.4,3.0,Downtown,7.2,0,3214.9,9.74,680513.94
5,2345.5,4.0,Downtown,28.6,2,1996.6,5.06,660299.99
2,1514.5,2.0,Downtown,26.0,1,2706.7,6.75,373160.15
2,1226.0,2.0,Downtown,13.2,1,11370.1,1.98,393024.25
2,1841.4,1.5,Rural,1.4,0,2809.9,2.65,267554.19
3,2723.0,3.0,Suburban,7.4,0,8013.7,5.81,500362.91
2,1846.7,1.0,Suburban,48.4,2,10890.9,2.76,316230.35
5,3019.1,3.5,Suburban,47.1,0,10978.7,2.56,590102.52
3,2664.2,2.0,Downtown,6.0,2,6688.9,0.72,734666.57
3,2426.2,2.0,Rural,18.7,1,10780.6,1.2,375116.15
2,1749.0,2.0,Suburban,23.3,2,14300.2,7.26,374691.66
3,1949.4,2.0,Suburban,23.9,2,1391.7,0.64,383434.75
3,1891.1,2.5,Rural,14.9,2,10399.3,9.01,302763.54
4,2545.1,3.0,Urban,45.6,2,8316.7,1.25,580363.36
4,2726.1,3.0,Suburban,45.4,1,3976.2,1.99,492099.56
3,2371.8,2.5,Rural,0.9,3,5308.0,3.73,348321.96
5,3653.4,4.5,Rural,32.5,1,12720.1,7.4,530499.53
4,2463.9,2.5,Rural,3.7,3,9216.6,7.16,381381.51
4,3337.4,3.0,Downtown,29.9,1,1203.4,2.84,799696.87
2,1120.5,1.0,Rural,43.3,0,14515.1,3.61,165930.64
1,1150.9,1.0,Suburban,32.5,2,10326.6,8.3,214889.71
2,1697.4,1.0,Urban,23.4,2,7197.0,5.22,394170.52
3,2796.3,2.5,Downtown,47.9,1,10972.7,4.85,679840.17
3,2171.9,2.5,Downtown,37.3,2,3864.0,6.52,565033.87
3,2318.8,2.5,Downtown,12.5,1,4646.5,4.84,583925.78
4,3101.0,2.5,Suburban,19.3,1,3129.8,4.62,559198.89
4,3179.3,3.0,Downtown,38.0,2,6559.0,8.09,834954.32
5,3018.5,4.0,Downtown,1.0,1,13665.8,9.35,895559.41
3,2207.3,2.0,Rural,3.2,0,6440.3,5.72,305301.7
3,2571.8,2.0,Urban,43.0,3,5033.2,3.25,552047.64
3,1197.5,2.5,Suburban,2.1,2,10849.9,9.52,316357.82
2,1208.1,1.5,Urban,33.9,1,13174.5,7.17,286560.82
2,1745.4,1.5,Suburban,15.9,2,4419.3,6.72,329174.92
3,2536.9,2.5,Downtown,41.3,2,12310.9,6.26,675254.21
3,2254.3,2.5,Suburban,42.4,2,5267.3,7.53,410049.22
4,2509.8,2.5,Urban,47.7,2,4462.4,7.87,547133.64
2,1175.6,1.5,Downtown,4.8,2,7621.4,8.02,390796.45
4,2467.0,3.0,Suburban,21.1,1,1934.2,9.77,453635.92
3,2762.3,2.0,Suburban,28.7,1,13071.3,4.41,521824.98
3,1934.8,2.5,Suburban,45.8,2,13240.8,2.81,374075.16
3,1904.3,2.5,Downtown,13.3,2,10483.3,4.24,590277.4
3,1686.2,1.5,Urban,3.6,1,5240.4,7.78,418280.29
3,2441.2,2.5,Suburban,10.1,3,3333.9,5.64,486842.07
3,1904.7,2.0,Urban,24.8,0,10783.3,8.71,409822.33
2,1469.3,1.0,Rural,34.1,0,2443.2,2.74,167776.59
2,1071.4,1.5,Rural,34.5,1,6755.5,7.5,146190.22
3,1691.5,1.5,Urban,3.7,2,2243.3,2.87,398153.31
5,3258.7,4.0,Downtown,38.1,0,6970.4,8.09,870866.34
3,1674.5,2.0,Urban,33.0,3,2882.9,4.66,392304.57
4,3414.4,2.5,Suburban,20.4,3,1450.6,9.9,622799.43
3,1619.8,2.5,Urban,28.6,1,7296.3,6.85,398037.98
5,2866.7,4.0,Rural,38.4,1,8947.7,7.55,419583.47
4,2797.9,3.0,Suburban,13.1,1,7150.8,0.91,538269.81
3,1811.4,2.0,Suburban,47.0,1,3466.1,7.18,314116.23
3,2028.8,2.0,Suburban,6.9,2,2084.0,4.48,425513.76
4,2508.4,2.5,Suburban,45.1,2,2769.1,3.57,444153.45
3,1516.3,2.5,Suburban,37.0,0,11179.6,8.05,287663.47
3,1893.7,1.5,Suburban,33.0,3,1222.3,2.67,357681.44
1,1166.8,1.0,Suburban,4.1,3,13086.4,2.23,296521.75
4,2533.2,3.0,Urban,46.0,2,12761.2,3.88,618209.44
4,3153.4,3.5,Suburban,14.8,2,13326.6,6.48,637050.26
2,1665.4,1.5,Rural,37.3,2,13302.4,2.94,245530.86
3,2406.4,2.5,Urban,44.2,0,10345.2,5.81,473908.24
3,1340.8,2.0,Rural,12.2,2,12864.0,4.16,245432.82
2,1335.1,1.0,Urban,45.7,2,11224.6,4.27,289491.2
6,4347.7,4.5,Suburban,30.6,1,5201.7,2.43,781801.77
2,1533.0,2.0,Suburban,33.0,2,11571.8,3.56,343864.18
2,1998.9,2.0,Urban,45.7,1,9618.1,3.1,430429.88
3,2920.7,2.0,Urban,26.3,2,1384.9,2.81,587186.63
4,2181.3,2.5,Urban,22.0,2,12009.0,1.27,569080.44
1,962.3,1.0,Urban,31.7,1,13191.7,4.61,258783.9
3,1500.6,2.0,Rural,27.7,1,8244.6,2.82,248508.12
3,2174.6,2.5,Downtown,3.1,2,7818.4,9.63,632702.24
2,1326.7,2.0,Suburban,9.0,2,6981.8,6.22,268712.28
2,1443.0,1.5,Suburban,0.7,2,11063.7,4.89,317714.43
3,1780.2,2.5,Suburban,5.4,2,4016.4,3.71,364204.87
3,2198.2,2.0,Rural,36.5,0,11835.1,4.88,303324.82
5,3659.1,4.0,Urban,0.2,0,5092.8,3.74,863498.45
4,2066.4,3.0,Suburban,15.2,1,4661.0,8.64,417633.75
6,5000.0,4.5,Suburban,22.5,3,12328.5,2.93,959414.93
3,2526.3,2.0,Urban,46.9,2,3441.3,3.16,517052.44
5,3585.3,4.0,Downtown,16.4,2,13075.3,7.24,1026861.17
3,2031.1,2.5,Suburban,39.2,0,14690.1,9.06,392608.83
3,2339.9,2.5,Suburban,20.4,2,5478.2,6.96,449668.59
2,1513.4,1.0,Rural,4.9,1,13990.2,1.3,236854.16
2,1375.8,2.0,Urban,4.9,2,8929.8,9.04,362933.38
3,3051.0,1.5,Suburban,21.6,1,4630.7,7.81,501937.03
3,2166.9,2.5,Rural,2.9,2,7336.9,2.78,329463.66
2,1878.1,2.5,Rural,28.6,1,12200.8,1.09,264222.05
3,2156.1,2.0,Suburban,24.7,2,10332.9,7.32,445545.09
3,2194.7,2.5,Downtown,35.1,1,7927.0,2.73,606003.29
3,1602.7,2.0,Urban,9.3,1,4602.4,5.48,373736.73
3,2171.4,2.5,Suburban,29.6,1,11161.1,1.35,421623.55
4,2182.0,3.0,Suburban,8.7,2,5386.5,5.9,451779.16
4,2210.9,2.5,Downtown,36.1,0,5633.3,0.7,596666.57
3,2729.4,2.0,Suburban,15.4,1,11456.4,5.57,527638.8
3,1978.8,2.0,Suburban,30.7,2,8818.1,8.42,396786.67
3,1802.9,2.0,Urban,44.1,1,3601.7,6.02,394723.45
4,2591.6,3.0,Downtown,24.4,2,10619.6,8.9,727721.25
3,1756.8,2.5,Suburban,9.6,0,4612.7,5.71,350409.49
2,1958.8,1.0,Urban,44.3,3,11646.9,7.03,442171.97
2,1196.1,1.5,Downtown,17.9,2,7702.0,3.98,374235.56
3,2344.3,2.5,Urban,36.5,2,9329.8,3.32,555611.65
3,2620.1,2.5,Downtown,16.0,3,9413.7,3.69,743998.5
4,2647.8,3.0,Urban,14.9,2,3055.3,1.48,643283.62
2,1394.5,1.5,Suburban,32.1,1,10106.7,2.92,267252.11
3,1829.2,2.0,Suburban,7.8,0,13139.8,4.18,379752.63
4,3935.7,3.0,Suburban,43.3,1,13476.8,3.74,709478.77
4,3059.7,3.0,Downtown,19.4,1,10639.7,5.21,863624.67
3,2114.7,2.5,Downtown,1.0,2,14565.7,5.14,646608.29
3,1985.2,2.5,Rural,15.3,2,9375.9,7.49,321014.89
3,1912.0,1.5,Suburban,39.2,2,4568.2,4.26,369589.41
5,3405.1,4.0,Rural,43.0,2,10242.4,6.93,494853.05
2,1965.5,2.0,Rural,28.4,2,13728.5,8.96,282546.23
5,2765.2,3.0,Rural,14.7,1,6023.9,4.83,418568.73
3,1891.1,2.5,Suburban,26.4,2,4707.9,5.76,359492.53
3,2213.7,2.5,Downtown,41.8,2,14531.1,6.93,594975.19
1,964.2,1.0,Rural,15.8,2,11731.7,5.19,181013.99
3,2311.0,2.0,Downtown,19.3,2,1696.9,2.05,619473.82
3,2018.5,2.5,Suburban,27.0,1,8856.6,3.29,393909.74
2,1526.5,1.5,Rural,44.4,1,4282.0,0.77,187367.81
3,2180.4,2.0,Suburban,29.1,1,5015.4,6.99,390847.55
5,3433.7,4.0,Downtown,10.4,2,2226.2,3.16,940461.24
3,1022.0,1.5,Suburban,4.5,1,4233.9,8.32,209915.54
4,3013.4,3.5,Rural,4.8,1,8073.2,6.73,425527.85
2,1368.0,1.5,Rural,47.5,2,2099.9,7.49,139896.6
3,2264.5,2.0,Urban,41.1,1,13455.7,8.88,480313.79
2,1736.0,2.0,Rural,38.3,1,11855.6,4.54,231293.05
3,1549.8,2.0,Downtown,24.8,2,6339.3,2.29,454076.92
5,3273.5,4.0,Suburban,33.6,3,2823.2,9.39,604809.14
3,2168.2,2.5,Suburban,6.4,0,14915.6,9.96,432531.56
2,1651.5,1.5,Downtown,31.0,2,8886.3,2.57,427583.75
3,2111.0,2.0,Suburban,40.5,0,6921.7,7.54,340867.7
3,2683.6,2.0,Downtown,3.1,1,3780.9,1.19,690019.93
3,2482.8,2.5,Suburban,14.8,1,3845.0,0.76,470344.9
4,2826.9,2.5,Downtown,5.5,2,12146.9,6.91,821840.0
4,2756.6,3.0,Suburban,13.0,3,8278.3,2.92,591996.06
3,2372.3,2.0,Rural,38.6,0,14776.0,8.74,323739.23
3,1364.9,2.5,Downtown,16.6,2,14343.4,5.37,487133.61
3,1908.6,3.0,Downtown,34.5,1,3895.6,7.93,478551.14
2,1364.8,1.5,Downtown,38.7,3,14991.3,1.48,431888.22
3,2469.6,2.5,Urban,40.8,1,14812.3,8.81,541343.67
3,1993.4,2.0,Suburban,43.7,2,12189.9,2.3,398093.24
3,1708.9,2.0,Suburban,29.9,1,6472.7,5.9,309876.34
3,2020.1,2.0,Downtown,14.0,3,4138.0,6.29,547657.89
2,1262.8,1.5,Suburban,7.5,0,2444.2,1.13,243863.91
3,1777.7,1.5,Suburban,25.2,1,1727.6,9.79,325052.81
2,1622.7,2.0,Suburban,5.2,2,12491.2,3.37,379656.78
2,1497.9,1.5,Suburban,45.5,2,14237.9,7.28,276321.14
4,2890.6,3.5,Rural,22.1,3,11815.8,6.5,429317.7
1,1293.6,1.0,Downtown,43.6,1,11626.5,0.81,313366.43
3,1825.1,2.5,Urban,35.5,1,6812.5,8.69,413875.1
2,1036.6,1.5,Downtown,42.9,2,9976.5,3.39,299610.95
4,2596.8,3.5,Suburban,44.2,0,10397.0,2.87,504677.8
3,2015.1,3.0,Downtown,2.7,2,4601.9,1.06,601160.17
2,1434.8,1.5,Rural,36.3,1,11341.5,2.88,213566.86
3,2227.1,2.5,Downtown,11.3,2,3045.6,6.39,604395.91
4,2298.5,2.5,Suburban,49.5,2,5108.4,2.41,443303.31
5,2239.4,3.5,Downtown,38.9,2,9255.9,4.93,679026.37
2,1363.3,1.5,Suburban,0.2,2,8554.0,8.1,309611.18
4,2348.1,3.5,Suburban,46.4,2,10864.1,9.57,477793.68
5,3226.8,3.5,Downtown,14.6,2,9160.8,7.15,901828.44
5,2880.9,4.5,Urban,20.8,2,1693.6,2.36,689607.85
3,2344.6,2.5,Urban,30.6,2,14687.8,4.14,570830.77
3,2722.4,2.5,Suburban,45.8,2,11688.8,5.76,498360.02
3,2383.1,2.0,Suburban,46.4,2,13326.0,8.78,434098.43
4,2215.1,3.5,Suburban,28.2,2,12255.0,5.7,475146.38
3,2752.4,1.0,Urban,15.8,1,3973.5,5.17,566945.64
3,2526.9,2.5,Urban,14.0,2,14057.9,2.97,622802.27
3,1927.5,2.5,Downtown,18.2,3,14777.2,5.25,605492.81
4,3052.0,2.0,Urban,9.0,1,2101.4,3.53,679009.33
4,2203.6,3.0,Downtown,33.5,2,3218.1,5.86,577244.91
2,1057.9,1.5,Downtown,26.4,1,14864.1,8.18,345414.7
4,2338.3,2.5,Urban,38.7,1,5108.5,9.48,515129.79
3,2736.9,2.0,Downtown,4.7,1,12477.2,8.19,743309.72
4,2106.1,4.0,Downtown,20.0,2,2038.0,8.37,565814.46
3,2026.3,2.0,Suburban,12.0,1,11254.2,3.9,384285.93
3,2092.8,2.5,Urban,26.8,1,10819.5,7.11,492220.51
5,2887.7,4.0,Downtown,23.4,1,14127.0,4.19,860724.45
3,2120.8,2.5,Suburban,22.5,1,11202.0,0.73,462315.2
4,2611.0,3.5,Suburban,15.8,2,1579.6,8.9,494748.62
3,1760.4,1.5,Suburban,36.3,1,7306.3,1.0,321264.92
3,1796.1,2.0,Urban,24.1,3,5870.5,1.6,426919.56
3,2250.6,1.0,Suburban,10.1,1,8990.2,0.67,443969.57
3,2163.5,1.5,Urban,27.4,2,6996.5,1.14,492858.2
3,2489.1,2.0,Suburban,29.8,1,4931.8,1.06,441934.07
1,707.8,1.0,Suburban,1.1,3,10254.6,6.93,192455.07
3,1668.5,2.5,Suburban,10.2,1,5355.9,8.61,335881.59
1,899.6,1.0,Urban,12.1,2,12909.2,8.07,262153.08
5,4171.9,4.0,Suburban,12.4,2,5521.9,6.45,783319.96
5,3689.6,4.0,Rural,11.9,1,8214.7,7.97,534329.73
3,2303.7,2.5,Rural,13.6,0,12564.3,4.84,357697.1
4,2992.2,2.5,Urban,13.1,2,12520.4,9.11,702040.48
3,2288.1,2.0,Rural,44.2,2,9205.3,4.87,302570.3
3,2118.4,2.0,Suburban,16.0,1,6318.9,0.77,395316.53
4,3235.7,3.0,Downtown,17.5,2,8811.2,7.17,852192.64
5,3114.9,3.5,Suburban,13.3,2,12895.6,8.39,630788.01
3,1537.1,2.5,Downtown,48.4,3,4062.9,2.63,435636.48
4,2917.6,3.5,Suburban,26.8,2,2714.8,3.52,542096.0
3,2478.6,2.0,Suburban,30.5,1,9148.5,7.1,445156.81
6,3424.0,4.5,Suburban,36.8,0,9036.6,5.95,645419.51
1,1193.9,1.5,Suburban,16.7,1,5104.1,8.95,212858.42
3,2544.8,2.5,Suburban,48.4,1,7082.5,5.04,447356.93
3,1959.3,2.5,Suburban,7.6,2,2239.4,6.89,392609.64
3,1695.4,2.0,Downtown,22.9,2,2830.6,3.08,489652.64
2,1562.5,1.5,Urban,7.3,2,12596.6,9.33,397612.41
5,3370.3,4.5,Suburban,39.5,2,7502.6,4.01,660347.62
2,1457.5,1.5,Urban,5.4,1,2397.4,5.63,322739.56
3,1990.9,2.0,Rural,27.7,1,14466.2,6.36,332078.44
2,1070.4,1.5,Urban,5.2,1,3939.2,2.92,287610.61
3,1573.2,3.5,Suburban,22.6,2,5436.7,3.51,361927.18
3,1982.5,2.5,Urban,14.0,2,14615.5,5.27,540433.18
3,2035.1,2.0,Downtown,45.2,0,3532.4,3.07,486801.2
2,1624.1,1.0,Urban,2.7,1,14562.2,1.74,442406.35
2,1977.3,2.0,Suburban,32.5,1,11111.4,8.45,358007.18
3,2295.1,1.5,Urban,34.8,3,6976.9,3.58,545148.33
4,3017.9,3.0,Urban,44.4,1,9329.0,4.45,639956.89
4,2016.7,2.5,Suburban,43.9,2,8110.5,5.7,386994.24
2,1495.0,1.0,Suburban,48.9,1,12266.3,8.5,278879.47
3,1918.4,2.0,Downtown,12.7,2,1879.8,1.83,525307.47
2,1536.4,1.5,Suburban,13.7,3,12387.5,6.45,346022.96
1,1018.3,1.5,Suburban,19.9,1,14588.7,3.84,224694.03
3,2416.4,2.5,Suburban,26.9,1,7014.0,8.76,446128.95
3,1714.6,2.0,Suburban,18.4,1,3679.6,6.78,318099.97
2,1079.0,2.0,Suburban,37.0,1,2523.3,1.88,215755.4
2,1419.1,1.5,Suburban,0.4,2,5854.6,3.32,309918.24
1,959.9,1.0,Urban,0.9,1,2829.2,0.84,210066.46
4,2929.8,3.0,Suburban,35.8,2,4216.0,7.82,518267.02
5,3903.5,3.0,Downtown,44.2,2,10162.1,4.42,987289.36
2,1582.9,2.0,Downtown,38.8,0,6820.9,0.96,418189.05
2,1382.2,2.0,Suburban,5.9,2,13614.3,0.63,321480.31
4,1964.5,2.5,Urban,46.7,2,7494.6,9.58,436897.74
5,3015.1,4.0,Downtown,26.1,0,3157.4,8.6,814507.51
3,2674.8,2.5,Suburban,37.1,0,2941.0,3.68,472336.03
2,1245.1,2.0,Rural,10.1,1,10703.7,5.41,197352.4
1,804.7,1.0,Downtown,27.4,1,9874.7,5.97,205657.32
3,2338.1,2.5,Suburban,16.5,1,10910.2,5.4,449049.08
3,1950.0,1.5,Rural,48.7,2,5742.6,3.43,258968.03
1,751.8,1.0,Downtown,23.7,1,13810.4,4.21,234473.85
3,2427.2,2.5,Suburban,37.8,2,2592.7,2.22,440158.55
1,924.4,1.0,Suburban,30.2,2,1459.9,0.82,165525.95
4,2600.0,3.5,Downtown,4.7,0,11390.1,1.97,769281.96
3,2267.0,1.5,Downtown,27.1,1,10479.0,0.62,607237.98
1,640.3,1.0,Suburban,27.0,1,7909.8,4.61,128235.94
3,1838.2,3.0,Urban,35.8,1,1611.7,6.78,386197.2
3,2247.9,2.5,Downtown,16.1,2,2598.8,2.22,587256.6
5,4192.2,3.5,Urban,43.0,1,3734.2,5.57,879396.4
3,1984.4,2.5,Suburban,31.1,0,9942.1,3.59,370301.64
3,2094.9,2.0,Suburban,2.0,2,10282.7,1.64,466027.38
4,2379.4,4.0,Urban,35.3,2,10476.8,1.71,586067.75
3,1851.7,2.0,Downtown,45.3,2,12242.7,6.37,495345.1
5,2818.3,4.5,Suburban,34.2,2,1347.1,1.62,560511.3
3,2269.1,2.0,Suburban,19.0,1,10005.7,5.76,455449.31
3,2107.1,3.0,Suburban,29.5,1,4521.9,2.31,397581.18
2,1573.3,2.5,Suburban,8.6,1,8994.5,8.73,329496.45
3,1813.9,2.5,Urban,30.1,2,11330.3,0.97,476008.57
4,2730.2,3.0,Urban,25.0,2,11080.7,4.18,670249.31
4,2812.5,2.5,Suburban,1.3,2,5030.6,7.73,553663.85
2,1564.0,1.0,Rural,16.1,2,5974.3,7.62,244595.06
2,1546.6,1.5,Rural,9.6,2,13842.2,1.88,256493.64
4,2854.8,3.5,Suburban,19.5,1,12884.4,2.37,611634.2
5,3762.4,3.5,Suburban,12.1,1,4598.1,5.69,716178.25
2,1535.3,2.5,Urban,41.7,2,9218.5,7.0,359228.59
3,2142.1,2.0,Downtown,34.9,2,2501.9,7.65,527133.53
3,2123.3,2.5,Suburban,37.0,2,10154.2,6.4,424398.21
4,2542.9,3.0,Suburban,18.0,0,9698.9,7.94,482660.82
2,1452.2,1.5,Rural,0.2,2,4694.8,4.68,229413.76
2,1868.1,1.0,Rural,11.0,2,6905.8,5.83,259963.45
4,2252.7,3.0,Urban,37.8,2,11952.3,4.62,578583.05
2,1344.2,1.5,Suburban,30.1,0,4576.1,7.73,212403.5
3,1743.0,2.0,Suburban,26.9,1,11757.1,2.16,391441.92
3,1889.1,2.5,Suburban,14.0,1,5429.4,2.9,374731.33
3,1859.5,2.5,Urban,3.8,2,12753.9,8.45,476655.07
3,2107.7,2.0,Urban,39.2,3,1427.1,7.29,429847.5
3,1821.3,2.0,Urban,1.9,1,4614.1,7.48,421322.85
2,1683.8,2.0,Downtown,3.0,2,3486.7,1.44,511765.29
3,2326.0,1.5,Suburban,14.7,0,13468.0,5.1,426789.08
4,2243.8,3.0,Suburban,28.6,0,6999.3,5.86,433611.33
4,2030.5,2.5,Downtown,49.6,0,8638.4,7.91,530180.09
2,1218.2,2.0,Suburban,4.5,2,4389.1,4.51,311231.8
2,1418.1,2.0,Downtown,23.7,1,2797.0,5.64,360260.64
3,2858.2,2.0,Rural,30.1,2,9375.4,2.76,398805.7
3,2433.5,2.5,Urban,41.2,1,4966.2,8.41,483688.83
3,1759.3,2.5,Suburban,34.5,2,14004.0,9.18,359670.34
3,1964.3,3.0,Downtown,40.4,2,7668.9,4.91,570948.08
2,1674.3,1.0,Suburban,26.1,2,2934.2,4.65,303341.64
1,952.0,1.0,Downtown,21.7,2,1333.1,3.62,253157.39
3,1679.7,2.5,Suburban,30.9,2,4251.9,3.03,343365.59
3,2236.3,2.0,Urban,45.0,2,5478.9,5.76,486541.05
2,1429.6,1.5,Downtown,27.5,1,3897.5,2.1,392898.72
3,1658.5,2.5,Downtown,30.3,1,6118.4,6.1,442501.18
3,2327.5,2.5,Downtown,16.9,3,13305.5,5.83,697237.85
4,2978.3,4.0,Urban,29.8,2,1671.3,7.09,655409.49
4,2986.8,3.0,Rural,31.4,1,12217.2,2.64,404122.77
3,2406.3,2.5,Urban,37.7,1,6961.1,7.17,518399.69
2,1387.2,1.5,Suburban,28.6,1,13689.8,0.66,296657.33
3,2372.7,2.5,Downtown,9.9,1,10338.7,5.58,662935.0
2,1661.1,1.5,Urban,29.1,3,3308.8,8.52,345003.21
3,2022.7,2.5,Downtown,14.9,1,14433.0,7.41,598243.54
4,2513.1,3.0,Suburban,4.4,1,3166.0,8.58,493842.41
3,2153.4,2.0,Suburban,41.3,1,5708.1,1.91,413731.4
4,2586.1,3.0,Suburban,3.3,2,14703.3,7.33,567396.2
3,2899.4,2.5,Suburban,31.6,3,3965.8,4.96,534794.21
2,1435.8,1.5,Urban,49.4,1,9836.6,3.57,294360.68
4,2608.7,3.0,Downtown,4.4,2,14685.1,3.88,783872.58
3,2002.1,2.5,Urban,11.0,3,10644.9,1.47,521712.79
3,1899.3,2.0,Rural,38.0,2,10278.7,7.12,268601.47
3,3084.6,3.0,Suburban,4.8,2,9701.6,6.5,605757.23
2,1586.1,1.5,Downtown,41.6,2,8776.4,1.95,419202.41
6,4550.2,4.5,Suburban,0.0,0,14288.2,5.67,888967.13
2,1522.4,1.0,Urban,44.5,1,8612.6,1.73,284016.44
6,4204.3,3.5,Suburban,3.3,2,10286.1,3.48,828814.73
5,3546.5,3.5,Urban,46.1,3,11343.7,0.92,842623.76
4,2500.4,2.0,Urban,43.2,2,8387.9,6.4,543047.88
3,1965.1,2.0,Rural,27.0,1,13428.1,0.62,303679.89
3,2537.6,3.0,Urban,38.9,1,1319.2,2.98,509479.25
4,3163.6,2.5,Downtown,3.7,2,6533.8,3.03,866239.01
3,2522.0,1.5,Suburban,6.8,1,9632.8,7.61,481443.52
3,2272.9,3.0,Downtown,18.5,1,1265.6,4.78,584007.52
3,2229.7,2.0,Downtown,26.9,1,14116.6,5.95,626209.79
3,2582.2,2.0,Urban,43.4,1,12569.3,2.87,585902.38
3,1845.1,2.5,Rural,27.1,1,4066.5,5.7,291569.94
3,2390.0,2.5,Rural,33.3,1,5644.8,1.92,315592.03
3,1660.9,2.5,Suburban,34.0,2,10480.1,9.93,339037.8
4,2377.2,3.5,Downtown,43.9,2,5774.2,5.41,621108.29
2,1111.8,1.0,Suburban,38.8,2,12994.6,8.85,226636.64
5,3909.2,3.0,Downtown,48.9,0,4478.6,1.5,952906.29
3,1498.7,2.5,Suburban,1.0,1,12456.1,6.11,327744.51
4,2539.2,2.5,Urban,10.4,0,7504.4,6.87,588406.12
3,1206.3,2.0,Urban,46.5,0,7347.2,8.0,252067.55
4,2398.6,2.5,Rural,39.6,1,3358.1,5.12,303144.38
1,665.4,1.0,Suburban,13.4,1,14767.2,0.84,179683.85
4,3347.7,3.0,Suburban,48.7,2,5827.6,2.98,629222.16
1,751.4,1.0,Urban,43.5,2,3864.7,3.17,154779.85
4,2225.8,2.5,Downtown,3.2,1,1454.2,3.53,605167.61
6,4382.2,4.5,Urban,40.6,1,7909.2,1.38,981140.74
3,2079.1,2.0,Downtown,39.2,0,1451.6,0.51,463387.7
2,1454.6,1.5,Urban,11.1,1,7375.1,5.44,330724.84
4,2218.7,2.0,Urban,33.5,1,13637.0,7.5,545523.24
3,1667.2,3.0,Suburban,48.5,0,7971.6,2.69,329127.95
4,2520.8,3.5,Urban,33.8,2,1606.3,7.09,570606.54
2,1634.4,1.5,Downtown,40.7,2,4701.2,7.45,391824.95
2,1489.5,1.0,Suburban,5.0,2,1682.5,4.41,303874.47
5,4000.3,4.0,Urban,36.4,0,13348.5,5.49,902491.22
3,2128.6,2.0,Urban,10.2,2,4361.5,3.48,497816.42
4,1570.5,2.5,Rural,3.6,2,1910.8,4.06,260819.75
3,1968.8,1.0,Downtown,27.6,3,14503.5,6.1,554401.43
3,1521.1,2.0,Suburban,37.5,1,7820.0,3.94,290037.57
3,1939.2,1.5,Rural,27.3,2,6678.9,5.26,298702.45
3,1901.6,2.5,Suburban,46.6,0,13979.1,7.57,341004.52
3,2146.1,2.5,Rural,34.8,2,8431.7,9.66,293533.69
3,1642.6,2.0,Suburban,5.9,0,4940.3,8.97,289520.95
3,2106.8,2.0,Urban,46.7,1,12087.6,9.19,468604.01
3,1615.6,3.0,Rural,7.6,3,4805.0,9.16,273314.67
4,2794.8,3.5,Urban,37.9,2,7199.6,2.79,674687.74
2,1848.4,1.5,Rural,7.4,3,12244.4,9.49,278285.03
3,1741.8,3.0,Downtown,49.9,2,14040.2,2.61,505660.16
2,1447.5,1.0,Suburban,16.6,2,9482.6,8.71,265108.61
3,1266.5,2.0,Downtown,24.8,2,8067.4,6.02,392908.42
4,2767.3,3.0,Downtown,23.3,2,2066.4,8.47,708772.4
2,1913.0,1.0,Suburban,5.1,2,9638.3,9.83,370882.85
2,1819.1,2.0,Rural,24.7,0,5572.4,8.82,228061.05
2,1599.2,1.5,Suburban,7.5,1,8203.0,8.26,333657.96
3,2481.0,2.0,Rural,40.1,1,11424.4,2.46,362464.57
4,3996.9,3.0,Rural,47.9,1,9962.8,8.67,520438.9
1,1185.3,1.0,Downtown,40.4,1,2357.1,2.07,267065.58
4,2403.2,3.0,Downtown,21.6,2,6561.4,5.37,672048.66
3,1723.5,2.0,Suburban,0.1,1,3792.9,5.27,350306.02
3,2072.1,1.5,Suburban,1.8,2,3115.7,5.43,368405.54
5,2677.3,4.5,Downtown,24.8,1,4084.9,7.37,755477.17
3,2192.7,1.5,Urban,34.0,2,13889.6,4.26,512738.66
3,1910.7,3.0,Downtown,41.0,2,10975.1,4.84,557512.99
1,619.2,1.0,Downtown,30.0,2,13713.5,6.76,217850.82
2,1480.0,2.0,Suburban,48.9,1,8090.4,6.98,244381.52
3,2043.3,2.5,Suburban,24.7,2,1015.7,4.66,377628.52
1,858.4,1.0,Rural,30.0,2,1482.0,1.0,105699.45
3,2248.8,2.5,Rural,11.5,3,3025.7,2.96,353513.53
3,1517.3,1.5,Rural,17.0,2,11930.1,9.47,264988.53
3,2174.7,2.0,Downtown,34.2,2,3823.2,9.31,544133.85
2,1502.0,1.0,Suburban,30.1,2,2422.3,6.67,281500.23
3,2245.6,2.5,Suburban,18.5,0,13053.9,2.26,461319.42
3,2065.3,1.5,Downtown,5.6,2,4199.6,1.41,558937.55
5,3483.7,3.0,Suburban,17.1,1,8033.9,9.52,630941.41
2,1620.2,1.5,Suburban,2.2,2,5752.6,8.8,306713.35
4,2608.2,2.0,Suburban,29.0,2,13551.7,4.28,510122.95
3,1799.9,2.5,Downtown,16.2,2,10866.5,6.48,532848.46
3,1796.4,1.5,Rural,19.0,1,7354.9,9.18,252149.43
3,2571.0,2.0,Urban,28.8,2,13082.8,1.81,601840.88
2,1232.0,1.0,Suburban,29.1,0,11174.2,6.54,227540.2
2,1809.5,2.0,Rural,29.4,2,12324.3,9.24,300159.87
3,2034.0,1.5,Rural,24.6,1,14685.9,8.45,310436.36
3,1943.1,2.0,Urban,24.4,1,3844.1,3.23,437492.4
5,3653.4,3.0,Urban,41.1,0,3834.9,9.54,762905.03
3,1566.6,2.0,Suburban,23.4,1,8791.0,2.43,313758.98
2,1408.2,2.0,Suburban,26.8,1,8456.5,2.48,270993.31
4,2798.0,3.0,Suburban,49.4,1,13167.7,1.42,549272.94
3,1812.5,2.0,Rural,9.1,1,3182.8,1.62,270551.26
3,2408.1,2.0,Urban,36.3,2,6950.6,7.74,517996.19
3,2023.1,2.0,Suburban,23.7,1,8390.8,3.12,375801.46
5,3963.5,3.5,Suburban,41.5,2,7497.9,8.76,708509.52
4,2880.0,3.5,Suburban,20.2,1,1939.4,8.65,523159.01
3,2194.6,2.0,Urban,15.1,2,3069.9,1.61,499475.42
3,1602.1,2.5,Downtown,10.4,2,3149.9,5.56,501957.93
5,4809.7,4.0,Urban,43.6,2,9344.4,7.52,1068287.46
3,1478.0,2.0,Suburban,35.9,1,7004.1,6.99,295617.05
1,976.6,1.0,Downtown,3.8,2,3494.4,1.48,291285.98
3,1970.4,2.0,Urban,35.7,1,11313.1,3.56,448340.27
2,1505.1,2.0,Suburban,1.8,2,12241.5,6.31,328853.05
3,2122.9,2.5,Urban,9.1,2,3941.9,6.05,508874.37
3,2096.9,2.0,Downtown,29.6,3,11118.7,8.23,600591.64
3,2712.8,2.0,Rural,23.2,0,1890.6,1.03,363914.19
1,850.8,1.0,Urban,42.0,0,12983.2,5.06,182388.23
4,2628.2,3.5,Suburban,30.4,2,14478.2,8.57,548410.17
3,1418.9,2.0,Urban,48.2,3,3182.2,9.94,302015.43
3,2705.0,3.0,Downtown,42.8,0,12006.2,1.72,698190.75
3,1705.0,2.5,Urban,17.0,1,2362.2,6.64,378058.46
3,2165.9,2.5,Downtown,41.7,1,14457.5,0.51,601566.19
2,1601.3,1.0,Suburban,43.5,1,7329.0,3.82,272318.22
2,1522.0,1.5,Rural,48.5,0,8493.9,4.73,181916.66
4,3006.8,3.0,Downtown,0.6,2,11694.5,3.79,857313.11
5,3925.6,3.5,Suburban,43.7,0,4483.0,6.43,682545.13
3,2400.2,2.5,Downtown,3.5,2,6584.1,0.65,695526.86
2,1531.8,2.0,Urban,26.4,0,1980.2,9.13,295472.87
3,2346.8,2.0,Suburban,20.7,2,9604.7,3.53,460140.54
4,3133.4,2.5,Suburban,46.0,2,12190.6,1.93,549461.23
4,2320.8,3.5,Suburban,20.3,2,12925.8,4.62,517708.55
2,1902.9,1.0,Downtown,29.8,2,8508.9,5.38,482800.06
1,1049.2,1.0,Rural,34.6,3,11721.3,0.99,190368.98
4,3333.3,2.5,Rural,1.0,1,3098.7,8.09,454821.92
3,1874.6,2.0,Rural,29.5,2,11407.8,7.51,291487.75
3,2155.1,2.5,Downtown,25.9,1,1063.5,5.36,556412.13
1,659.6,1.0,Downtown,29.7,2,3727.8,2.27,176542.46
3,1613.7,2.5,Suburban,3.8,0,9884.9,9.3,348029.44
4,3147.0,2.0,Rural,2.8,1,5487.6,8.04,437359.38
5,3237.6,4.0,Suburban,8.9,2,6748.5,2.72,639389.9
3,2256.0,2.0,Suburban,43.5,3,12564.9,7.49,436837.27
3,1836.2,1.5,Urban,17.8,1,8995.3,1.46,428137.52
2,1364.2,2.5,Downtown,21.7,2,6585.5,1.63,402488.12
3,1790.3,2.5,Rural,19.5,2,7520.7,4.72,287884.24
3,2298.5,2.5,Rural,35.7,1,12878.0,7.17,347902.87
3,2498.5,2.5,Rural,13.0,1,7798.3,9.21,364853.13
3,2300.6,2.5,Downtown,3.4,2,13254.9,9.72,683801.26
2,1517.7,1.0,Suburban,18.9,1,4459.4,7.07,269774.0
2,1113.8,1.5,Suburban,36.4,2,8472.6,7.94,227035.75
3,2336.2,2.0,Downtown,45.7,0,6166.4,5.35,571970.38
2,1777.8,1.5,Suburban,2.5,1,9278.2,1.03,359388.5
2,1494.2,1.0,Suburban,40.5,2,9057.1,1.69,268814.02
6,4302.3,4.0,Suburban,3.3,3,8998.3,9.72,859537.23
3,2403.4,2.5,Suburban,16.5,1,8388.8,4.23,441078.65
3,1478.5,2.5,Downtown,1.1,2,7362.0,7.83,472679.49
4,2352.4,3.0,Rural,45.6,2,13745.2,2.59,364231.96
6,4205.6,4.0,Urban,35.3,2,4751.3,5.56,926134.22
3,2043.1,2.0,Urban,18.5,1,7075.4,1.95,451187.27
4,2972.6,2.5,Downtown,18.9,3,3956.9,8.18,799851.1
3,2847.8,2.5,Suburban,32.0,0,5651.6,2.1,492383.19
3,2273.4,2.5,Downtown,4.5,3,4485.8,7.21,632772.83
3,2441.2,3.0,Urban,7.3,2,10376.1,1.93,639546.49
3,2221.7,2.0,Suburban,42.4,2,10906.6,8.28,364164.67
3,1995.6,2.5,Rural,10.1,2,4874.3,5.28,326026.82
3,2063.5,2.0,Suburban,36.3,2,14770.6,4.42,449669.56
2,1293.2,1.0,Downtown,11.3,2,4979.2,3.7,350059.79
3,2234.8,2.0,Rural,4.4,2,12597.5,7.03,342099.26
2,1541.4,1.5,Rural,45.0,2,5096.4,1.34,212040.17
3,2085.3,2.0,Suburban,45.1,3,6784.7,8.63,380427.79
3,2573.5,2.0,Downtown,30.3,1,10306.1,7.73,667821.61
4,1855.4,3.0,Suburban,23.1,2,8807.3,4.04,414452.66
4,2892.8,2.5,Suburban,27.6,2,8086.8,9.79,548553.35
4,2174.4,2.5,Urban,20.4,2,12119.1,8.4,595188.52
3,1967.3,1.5,Urban,37.9,2,10908.1,3.07,430228.45
4,2808.3,3.0,Downtown,37.7,0,13798.3,8.93,754958.59
3,2493.3,2.5,Urban,40.9,2,4231.9,1.44,564159.49
2,1788.4,1.0,Downtown,26.1,0,1228.5,7.05,368678.24
1,1137.0,1.0,Downtown,40.1,2,14998.0,1.75,315311.79
3,1915.0,3.0,Suburban,7.8,2,4967.8,9.77,400457.07
3,2554.9,2.5,Downtown,1.5,2,1601.3,0.97,680109.18
3,2046.5,3.0,Urban,32.4,2,4462.9,2.71,470065.26
4,1915.2,4.0,Suburban,5.3,2,10362.9,5.54,461727.32
2,1226.0,2.5,Suburban,27.5,1,9233.6,6.05,247557.35
2,1548.5,1.0,Suburban,36.1,2,3893.9,5.37,257473.13
5,3741.8,3.5,Rural,20.4,2,3607.1,7.53,507613.37
2,1569.4,1.5,Rural,2.2,1,7220.8,0.51,232785.25
3,1509.5,2.5,Urban,44.4,1,1189.1,5.86,321300.12
3,2130.1,3.0,Suburban,2.2,2,1033.3,6.34,424326.23
3,2477.8,2.5,Downtown,45.2,2,9635.9,2.49,650188.23
2,1382.4,1.0,Suburban,2.6,2,5554.0,6.76,288991.33
2,1617.1,1.5,Suburban,36.8,2,1334.8,6.71,268856.96
2,1775.4,1.5,Downtown,46.2,2,7437.3,5.54,424217.98
3,2385.2,1.5,Downtown,45.3,0,14097.8,2.96,584963.54
3,2004.5,2.5,Suburban,44.7,3,4568.8,4.46,381960.88
2,1520.9,1.0,Urban,44.2,1,4514.9,3.09,324022.71
3,1885.4,1.5,Suburban,25.5,2,7551.8,7.81,368495.14
4,2933.4,2.5,Urban,27.9,2,3078.5,6.38,614128.45
1,689.9,1.0,Suburban,31.0,2,9931.2,1.94,124269.14
3,2282.5,2.5,Suburban,44.8,0,12749.6,5.89,406264.87
3,1879.6,2.5,Suburban,41.9,3,3723.4,9.08,321175.83
3,1713.6,2.5,Rural,39.1,2,10222.3,8.41,235345.6
3,2619.0,2.5,Downtown,33.8,2,13432.1,8.97,661155.87
3,2167.2,2.5,Suburban,30.9,2,13643.1,9.21,434856.04
4,2917.8,3.0,Suburban,46.1,2,8740.4,2.29,530776.6
4,2504.3,3.0,Downtown,9.6,2,3132.1,7.34,672400.06
3,2369.4,2.0,Suburban,9.6,2,10228.4,6.62,462102.65
4,2551.0,2.0,Suburban,49.1,2,11287.4,0.82,473922.25
3,2082.2,2.5,Suburban,27.7,2,11560.4,7.89,413130.99
3,2576.1,2.5,Downtown,24.2,0,14080.7,2.47,681011.41
3,2421.3,2.0,Suburban,42.5,1,9613.8,9.21,436470.05
2,1319.6,2.0,Downtown,42.5,2,7525.6,8.44,343770.19
4,3579.0,3.0,Suburban,8.8,3,8035.7,7.8,694990.11
3,2004.3,2.0,Suburban,8.7,3,5501.6,7.12,399856.82
3,1925.8,2.5,Rural,39.8,2,1801.7,4.97,276044.49
5,3289.4,4.0,Downtown,39.3,1,11044.5,8.08,887511.11
1,957.5,1.5,Suburban,11.3,2,1277.9,8.28,181160.14
3,2133.0,2.0,Suburban,42.1,1,1897.6,1.44,381095.72
2,1562.9,2.0,Suburban,24.0,1,5677.8,3.65,271990.26
4,2865.8,2.5,Urban,23.5,0,14034.9,3.51,670554.65
4,2358.4,3.5,Urban,49.3,1,7763.9,1.68,535062.19
3,2217.1,1.5,Urban,26.0,1,4012.5,9.77,441647.0
3,1618.6,2.0,Downtown,6.9,2,13558.7,6.04,535295.98
3,1658.1,2.5,Rural,14.0,1,9003.7,6.1,284539.27
4,2562.7,3.0,Suburban,16.7,1,6177.4,4.13,522658.97
3,2750.0,2.0,Downtown,47.9,1,11020.1,7.8,665538.76
3,2010.7,2.5,Urban,13.2,1,7175.7,5.02,478717.34
5,3480.2,3.5,Suburban,21.5,2,11219.7,7.55,701213.94
3,2640.4,2.0,Downtown,37.5,1,4057.3,8.84,601835.63
2,1557.7,1.5,Rural,13.7,0,3102.6,6.74,229126.9
3,2044.2,2.0,Suburban,35.1,2,7453.1,6.42,374729.08
5,2630.7,4.5,Suburban,10.4,1,5474.4,7.98,547518.38
3,1135.0,2.0,Suburban,12.1,2,9472.1,5.28,270067.36
2,1242.8,2.0,Downtown,49.3,0,12043.1,8.21,310056.36
3,2386.2,2.5,Rural,18.4,1,13621.1,1.38,353654.46
3,1897.5,2.0,Urban,36.5,1,11647.4,2.8,440721.86
2,1692.0,1.0,Suburban,42.0,1,5784.5,9.28,266092.86
3,1836.0,2.5,Suburban,17.3,1,11183.1,2.13,392587.5
6,3662.1,4.0,Urban,17.9,2,8418.4,4.8,840899.43
3,2502.9,2.0,Suburban,38.7,2,13685.1,5.07,512739.69
3,1935.7,2.0,Downtown,30.4,2,10896.3,4.47,566971.0
3,2133.2,2.0,Urban,18.1,1,3103.3,8.74,440348.39
2,1586.8,2.0,Suburban,37.5,2,2093.3,7.62,260980.83
4,3169.2,3.0,Rural,43.2,3,8613.7,8.2,436448.49
3,2343.8,2.0,Urban,11.8,1,6110.6,9.92,526970.46
3,2079.9,2.5,Suburban,1.2,1,3353.4,9.76,408017.37
3,2417.0,2.5,Downtown,13.7,2,12167.2,8.98,663098.15
3,2447.0,2.0,Suburban,33.7,1,6255.9,5.87,466297.07
3,1688.1,2.0,Urban,45.8,2,2204.2,3.36,353039.41
2,1774.9,1.0,Downtown,43.2,1,4671.7,7.38,412881.77
4,2673.8,3.0,Suburban,11.1,0,10476.4,9.52,512164.1
5,3181.0,3.5,Urban,44.1,1,10071.1,9.91,722310.61
3,2672.6,2.5,Downtown,40.5,2,4674.5,6.33,662919.68
5,3293.8,3.5,Urban,36.7,1,5776.9,7.16,712789.33
2,1113.9,1.0,Downtown,34.4,2,1697.5,3.15,278002.97
3,1936.2,1.5,Downtown,40.4,3,14345.7,2.41,557192.09
3,1334.9,1.0,Downtown,43.1,2,5580.2,6.57,342977.3
3,1947.6,2.0,Suburban,41.0,2,14011.7,2.64,382544.33
3,1298.6,2.5,Rural,6.1,2,12394.3,4.26,249176.14
3,1926.9,1.5,Urban,36.1,0,5692.5,5.18,405930.29
2,1187.7,1.0,Suburban,42.1,2,10718.1,9.36,187664.26
3,2158.5,2.0,Downtown,9.3,3,7630.8,9.79,586757.29
2,1306.9,1.0,Suburban,10.7,2,14673.1,2.85,303918.49
4,2776.2,2.5,Downtown,39.3,1,9938.8,1.75,732824.41
2,1416.9,1.5,Urban,17.2,1,8267.0,2.64,342316.1
2,1268.8,1.5,Downtown,20.0,1,9931.6,5.43,375743.32
3,2279.1,1.5,Suburban,18.9,2,4083.5,7.94,408618.25
3,2795.5,1.5,Suburban,10.6,0,5289.5,5.46,506378.6
4,2791.0,4.0,Urban,46.9,1,10977.7,9.36,636983.77
3,1693.2,2.5,Suburban,40.3,2,2172.1,6.56,290619.84
3,1820.2,2.0,Suburban,12.5,2,5236.3,5.09,369739.32
4,2196.4,3.0,Suburban,5.3,2,9673.9,7.82,474046.92
3,2069.9,2.0,Suburban,18.6,2,14939.7,9.56,416266.18
2,1708.2,1.5,Rural,20.8,1,13959.3,3.67,237881.45
3,2223.6,2.0,Suburban,0.4,1,12651.1,3.11,451357.89
5,3620.3,3.5,Downtown,44.4,2,8011.5,2.53,934590.46
3,2231.5,2.5,Suburban,42.6,2,12266.4,5.59,446780.92
3,2193.3,3.0,Downtown,42.5,2,8825.0,4.95,585762.16
2,1580.8,2.0,Suburban,40.3,1,7418.4,2.85,307557.8
2,1534.4,2.0,Downtown,36.7,0,4129.3,7.36,337424.08
3,1700.3,2.0,Rural,31.7,2,14313.0,3.33,264217.09
3,1961.6,2.0,Suburban,48.0,2,9374.8,7.69,348271.46
2,1528.5,1.0,Urban,35.6,1,10455.0,8.47,315870.0
5,4175.1,4.0,Rural,31.5,3,2975.1,8.73,574654.96
4,2248.7,3.0,Rural,39.4,0,7031.9,1.89,329365.17
3,2263.1,2.0,Suburban,12.3,1,14505.3,3.41,486341.17
4,3166.2,2.5,Rural,48.4,1,11607.4,5.48,393358.87
2,1588.2,2.0,Urban,1.0,1,13359.4,8.53,446908.26
3,2460.0,2.5,Downtown,32.4,2,6542.3,4.31,626385.9
3,2104.4,3.0,Rural,3.9,1,1930.6,6.77,310770.64
4,3149.5,2.5,Suburban,42.7,1,5920.7,4.82,566017.27
4,2354.6,2.5,Downtown,48.4,0,6263.9,0.78,601849.54
3,1815.5,2.5,Urban,20.4,1,5215.7,3.51,448792.37
5,3267.9,3.5,Suburban,42.9,0,8373.9,7.69,607634.87
2,1006.1,1.5,Rural,16.8,0,3689.8,7.44,143479.3
4,2993.9,3.0,Urban,8.0,0,14127.4,8.89,720175.7
5,3989.2,3.5,Suburban,13.8,0,13705.3,6.13,745649.01
2,1611.1,2.0,Suburban,15.1,3,4662.4,7.78,310162.93
4,2936.5,3.0,Urban,31.5,1,10120.8,4.44,655814.45
1,950.7,1.0,Suburban,39.8,2,8016.0,3.82,136547.23
3,2108.0,2.5,Downtown,10.3,2,4501.0,3.73,579661.75
3,2000.2,2.0,Downtown,4.4,2,13559.4,2.01,608804.31
3,1985.6,2.0,Downtown,11.1,0,4234.9,4.66,506506.65
5,3240.2,3.5,Suburban,14.8,2,9744.7,8.2,655932.19
3,2735.5,1.5,Downtown,14.0,1,5695.0,0.62,690540.4
3,2424.4,2.0,Downtown,11.0,2,12565.5,5.96,698594.5
4,2624.7,3.5,Suburban,23.3,1,9684.6,2.14,509740.45
5,4004.4,3.5,Downtown,42.8,1,12656.3,7.57,1017831.58
1,818.1,1.0,Downtown,5.0,2,5868.0,1.83,259690.84
6,3481.1,4.5,Rural,43.1,0,1156.3,2.06,498042.84
2,1807.8,1.0,Urban,24.9,2,4103.2,0.9,392760.36
4,2323.9,2.5,Suburban,33.0,0,12401.8,4.71,455789.23
3,2087.6,2.5,Rural,40.8,2,5436.1,6.65,269120.27
2,1560.2,2.0,Suburban,15.2,2,5475.3,3.24,330132.7
3,1788.3,2.0,Suburban,47.7,0,7295.0,0.89,317995.52
3,1970.6,2.5,Suburban,4.2,3,4845.4,9.36,381100.45
3,2055.1,2.5,Urban,26.4,1,12299.4,8.67,496983.07
2,1305.9,1.0,Suburban,12.7,3,5504.0,4.9,273277.38
3,2805.6,1.5,Downtown,20.4,0,9455.4,8.32,681403.57
5,2695.4,3.5,Suburban,22.4,2,7314.4,8.11,537654.92
3,2369.4,2.5,Urban,45.7,1,5023.0,5.84,474606.11
2,1257.0,1.5,Suburban,22.1,1,4714.3,5.5,251814.03
3,1677.8,2.5,Urban,34.9,1,8026.5,6.68,400395.61
1,931.8,1.0,Suburban,47.6,1,3951.8,7.36,108852.56
4,2719.0,2.5,Urban,24.7,1,5838.9,8.3,597627.79
4,2944.8,3.0,Suburban,20.4,2,1551.3,5.96,534624.62
3,2654.0,2.5,Downtown,48.6,2,12064.2,7.59,657459.3
3,2771.6,2.0,Rural,41.4,1,1611.0,2.26,370373.2
4,3066.9,3.0,Urban,47.0,2,13211.8,7.59,684523.37
3,2081.7,2.5,Rural,19.9,1,1663.3,1.05,282777.76
4,2807.0,3.0,Suburban,34.8,2,12874.4,6.76,532056.85
3,1902.1,2.5,Urban,12.5,1,10018.3,7.27,467669.35
4,3100.7,3.0,Rural,43.3,2,8083.3,9.69,387268.21
3,1493.7,2.0,Downtown,46.7,2,3029.4,4.51,373467.0
3,2510.2,2.0,Rural,13.4,2,4594.9,1.58,377732.82
5,3659.1,4.0,Suburban,5.2,2,10661.9,3.68,760227.52
3,1574.7,3.0,Downtown,10.0,3,8170.1,4.48,530138.45
3,1901.5,2.0,Downtown,31.6,3,8200.8,7.81,556906.19
2,1571.0,1.0,Suburban,13.6,2,2865.3,2.27,298806.36
3,2644.0,2.5,Downtown,31.9,2,7651.4,2.11,683285.85
3,1494.1,2.0,Downtown,17.5,2,9263.8,2.59,478934.48
2,1471.9,1.0,Suburban,45.8,2,2712.3,2.69,241264.39
2,1183.5,1.5,Suburban,22.6,2,14640.7,9.28,263262.79
3,1899.0,2.5,Urban,24.9,2,12620.7,2.02,497521.31
4,2964.8,3.0,Suburban,17.4,3,5444.5,4.42,575432.77
3,1953.0,2.5,Suburban,3.7,0,8887.4,4.33,432098.69
2,1040.6,2.0,Downtown,24.7,1,8825.5,1.71,301351.96
3,2123.9,2.5,Suburban,38.7,1,2492.8,1.54,392117.63
2,1274.1,1.0,Suburban,47.7,2,7134.6,9.14,209978.1
3,2159.6,2.0,Suburban,3.8,1,3908.7,8.45,413497.76
2,1007.6,1.0,Suburban,39.9,2,5665.1,9.37,163874.9
2,1366.4,2.0,Urban,13.4,2,14214.2,3.51,411322.63
2,908.7,2.0,Downtown,41.1,2,8718.5,5.5,282910.55
3,2125.7,2.0,Suburban,17.1,2,1936.7,2.93,389839.68
2,1391.0,2.5,Downtown,5.7,2,10412.0,4.22,477155.38
3,1712.5,2.0,Downtown,30.6,0,14981.0,8.04,481245.2
3,2135.7,2.5,Suburban,44.7,2,3347.7,5.02,370473.06
3,2437.2,3.0,Suburban,9.1,1,10560.9,1.54,479867.13
3,1926.2,2.5,Suburban,1.1,2,12539.6,0.53,458611.76
4,2993.7,2.5,Rural,44.2,2,12816.9,2.74,415437.37
2,1277.6,1.0,Rural,34.9,0,10905.4,2.24,185028.17
3,1704.7,2.0,Suburban,40.4,0,13738.1,8.04,344478.6
2,2036.8,2.0,Suburban,3.0,1,1449.3,6.83,358652.34
2,1477.3,1.0,Urban,44.5,0,1898.4,8.46,264964.37
3,2150.6,1.5,Urban,21.0,2,2883.6,4.48,452607.89
3,2209.5,2.5,Urban,44.9,3,1606.4,6.04,491366.51
4,2493.1,3.0,Downtown,3.2,2,2679.3,4.46,733045.66
3,2371.9,3.0,Urban,44.2,1,12437.3,2.6,562862.75
5,3311.9,3.0,Rural,33.7,2,13550.4,6.49,490260.7
1,796.5,1.0,Suburban,27.7,2,5703.8,4.19,165895.13
2,1473.2,2.0,Urban,3.1,3,14400.6,2.87,433031.13
1,1194.0,1.0,Urban,34.4,0,6858.2,9.42,193275.18
2,1454.6,1.5,Suburban,29.9,2,3407.7,1.52,259325.07
3,1587.1,2.5,Urban,36.3,2,10538.2,7.88,425383.89
3,2218.9,2.0,Urban,35.8,1,6884.4,5.72,457929.54
1,1018.8,1.0,Rural,22.2,2,1272.1,7.75,139645.36
5,3771.1,3.0,Rural,10.2,1,14529.0,1.35,561568.08
4,2876.6,2.5,Suburban,45.9,1,9370.6,4.21,515338.68
3,1889.5,2.0,Downtown,46.3,0,9586.6,8.06,483880.35
2,1417.4,1.0,Downtown,10.6,2,14757.5,8.24,431744.81
2,1264.4,1.5,Rural,31.5,2,12669.1,7.99,208868.18
2,1774.1,1.0,Suburban,10.1,0,6077.3,7.57,346180.78
2,1311.7,1.5,Suburban,43.1,2,1585.6,4.08,215645.9
3,2178.4,2.5,Suburban,4.9,1,4113.3,7.3,428050.48
2,1896.1,1.5,Suburban,49.5,1,5921.4,1.54,325890.15
3,2365.0,2.5,Suburban,30.5,3,14443.5,2.04,488744.39
6,3161.9,4.5,Urban,1.1,2,13441.4,5.63,849080.39
3,1942.9,2.0,Suburban,44.1,2,1301.4,5.72,348059.09
5,3540.7,4.5,Urban,34.2,2,14821.2,4.98,870420.43
2,1497.4,1.5,Urban,34.9,1,4599.7,7.48,302899.01
3,2203.4,2.5,Suburban,13.8,2,11855.2,5.86,415558.98
3,2533.3,2.5,Suburban,16.8,2,2632.3,1.12,459484.74
2,1965.1,2.0,Rural,45.7,2,4084.4,8.93,270327.21
1,1021.1,1.5,Suburban,31.7,2,8076.1,6.47,180984.33
3,1675.6,2.5,Suburban,0.8,2,10850.6,9.01,398096.75
3,1598.4,2.0,Suburban,16.4,2,5835.6,4.58,313602.96
3,1926.7,2.0,Rural,29.9,2,13225.6,0.52,290297.72
3,2315.1,2.0,Suburban,7.4,1,14162.7,7.75,479448.33
3,2799.0,2.0,Urban,4.9,1,2715.9,5.88,630647.03
1,1045.4,1.0,Suburban,3.0,2,11059.9,0.69,260751.5
3,2458.3,2.0,Downtown,31.5,0,2846.7,5.94,581789.11
2,1411.8,1.5,Downtown,16.0,1,5770.7,9.35,344037.29
2,1358.6,1.5,Downtown,18.7,0,12473.8,2.48,364061.16
5,3905.5,4.0,Downtown,3.0,0,5708.9,3.18,1041610.86
3,1439.1,2.0,Suburban,36.9,2,13703.6,6.67,311229.25
4,2767.9,3.5,Downtown,38.3,3,6760.6,8.3,741652.98
3,2414.3,2.0,Rural,41.5,0,5337.1,6.6,334146.4
3,2486.1,1.0,Rural,32.6,2,14847.7,6.88,323697.66
2,1351.6,1.0,Suburban,38.7,1,7181.0,3.6,230252.55
2,799.2,2.0,Suburban,28.9,2,11373.4,0.6,238298.83
2,1334.7,2.0,Suburban,24.6,2,9392.3,8.48,283512.11
4,2646.0,3.0,Suburban,13.0,2,3834.8,9.95,490578.52
3,1703.8,2.5,Suburban,2.7,0,8004.4,8.73,318843.31
3,2086.4,2.0,Suburban,14.6,0,2083.9,4.28,369630.15
3,2046.9,2.0,Suburban,34.2,3,10922.4,3.84,397156.9
5,3636.2,4.0,Suburban,46.3,0,8265.2,9.62,642340.69
2,1064.4,1.5,Suburban,12.8,1,2713.3,9.89,231052.53
3,1555.1,2.5,Urban,33.5,1,11734.6,6.32,372408.13
3,2299.7,2.0,Rural,23.9,2,12263.9,5.39,331801.33
4,2938.4,3.5,Urban,31.4,2,11273.6,5.41,710159.2
6,4071.0,4.5,Suburban,0.1,2,5606.8,2.42,824711.64
2,1349.9,2.0,Urban,6.1,2,11124.4,7.42,391883.41
4,2555.6,3.0,Suburban,10.9,2,9087.9,2.13,548419.49
4,2529.9,3.0,Urban,44.7,1,8614.3,2.49,564149.86
2,1471.8,2.0,Rural,2.0,0,10082.4,6.9,239293.64
3,2309.0,2.0,Downtown,28.5,0,9821.2,8.76,580085.18
3,1644.8,2.0,Downtown,46.4,1,12188.0,6.83,411675.06
5,3975.6,3.0,Suburban,32.6,0,14803.8,5.01,770214.3
2,1606.9,2.0,Downtown,24.2,2,11167.9,7.1,441781.98
4,2643.9,2.5,Urban,19.3,2,7184.8,4.82,617973.89
3,1927.7,2.5,Urban,31.2,2,7463.4,6.71,443406.86
4,2228.9,3.0,Suburban,24.0,1,1409.9,7.91,416262.74
3,1691.4,3.5,Suburban,35.3,2,3238.7,0.64,353090.28
3,2024.7,2.5,Suburban,30.9,2,4194.4,2.58,396760.06
4,1684.9,2.5,Downtown,28.4,2,14864.6,7.18,527132.84
4,2697.2,3.5,Urban,47.8,3,11683.4,4.31,661353.46
4,2958.7,3.0,Suburban,41.8,2,2981.6,5.46,518550.93
2,1522.7,1.5,Suburban,30.4,2,7977.2,7.01,276906.51
3,2200.6,2.0,Urban,26.9,2,3989.5,5.5,457765.63
2,1694.0,1.5,Urban,36.2,2,5166.6,8.45,351060.53
3,1438.8,2.5,Downtown,40.2,0,9464.1,4.1,419535.41
3,2318.1,2.0,Urban,14.8,1,9386.5,7.07,528435.81
3,2551.0,2.0,Suburban,33.3,1,13205.3,4.54,505328.37
3,2284.3,2.5,Urban,6.8,2,3304.1,5.53,519274.32
6,4061.4,3.5,Suburban,21.5,0,7963.6,1.58,746227.78
2,1259.1,1.0,Downtown,46.9,1,9383.7,8.4,311166.36
3,2223.0,3.0,Urban,16.3,1,14026.6,3.54,564155.14
3,1424.9,2.5,Suburban,7.7,2,8229.9,3.36,322503.2
2,1246.3,1.5,Suburban,7.3,2,5769.3,1.34,279075.33
2,1460.7,1.0,Suburban,19.7,2,5089.9,5.31,276854.69
5,3718.7,3.5,Suburban,11.3,2,4025.4,4.47,724995.88
4,2975.5,3.5,Downtown,21.3,3,14473.1,1.44,878261.56
5,3530.8,4.5,Suburban,35.9,1,9441.1,7.64,653463.34
6,3772.6,4.5,Downtown,44.4,1,5249.3,1.13,993586.03
2,1411.6,1.0,Suburban,5.5,1,11431.6,1.88,304923.44
3,1888.3,2.0,Rural,38.4,0,5049.8,4.88,261839.56
3,1695.9,1.5,Suburban,5.2,1,8053.7,3.9,329495.36
3,2215.5,2.0,Urban,19.0,1,1363.7,3.12,474711.43
3,1977.1,2.0,Suburban,49.8,2,12852.0,5.86,379818.0
3,1449.2,2.0,Rural,3.4,1,14391.7,5.48,282959.82
3,2182.3,3.0,Suburban,1.1,1,13120.6,4.61,467817.43
3,2433.0,1.5,Suburban,16.7,2,3395.6,7.87,421789.87
2,1510.9,1.5,Urban,47.6,2,12553.8,5.23,352290.44
3,2815.3,1.5,Suburban,1.0,0,5858.1,9.8,462953.77
3,2178.0,2.5,Suburban,11.1,3,14107.9,8.12,462861.98
3,1716.1,1.5,Downtown,30.2,0,5187.1,1.51,442552.09
2,1265.2,2.0,Downtown,11.7,0,2251.6,3.1,345960.12
4,2507.3,3.0,Urban,2.7,1,12940.9,5.59,645268.96
1,601.5,1.0,Rural,2.6,0,2633.1,4.95,75000.0
3,1570.0,1.5,Downtown,28.0,0,8580.1,0.95,407534.79
4,2584.5,2.5,Suburban,28.1,2,6263.3,5.52,511290.57
3,1982.0,2.5,Downtown,35.3,2,11596.0,6.25,553786.51
3,2418.6,2.5,Suburban,6.6,1,11484.6,4.9,488388.28
3,2502.3,2.0,Suburban,25.0,1,11865.9,8.73,453663.19
3,2381.2,2.5,Urban,30.0,3,1885.9,5.79,524795.5
4,2320.6,2.5,Downtown,11.1,0,13017.3,7.97,652760.71
4,2518.0,2.0,Urban,27.4,2,7528.6,6.07,584512.81
3,1801.0,2.5,Downtown,35.4,1,4068.6,9.14,433709.86
3,2567.1,3.0,Urban,49.5,1,5184.5,2.53,555947.11
2,1629.9,2.0,Suburban,29.8,1,13638.4,8.4,345071.61
3,1635.0,1.5,Suburban,43.1,2,1083.9,4.76,286464.77
3,1632.3,2.0,Urban,41.7,2,12224.1,7.13,372770.25
3,2519.0,2.5,Downtown,47.0,3,13935.0,5.88,692819.38
3,2417.2,2.0,Downtown,36.2,0,4500.8,1.53,577089.82
3,2170.3,2.5,Downtown,10.7,2,12508.0,4.65,640393.08
1,706.8,1.0,Suburban,14.9,0,3255.3,6.9,119458.71
3,1644.9,2.0,Downtown,39.2,1,1227.2,9.03,377374.9
3,2015.2,2.0,Suburban,26.0,1,9464.0,2.58,387557.04
4,2967.9,3.5,Downtown,12.6,3,10046.8,3.87,873307.36
1,711.3,1.0,Downtown,32.8,2,3102.0,3.93,174555.03
3,1991.1,3.0,Rural,45.3,2,8174.5,5.48,258744.25
5,2339.8,4.0,Urban,17.9,3,6396.9,8.7,623805.78
2,1890.2,2.0,Downtown,29.8,2,2067.6,4.26,486760.51
3,1895.3,2.5,Urban,29.1,3,8108.4,1.89,486122.98
2,1534.0,2.0,Urban,6.3,2,9191.9,5.31,410264.81
3,2139.2,2.0,Downtown,4.5,0,4040.4,0.86,573705.31
3,2825.4,3.5,Suburban,44.5,2,11356.9,3.77,521629.25
3,1834.3,2.5,Rural,46.7,3,2016.4,5.39,253097.15
3,2000.0,1.5,Urban,45.2,1,8713.9,5.42,443291.69
4,2825.7,3.0,Urban,19.8,2,5247.5,8.29,647849.23
2,1930.0,1.0,Suburban,14.4,1,7105.0,8.11,366954.31
1,1091.2,1.0,Urban,47.1,2,13508.6,3.19,276062.23
4,2297.4,3.5,Suburban,44.1,0,10379.4,3.36,446713.25
3,1717.3,2.0,Urban,41.0,1,3084.3,9.83,337167.93
4,2476.2,2.5,Urban,16.7,2,13408.3,4.22,617380.21
3,2349.5,2.5,Downtown,31.9,0,6219.7,1.86,596030.82
4,2411.8,2.5,Suburban,37.5,1,5778.0,6.74,423451.7
3,1860.1,2.5,Suburban,28.8,2,8021.5,2.81,388147.42
4,2217.9,3.0,Downtown,30.1,3,3874.1,6.23,629753.15
5,3398.3,4.5,Suburban,37.8,1,13799.3,8.3,639017.96
3,2187.8,2.0,Rural,38.3,1,7550.4,2.15,326710.96
2,1427.2,1.5,Rural,12.0,1,6513.5,4.79,203504.25
3,2261.7,2.0,Urban,19.5,1,3393.5,4.14,490384.31
2,1960.9,1.5,Downtown,39.1,2,12237.5,9.99,497452.96
2,911.6,2.0,Suburban,13.1,3,14339.7,7.26,242234.19
3,1966.4,2.0,Downtown,45.8,2,13174.3,1.28,539019.91
3,1840.2,3.0,Urban,41.9,1,3261.0,2.67,397049.86
3,2063.3,2.5,Urban,44.8,2,11522.6,1.99,489802.35
3,2256.1,2.0,Rural,14.9,1,3858.3,0.64,312040.63
3,2026.3,2.0,Rural,5.3,0,1543.7,3.5,288545.66
2,1810.1,2.0,Downtown,5.0,2,7782.6,3.58,507649.31
2,1644.4,1.5,Downtown,27.8,1,10385.3,2.73,450789.68
2,1714.1,1.5,Rural,15.3,1,2740.0,5.75,211789.12
3,2024.0,2.0,Urban,13.2,1,9477.3,2.58,508817.92
2,1180.2,1.5,Suburban,11.1,3,12811.0,9.44,290426.29
3,1642.6,2.0,Suburban,28.1,1,3926.1,7.46,267850.37
3,2162.3,3.0,Suburban,27.4,1,6989.1,1.65,438734.53
4,3409.2,3.5,Suburban,21.1,1,7983.2,3.05,609225.44
1,719.6,1.0,Suburban,6.9,0,12637.0,9.83,141620.65
3,1767.6,2.0,Suburban,46.4,2,11799.3,2.4,366935.31
3,2125.7,2.5,Suburban,21.4,2,11770.6,1.61,439744.33
4,2536.8,3.0,Downtown,6.2,1,10506.5,2.71,769671.62
5,3129.7,3.5,Rural,1.9,2,9649.0,7.28,495322.28
1,1255.7,1.0,Suburban,7.6,0,8124.4,5.42,227989.44
2,1589.3,1.0,Suburban,14.9,1,6174.7,1.14,293761.85
4,2288.8,3.0,Suburban,31.5,0,8185.2,3.94,464404.7
3,1745.9,2.0,Suburban,48.5,1,12952.1,1.32,335674.4
3,2280.2,2.5,Downtown,13.6,2,8988.2,3.26,624375.64
3,2328.9,2.0,Suburban,39.5,1,14798.5,2.12,435554.07
3,2072.7,3.0,Downtown,45.6,2,2995.5,2.6,536768.89
5,2287.7,3.5,Suburban,19.6,2,7176.2,7.89,471293.11
6,3919.2,4.5,Downtown,12.7,1,3803.9,7.94,1086739.81
4,2304.1,3.0,Downtown,24.6,1,6111.4,7.46,613954.65
3,2657.4,2.5,Rural,44.8,0,12056.7,7.04,342935.9
4,2382.5,3.5,Urban,0.5,1,12546.8,2.83,624517.77
1,673.0,1.0,Downtown,24.3,2,1444.1,4.69,180055.52
2,1855.1,1.0,Rural,37.9,2,14347.2,4.87,257784.98
4,2624.8,3.0,Downtown,30.1,2,13206.2,5.58,756520.13
3,1951.1,2.0,Downtown,24.9,0,13669.6,8.64,546054.13
2,1539.7,1.5,Downtown,27.7,0,6274.9,8.94,368301.31
2,1728.7,2.0,Urban,31.0,2,7957.4,2.55,408126.24
4,2938.2,2.5,Suburban,34.1,3,3359.0,4.6,521408.92
3,2176.4,2.5,Downtown,17.8,2,6555.7,1.91,591088.91
3,1771.3,2.0,Downtown,25.9,1,2766.0,6.66,425460.92
2,1542.5,2.5,Suburban,13.7,0,13086.0,5.93,330265.87
4,2835.4,3.0,Urban,49.2,2,9135.8,8.58,655606.19
4,2762.0,3.5,Urban,9.4,0,2903.7,5.43,622588.87
3,2397.2,2.5,Suburban,7.5,1,13306.9,7.92,502329.12
3,2032.6,2.0,Urban,13.4,2,2125.2,3.52,476622.33
2,1177.0,1.0,Urban,46.0,1,13977.3,7.1,261398.61
5,3588.5,4.0,Suburban,32.9,1,2480.5,0.88,662757.02
3,1287.3,2.0,Suburban,22.8,0,11051.7,1.94,277075.87
5,3349.7,4.5,Downtown,46.3,3,10034.3,4.75,921401.23
3,2162.4,2.0,Suburban,45.0,0,11957.8,8.93,387758.39
4,2192.9,3.0,Urban,20.1,3,8906.8,8.91,566304.52
4,3222.0,2.5,Downtown,28.2,1,5898.9,6.19,801041.56
3,1798.1,2.5,Suburban,45.3,2,4841.6,1.73,333841.87
5,3080.7,3.5,Suburban,16.0,3,14236.6,6.97,642137.35
3,1884.5,2.5,Downtown,20.4,2,7177.8,2.18,563673.4
2,1818.2,1.5,Downtown,39.7,2,12790.7,3.83,498740.43
3,1977.7,2.0,Downtown,34.9,1,11122.8,3.48,557510.37
4,3238.7,3.5,Suburban,2.4,1,10185.9,8.9,626391.49
3,2312.3,2.0,Suburban,5.9,2,14588.5,7.09,474727.8
2,1419.8,1.0,Suburban,42.3,2,8916.3,1.18,288829.83
3,2042.8,3.0,Downtown,1.5,2,11262.2,8.51,647929.27
3,1756.1,2.0,Suburban,46.0,0,12895.4,4.59,314245.68
3,1583.7,2.5,Downtown,13.6,1,1643.7,7.67,417170.64
3,1864.2,2.5,Suburban,29.9,2,14948.3,7.88,397949.57
4,2860.1,3.0,Suburban,28.2,1,4670.4,9.99,533779.47
2,1529.2,1.5,Urban,19.8,1,10835.2,3.8,356159.5
3,2022.9,2.0,Urban,1.6,1,14350.6,8.71,516446.56
3,1805.8,3.0,Downtown,9.6,1,11683.9,3.22,586171.36
2,1641.4,2.0,Suburban,30.7,1,4214.6,9.96,276432.33
4,2454.5,3.0,Suburban,22.3,2,6072.4,4.4,487816.16
5,3016.3,3.0,Urban,20.7,2,6798.5,6.77,725666.03
3,1892.4,2.0,Suburban,4.9,2,9208.9,9.95,385158.0
4,2674.8,3.5,Urban,17.4,2,9441.3,2.4,686850.59
4,3361.1,2.0,Suburban,26.3,2,12030.6,6.43,623192.23
4,2650.5,3.0,Urban,3.9,0,13035.4,9.98,626141.83
2,1367.8,1.0,Rural,3.3,2,2253.5,9.47,199865.94
5,2251.4,3.5,Rural,24.6,3,4824.2,2.6,354707.85
3,2424.1,1.5,Suburban,28.1,1,5811.3,1.44,417140.78
3,1854.3,2.5,Rural,12.9,3,1187.1,4.55,311728.81
2,1963.5,2.0,Downtown,16.3,3,6846.2,7.75,542221.52
3,1932.9,2.5,Downtown,39.8,0,6023.2,8.0,466840.61
2,1680.9,1.5,Suburban,43.5,3,8355.5,6.27,302623.03
2,1550.5,1.5,Rural,16.3,2,2402.5,6.34,237142.06
3,1917.0,2.5,Urban,17.8,2,6795.9,1.65,503915.09
4,2948.1,3.0,Suburban,41.5,1,9363.8,4.69,536686.96
4,3548.0,2.0,Urban,48.7,2,12253.4,5.97,759471.2
3,2321.0,2.5,Downtown,16.0,2,11730.3,6.99,653824.55
4,2840.4,3.5,Suburban,39.4,0,6668.0,1.37,538706.66
4,2565.7,3.0,Downtown,24.0,2,6453.5,7.06,693384.08
4,2531.3,2.0,Downtown,13.2,2,1524.6,9.44,619245.82
2,1528.2,1.5,Downtown,34.1,0,2157.0,7.97,314466.09
3,1828.2,2.5,Urban,23.1,2,13213.7,6.43,487710.59
5,2869.4,3.5,Suburban,13.4,3,12282.3,1.42,616439.17
3,2647.8,2.5,Downtown,5.4,2,1295.2,8.05,697838.13
3,1849.8,2.5,Suburban,43.3,0,13357.5,6.8,357708.32
3,2424.0,3.0,Urban,43.9,3,9594.3,5.71,549833.78
3,2446.0,2.5,Rural,3.7,2,12226.9,8.12,375856.66
3,2020.9,2.5,Rural,33.2,0,8035.4,6.91,267604.67
2,1265.3,1.0,Downtown,8.1,2,3108.8,4.96,342056.33
3,2138.7,2.0,Downtown,32.3,0,5996.5,2.73,507855.31
4,2642.6,3.0,Downtown,45.4,0,7300.4,5.29,660637.84
4,3503.0,3.5,Suburban,13.0,1,11554.8,1.96,680981.83
2,1286.0,2.0,Suburban,17.4,1,12377.7,1.07,296428.7
5,2853.3,4.5,Downtown,39.8,2,11380.3,2.72,839879.52
3,2105.7,1.5,Rural,36.8,0,7673.1,3.99,283793.97
3,2351.1,1.5,Urban,20.4,2,10291.8,6.64,528443.52
4,2326.9,3.5,Suburban,42.4,3,5137.2,5.24,448528.38
4,2532.3,3.5,Suburban,46.0,2,14829.2,7.48,506605.28
5,3015.7,4.0,Suburban,22.6,2,3354.9,7.51,603330.18
3,1808.0,1.0,Suburban,2.0,3,11130.4,7.21,380660.35
4,2374.2,2.5,Rural,25.5,2,3169.0,5.7,326380.51
2,1439.1,1.5,Downtown,37.0,2,4932.1,6.8,336855.05
4,2473.1,2.5,Urban,11.0,0,11483.6,9.79,589139.34
4,2326.0,3.0,Downtown,5.0,2,11207.6,7.2,700356.57
3,2073.0,3.0,Suburban,14.3,2,2743.1,7.55,391208.25
3,2199.8,3.0,Suburban,0.6,2,10499.6,3.27,472145.91
4,2437.0,3.5,Downtown,35.8,1,3853.7,5.04,652098.61
2,1791.0,1.5,Downtown,7.3,3,14621.5,4.63,557592.23
2,1561.5,1.5,Downtown,36.2,2,9442.7,3.86,406804.47
4,1958.7,3.5,Suburban,11.7,0,1048.7,4.87,401165.48
3,2375.2,2.5,Suburban,49.6,2,3918.4,6.18,425381.18
4,2825.7,3.0,Rural,26.6,3,4214.5,6.43,413983.07
3,1901.1,1.5,Suburban,2.1,2,4459.4,8.48,374935.82
2,1211.8,1.0,Downtown,38.6,2,8799.3,6.74,335711.4
4,2909.4,3.5,Suburban,20.5,1,3878.5,8.76,560828.71
3,2126.6,2.0,Downtown,30.4,1,6779.1,6.74,540577.28
2,1354.9,1.5,Downtown,47.6,1,3426.5,3.83,320452.02
4,2074.9,3.0,Suburban,25.9,0,10336.6,6.49,427449.87
3,2062.0,2.5,Rural,40.2,3,8961.9,7.43,291712.98
3,2022.7,2.5,Rural,15.1,1,9801.8,7.01,330030.24
3,2018.8,2.5,Downtown,35.7,1,14543.7,8.57,582207.26
4,2622.2,3.0,Downtown,5.0,2,6590.2,9.1,754495.38
4,2459.9,2.5,Suburban,44.7,2,4016.6,3.68,456991.91
4,2470.1,2.5,Suburban,10.0,1,14982.8,1.25,544871.88
2,1350.6,2.0,Urban,15.1,2,1813.1,6.74,308942.2
4,2971.4,2.5,Suburban,47.9,2,12344.9,1.55,578023.82
3,1549.3,2.0,Downtown,7.8,3,3270.5,8.9,433785.09
3,2155.2,2.0,Suburban,12.7,2,10307.0,8.31,426347.39
3,1989.7,1.5,Rural,29.0,2,7633.1,7.28,239073.35
4,2948.6,2.5,Suburban,49.0,1,12746.4,9.3,534938.67
4,2797.8,3.5,Urban,34.6,0,11235.3,8.93,646404.05
2,1211.2,1.0,Suburban,5.7,0,3412.7,9.27,238110.91
3,2136.5,1.5,Urban,37.4,2,10313.4,7.49,466948.05
4,2553.6,3.0,Downtown,21.3,0,4039.3,4.0,673234.58
1,928.1,1.0,Urban,49.6,3,3369.8,0.95,186285.91
5,3237.5,3.0,Urban,31.4,2,2177.6,1.08,752038.7
3,1740.9,2.5,Downtown,26.6,1,2591.2,8.03,451863.71
3,1741.3,1.5,Downtown,27.9,1,10854.3,2.32,513736.91
3,2105.9,2.0,Suburban,32.1,2,14889.7,3.47,449468.19
2,1630.9,1.5,Suburban,36.6,2,10461.1,6.07,317846.76
5,3394.2,3.5,Suburban,3.9,2,10918.5,1.75,695364.3
3,2632.1,2.0,Urban,6.5,2,11957.9,9.86,602131.42
4,2360.4,3.5,Urban,15.0,1,13446.2,8.26,603685.7
3,2277.6,2.0,Suburban,23.9,2,4748.2,6.05,421672.47
2,1714.3,1.5,Suburban,15.6,2,9463.6,9.13,315625.33
1,1162.6,1.0,Downtown,10.7,2,4032.9,5.19,324985.17
3,1634.7,2.5,Downtown,46.3,1,8358.9,9.02,422421.91
5,3737.2,3.5,Suburban,1.6,2,3921.4,8.35,723933.69
3,1734.0,2.5,Urban,46.9,3,1896.1,0.63,420823.7
3,2532.8,2.0,Urban,45.4,1,2236.0,8.07,479055.17
3,2037.0,2.0,Urban,34.2,2,14668.2,7.95,455364.48
3,3319.9,2.5,Suburban,1.6,1,1084.3,3.52,590396.57
3,2774.3,2.5,Suburban,11.3,1,10662.3,5.18,563129.16
4,2512.9,3.5,Suburban,49.0,2,13422.3,1.81,511040.73
3,2194.4,2.5,Downtown,45.3,2,6511.9,6.83,551192.09
3,2250.1,2.0,Suburban,48.2,0,10913.6,6.91,381520.54
2,1701.0,2.0,Downtown,49.8,3,5884.4,9.82,409919.35
6,4028.4,4.5,Downtown,3.2,2,8405.5,7.37,1123737.0
2,1806.8,2.0,Suburban,28.5,1,14099.8,4.75,352947.84
2,1541.4,1.5,Downtown,41.7,1,1592.7,2.21,366688.37
3,1695.9,2.5,Suburban,16.0,2,4740.4,7.98,382542.71
3,2001.8,2.5,Suburban,21.8,2,2483.8,3.86,372782.53
3,2419.7,2.5,Urban,14.2,0,7943.0,9.47,528531.23
3,2197.0,1.5,Downtown,1.9,2,11786.7,3.13,636425.7
4,2870.2,2.5,Downtown,3.6,0,14672.4,2.37,844674.13
2,1457.8,2.0,Urban,1.1,0,3176.3,6.39,349044.51
4,1763.2,3.0,Suburban,26.4,2,1615.0,9.2,343268.13
3,2348.3,2.0,Rural,30.9,1,2936.9,1.84,304479.55
3,2165.7,2.5,Downtown,15.4,0,14562.5,0.89,659363.75
3,2651.6,1.5,Suburban,41.3,1,5481.8,9.69,432751.94
3,1559.4,3.5,Downtown,44.4,1,4740.4,1.8,436069.91
4,3325.8,3.5,Suburban,7.0,2,11290.9,6.27,635190.09
3,1777.3,2.5,Rural,2.6,2,2689.5,2.39,295548.7
3,2373.6,2.5,Suburban,16.0,2,5887.1,2.09,467952.97
3,2874.0,2.0,Urban,35.6,1,3027.4,1.98,591808.44
6,4076.7,4.0,Downtown,25.4,0,14640.5,7.24,1101796.65
3,2079.1,2.0,Rural,24.4,2,4991.7,7.72,303335.38
5,3487.3,3.5,Suburban,7.6,0,4768.7,1.64,635874.27
3,2176.0,2.0,Downtown,17.6,1,9881.6,1.8,588578.06
2,1494.0,1.0,Downtown,47.9,1,1232.6,9.38,319917.05
2,1172.5,1.5,Downtown,17.0,1,10149.5,6.09,328334.75
3,2055.3,2.0,Downtown,29.6,2,7354.0,7.92,527136.37
2,878.3,1.5,Rural,2.9,1,3577.9,1.27,172354.89
1,842.6,1.0,Suburban,3.2,1,7808.8,1.0,196261.8
5,3193.5,4.0,Suburban,21.2,2,14985.8,4.26,671715.48
4,2426.1,4.0,Suburban,30.2,2,12743.3,5.77,540195.82
4,2671.2,3.5,Suburban,18.6,1,14638.3,4.04,552532.2
2,1224.5,1.0,Downtown,9.0,1,13964.9,7.28,368156.6
2,1918.1,1.5,Downtown,36.8,1,12485.8,6.86,497127.23
2,1265.8,1.5,Downtown,7.0,2,5686.4,4.75,379957.04
4,2701.1,2.5,Suburban,33.4,1,11219.1,1.25,538756.57
5,2760.0,3.0,Suburban,47.8,1,6481.5,6.16,495260.89
3,2215.2,2.5,Rural,23.5,1,7013.4,2.8,323377.2
2,1894.5,2.0,Suburban,10.0,2,13227.5,4.17,403016.72
3,2329.1,2.0,Suburban,42.1,1,3872.6,0.64,400520.53
3,2448.5,2.5,Rural,25.3,2,5152.3,5.45,323640.74
3,2138.4,2.5,Suburban,46.2,1,14027.0,7.14,399001.05
3,2191.0,2.5,Suburban,36.0,2,10794.3,5.99,417499.1
4,2000.1,3.5,Suburban,21.5,3,1908.6,7.64,432502.76
2,1512.7,1.5,Urban,30.9,3,2702.6,9.99,325608.65
1,848.3,1.5,Suburban,8.5,1,9113.7,6.51,197130.89
6,4376.7,4.0,Suburban,19.4,0,12182.6,2.6,838660.56
2,1697.0,2.5,Suburban,29.7,3,12099.3,5.94,346582.01
2,1730.3,1.0,Suburban,29.5,0,6949.0,2.83,298865.77
2,1484.5,1.5,Urban,29.4,3,4619.1,3.64,363568.44
1,500.0,1.0,Suburban,37.2,2,12027.9,3.84,108511.47
3,1430.2,2.0,Downtown,5.3,3,14217.0,5.44,511661.57
4,3460.6,4.0,Suburban,3.7,2,7217.8,5.48,680359.99
3,2696.5,2.0,Rural,7.4,3,2921.9,6.84,379163.16
3,1582.3,2.5,Urban,39.6,2,9536.2,4.66,387927.96
3,2496.6,2.0,Suburban,3.2,1,2002.9,2.28,474133.15
3,2144.9,2.5,Rural,11.3,1,9561.0,5.16,324116.62
4,2564.3,3.0,Suburban,12.7,1,3421.2,8.07,480145.6
4,3203.6,3.0,Rural,32.4,1,8223.7,7.18,414852.15
1,1181.6,1.0,Downtown,20.1,2,9756.9,1.6,345036.95
4,3036.1,2.5,Rural,9.9,2,7254.2,9.51,441835.59
3,2282.9,3.5,Downtown,22.5,2,12582.2,3.41,683713.59
6,4069.6,4.5,Urban,34.3,1,6245.9,6.07,913859.75
3,1995.1,2.0,Urban,39.3,3,3170.5,0.8,471995.24
6,3521.4,4.0,Urban,6.2,1,7494.7,9.14,863722.29
4,2465.5,3.0,Urban,35.7,1,14489.5,6.99,606163.31
2,1472.2,1.0,Suburban,0.2,2,13322.6,3.12,340421.19
3,1788.2,3.0,Downtown,36.2,2,5355.2,6.99,488175.58
6,3761.3,4.5,Suburban,33.1,1,4397.9,3.28,699928.82
4,2485.3,3.0,Suburban,23.4,2,7766.0,2.97,474154.87
2,1514.7,2.0,Suburban,6.8,1,10172.2,4.75,345959.47
4,2984.2,2.5,Downtown,38.2,1,13974.1,6.2,785806.18
3,1427.4,2.0,Suburban,3.6,2,9586.6,2.49,391935.01
1,883.0,1.0,Suburban,44.8,2,12705.6,7.56,156300.3
3,1893.9,2.5,Urban,38.7,2,10745.0,5.99,457790.08
2,1010.9,1.5,Rural,37.0,2,2421.3,0.57,158949.41
4,2470.9,2.5,Downtown,37.7,1,13485.0,5.72,662714.52
3,1531.9,2.0,Rural,3.4,2,3793.5,4.5,242947.39
4,2939.2,2.0,Rural,49.5,3,6133.1,6.86,385261.05
1,974.9,1.0,Downtown,42.9,2,12763.7,9.03,243196.88
3,2262.1,2.5,Suburban,25.4,2,14709.0,3.0,478479.7
2,1555.6,2.0,Suburban,36.0,0,5348.6,6.9,262918.16
2,1460.8,1.0,Suburban,37.0,3,6365.1,1.94,244129.22
2,1456.2,1.5,Suburban,41.5,1,7798.6,1.31,266496.33
2,1347.5,1.5,Suburban,12.8,1,7971.9,9.35,268650.1
3,2217.2,2.5,Suburban,18.6,2,11505.2,8.69,446026.29
3,1638.0,3.0,Downtown,40.0,1,12439.7,5.26,504217.73
3,1746.0,2.5,Downtown,38.4,3,14874.5,1.81,551861.16
3,2527.5,2.0,Urban,26.1,1,12259.2,3.0,581087.61
4,1820.1,2.5,Downtown,19.8,2,5196.9,5.89,542001.7
5,3154.8,4.0,Urban,48.4,0,6014.1,6.69,718251.79
3,2251.6,3.0,Suburban,20.8,1,9652.8,7.06,442904.12
3,2156.5,3.0,Suburban,38.2,2,10612.9,7.6,437671.18
2,1458.9,1.5,Rural,20.6,2,2259.5,2.49,233961.5
5,3414.0,4.0,Downtown,15.5,2,5811.5,3.31,945096.54
2,1523.3,1.0,Downtown,32.0,2,3837.3,0.62,365233.48
3,2177.8,2.0,Rural,40.4,3,8109.9,1.2,321969.9
3,1899.3,2.5,Suburban,49.1,3,3361.8,3.44,371564.59
3,2791.3,2.5,Downtown,7.4,1,9130.4,2.26,759531.68
2,1591.9,2.0,Downtown,43.8,1,7542.2,5.18,410393.84
4,2558.7,3.5,Rural,26.2,2,6654.9,8.56,363130.16
2,1367.8,1.5,Suburban,5.4,2,10085.3,7.37,294759.97
3,1964.2,2.0,Downtown,39.7,1,6828.5,7.67,484324.97
2,1576.9,1.0,Rural,16.6,1,6589.7,6.2,213445.67
2,1626.6,1.0,Suburban,43.4,2,10115.7,7.15,271708.25
5,3002.1,4.0,Rural,7.9,1,1802.0,2.21,444624.56
2,1195.0,1.0,Suburban,35.6,0,7054.8,5.75,168904.83
4,3105.6,3.0,Suburban,15.0,2,3735.6,5.92,595861.67
3,2557.3,3.0,Downtown,12.9,2,1540.0,6.47,673833.01
2,1194.1,2.0,Suburban,2.5,1,1485.6,7.9,255507.16
5,2728.0,3.5,Downtown,24.1,2,3346.7,9.47,735954.08
2,2150.4,1.0,Suburban,19.6,0,7075.2,7.26,334988.97
4,2922.3,3.5,Suburban,3.1,2,8933.8,9.26,597619.67
2,1163.3,1.5,Suburban,11.3,3,12142.6,5.72,272040.4
4,2896.0,3.0,Rural,24.4,1,9507.7,3.25,437199.03
1,993.8,1.0,Downtown,40.4,1,8280.8,6.76,223303.96
3,2482.2,2.5,Suburban,46.5,1,1509.1,9.82,431695.03
4,2732.2,3.0,Suburban,25.8,1,5170.6,7.24,493727.61
5,3468.2,4.0,Urban,20.2,1,10691.8,9.71,812341.92
5,3385.0,4.0,Urban,47.7,3,4787.2,0.71,785086.94
4,2144.2,2.5,Urban,48.1,1,9320.8,2.95,484024.84
4,3366.9,2.5,Rural,9.5,0,9454.6,3.1,455139.96
2,1377.9,2.0,Urban,26.6,2,5271.8,4.55,322652.99
3,1765.0,2.5,Urban,41.0,1,9002.3,0.79,391941.51
3,2137.2,2.0,Suburban,41.1,2,2595.6,9.19,350877.84
3,1941.4,2.5,Urban,34.2,1,11177.6,7.22,450305.19
3,1880.2,2.5,Suburban,23.6,3,1315.4,1.3,391167.32
3,2229.8,3.0,Suburban,20.2,1,1494.5,2.16,426179.16
2,1414.3,1.5,Suburban,40.3,2,13183.6,6.23,272926.76
3,2456.5,2.5,Suburban,11.3,2,9124.0,9.13,474894.01
2,1407.0,1.0,Suburban,21.4,1,3280.8,1.33,245912.08
3,2179.5,3.0,Suburban,28.3,2,9422.9,4.62,453755.15
3,2001.0,2.5,Downtown,41.6,2,6177.9,2.4,509676.56
4,2207.0,3.5,Suburban,18.7,3,4778.1,2.21,461535.44
4,2749.1,3.5,Rural,27.4,3,12358.5,7.44,401433.31
3,1779.0,2.0,Suburban,14.0,1,7682.3,8.35,359628.98
2,1925.8,1.0,Downtown,41.8,2,5108.6,9.25,453333.7
3,1950.2,2.0,Suburban,39.3,3,14211.7,7.0,405114.86
2,1422.5,1.0,Rural,41.0,0,3310.4,1.12,177478.41
3,1773.4,2.0,Rural,2.9,2,2988.1,3.89,266357.53
3,2105.3,2.5,Rural,24.3,1,2362.3,4.69,296681.18
1,1129.3,1.0,Suburban,6.8,2,2742.1,3.12,208792.33
3,2191.7,2.0,Suburban,33.7,2,4539.0,5.63,386750.93
5,2467.8,3.5,Rural,15.6,2,10779.1,2.71,406811.04
5,4071.4,3.0,Suburban,38.7,3,10406.0,9.04,748231.52
3,2592.6,2.5,Downtown,3.3,2,11688.5,1.86,784348.67
1,781.2,1.0,Suburban,25.7,2,9058.0,4.55,178149.05
2,1480.7,1.0,Rural,6.2,1,7896.6,1.69,227828.2
3,2099.0,2.0,Suburban,27.9,3,7046.4,3.9,437944.58
5,4417.3,4.5,Rural,30.4,3,13245.0,5.11,680642.63
2,1135.4,2.0,Downtown,23.1,3,5809.1,5.76,346230.92
4,2834.2,2.5,Urban,14.0,3,13481.3,3.65,714134.84
2,1344.8,1.5,Downtown,1.6,2,4857.6,8.19,368450.76
6,2991.5,4.5,Downtown,33.1,3,3202.5,5.4,851265.11
3,3057.7,2.0,Suburban,43.5,0,4572.0,9.93,477017.35
4,2197.9,3.0,Suburban,36.7,1,7986.4,1.67,408124.84
3,2279.2,2.5,Urban,44.7,2,13962.4,2.24,555974.97
3,1685.6,2.5,Rural,46.5,2,3482.3,8.12,226699.46
2,1243.2,2.0,Downtown,22.5,2,9118.6,5.77,361856.83
2,1307.6,1.5,Downtown,34.9,2,4048.1,3.92,306051.09
5,3010.8,4.0,Suburban,19.9,0,10487.0,4.4,596645.69
5,3430.9,4.5,Rural,46.0,3,7510.5,5.86,487148.46
4,2342.8,3.0,Urban,28.1,2,11269.5,1.31,590109.67
3,2601.9,2.0,Suburban,37.6,2,12985.5,7.77,456528.39
4,3091.8,3.5,Urban,0.7,2,5686.4,4.77,750664.48
2,1266.8,2.5,Downtown,28.8,2,14134.6,4.42,424452.67
3,2419.2,3.0,Downtown,37.1,1,7557.9,7.85,597968.83
3,1906.1,2.0,Suburban,12.9,2,14112.9,5.91,388283.39
3,2097.4,2.0,Urban,0.7,3,4228.7,7.66,523996.09
3,2035.4,2.0,Suburban,37.2,1,13559.2,9.32,381559.87
2,1502.0,1.5,Suburban,16.9,0,5671.2,9.49,272091.17
3,1892.9,2.0,Suburban,21.4,1,11510.5,4.58,385928.74
4,2572.3,3.0,Suburban,28.1,2,14554.6,1.16,540976.84
3,2715.9,2.5,Rural,5.5,2,13770.3,0.62,442183.36
2,1668.7,1.5,Suburban,5.2,1,7491.2,7.2,338001.48
2,1728.0,1.0,Downtown,48.0,1,5828.6,1.27,401017.33
2,1624.0,2.0,Urban,16.9,2,9576.9,4.21,413816.69
3,2097.3,2.0,Suburban,12.8,1,10881.3,6.79,411781.54
3,2335.6,2.0,Urban,2.4,1,8563.5,9.98,548846.95
3,1625.0,2.0,Rural,8.7,0,12878.7,2.62,292107.22
3,2520.4,2.0,Suburban,21.5,3,1815.7,0.59,487944.45
3,1369.5,2.0,Suburban,17.1,1,9394.9,0.89,281017.87
4,2896.9,2.5,Suburban,21.2,1,8353.4,2.62,560175.86
2,2020.4,1.0,Suburban,35.2,3,1551.1,9.93,332302.23
3,1701.3,2.5,Urban,32.1,1,1178.0,1.23,398383.6
4,3030.7,3.0,Urban,24.7,2,9485.8,7.62,715853.2
2,963.3,2.5,Urban,40.7,1,2652.0,1.92,229701.51
2,1659.1,1.5,Urban,42.9,2,11759.4,2.44,362620.54
4,2969.5,3.0,Suburban,29.5,1,14289.5,1.32,588997.31
3,2123.3,2.0,Urban,5.9,2,3483.8,2.67,493675.7
3,1555.9,2.0,Urban,20.3,1,12180.0,1.6,394728.98
1,779.3,1.0,Urban,31.7,2,9279.9,0.67,222775.71
3,2422.1,2.0,Suburban,3.1,2,7271.2,8.09,465557.22
3,2472.8,2.5,Suburban,1.0,3,10104.2,2.31,557578.0
2,1792.0,2.5,Downtown,47.4,1,12232.7,1.63,476842.42
3,2441.8,2.0,Rural,36.5,2,14589.0,3.09,347268.57
2,1703.6,1.0,Suburban,7.7,3,10246.9,7.66,357729.94
3,2930.0,2.5,Suburban,22.3,1,11457.0,2.64,556501.25
2,1793.2,1.5,Downtown,9.7,1,9505.3,5.65,495899.12
2,1437.0,1.0,Suburban,0.5,2,8910.6,2.56,305269.84
3,1711.4,2.5,Downtown,19.6,1,1906.9,4.18,453832.96
2,1145.5,1.0,Rural,32.4,1,3171.0,5.45,134932.12
5,3955.9,4.0,Rural,47.7,2,6309.5,7.7,519799.34
1,1060.6,1.5,Downtown,38.5,3,10093.1,3.18,321981.78
3,1784.0,2.0,Suburban,11.5,0,2061.1,4.74,334188.31
2,1211.8,2.0,Suburban,16.8,2,8621.3,6.61,267920.13
3,2006.8,2.0,Urban,26.0,0,1184.6,3.11,428509.26
5,3150.6,3.0,Urban,9.6,2,11725.3,2.59,786906.1
2,1184.7,2.5,Rural,41.6,0,10337.1,5.9,205894.51
5,3168.5,4.0,Suburban,8.4,0,8289.5,9.55,628723.44
2,1707.7,2.0,Downtown,14.5,3,8996.0,9.15,459809.81
4,2485.2,3.5,Suburban,28.9,2,14058.6,6.2,514867.59
3,2153.1,2.0,Urban,6.2,2,13693.8,4.51,540223.61
4,3420.4,3.5,Suburban,31.2,2,12098.5,5.88,664409.69
3,1949.0,2.5,Downtown,47.2,1,5707.2,8.12,468352.1
3,2039.2,1.5,Urban,34.6,3,2501.5,1.38,456469.36
2,1307.3,2.0,Urban,40.6,3,5500.0,7.92,285018.61
2,1470.4,2.0,Downtown,21.9,2,11527.5,6.75,438069.42
5,2850.9,3.0,Rural,18.3,3,9554.0,3.06,438003.89
3,2152.7,2.5,Downtown,16.4,2,10878.0,8.82,605880.06
3,2172.7,2.0,Downtown,33.0,2,2474.6,1.26,557630.92
4,2572.4,3.5,Suburban,25.9,3,3218.3,9.23,505177.52
3,2320.4,1.5,Rural,23.6,1,10300.5,4.19,347727.75
5,4225.9,4.5,Urban,5.0,2,6205.2,8.2,994121.61
4,2443.9,3.0,Suburban,33.7,1,6168.6,1.97,484298.89
3,2279.1,2.5,Downtown,36.3,0,6497.2,5.89,569276.56
4,3068.8,3.5,Urban,9.8,2,12143.2,0.82,762385.87
1,512.7,1.0,Suburban,38.0,3,10786.8,3.15,138494.6
3,2242.8,2.0,Rural,44.0,1,2484.5,8.38,292294.88
3,2109.6,2.0,Urban,8.7,2,5821.0,4.82,521631.73
2,1036.5,1.0,Downtown,22.6,2,10433.6,6.77,308734.91
4,2952.6,3.0,Urban,43.8,1,14665.8,8.17,661234.61
5,3007.4,3.5,Suburban,24.4,0,13771.5,5.54,613031.45
3,1980.8,2.0,Rural,40.8,1,4475.8,6.07,220605.04
3,1818.5,2.0,Downtown,10.8,2,1924.5,7.78,512780.38
5,3032.5,4.0,Downtown,3.2,2,9025.7,1.64,928689.32
3,2522.5,2.0,Suburban,3.0,1,6687.5,1.18,489008.03
3,2200.1,2.0,Downtown,48.6,2,3567.5,6.41,517116.65
3,1685.3,2.5,Suburban,8.2,2,10123.1,9.76,399564.28
5,2896.0,4.0,Suburban,43.2,3,3244.9,6.63,539879.79
3,2165.6,2.0,Suburban,15.8,2,5920.7,7.2,410487.26
4,3257.1,3.0,Suburban,2.0,1,12123.9,6.76,672325.76
4,2732.4,3.0,Rural,12.0,1,10580.2,6.25,394711.89
3,1573.9,2.5,Suburban,25.3,0,9499.7,2.38,329111.43
3,1833.7,2.0,Rural,5.3,1,14031.6,8.48,292470.98
4,3054.2,3.0,Downtown,46.1,1,2755.7,5.98,767523.86
3,2167.5,2.0,Suburban,45.0,2,10673.5,9.79,384030.08
4,3803.8,2.5,Urban,7.5,2,2642.6,1.16,821238.69
5,3284.5,4.0,Suburban,36.9,2,2909.2,3.34,623795.5
3,2552.8,2.5,Suburban,23.0,1,8090.0,1.44,479652.39
4,2249.2,3.5,Rural,49.1,2,1337.5,8.66,312249.13
4,2021.1,3.0,Suburban,2.8,2,8014.0,8.27,449838.9
4,2351.4,2.5,Suburban,23.6,1,1132.7,7.84,406584.57
3,2602.2,2.5,Urban,14.3,1,9433.8,6.95,624696.02
2,2008.4,1.5,Downtown,36.3,1,5368.1,1.51,475821.47
3,1941.9,2.5,Suburban,5.6,0,2165.7,4.36,365545.56
3,1998.7,1.5,Downtown,31.4,3,11931.8,7.19,561466.15
3,1868.5,2.0,Downtown,47.4,2,6459.0,3.93,501536.66
4,1680.9,2.5,Downtown,22.7,2,7216.3,7.32,480331.22
3,2347.1,2.5,Rural,22.7,2,6242.7,3.21,333933.19
3,2174.8,2.0,Downtown,24.8,1,2170.8,5.66,551776.12
2,1534.1,1.5,Suburban,20.8,1,7438.8,3.87,285331.74
4,2126.8,2.5,Downtown,22.4,3,10316.1,9.25,623875.43
3,2656.8,2.5,Suburban,23.2,1,13647.3,4.7,511630.79
2,1313.1,1.5,Suburban,49.9,0,11693.2,3.22,240788.8
3,2429.5,2.5,Suburban,5.8,1,2110.0,1.04,447706.28
4,2189.2,2.5,Urban,14.3,2,3321.3,1.88,537297.73
3,2065.4,1.5,Rural,10.5,0,1627.6,5.87,279039.1
2,1453.6,1.5,Suburban,27.2,1,2671.5,7.16,256663.23
5,3585.8,3.5,Downtown,0.1,1,7727.4,9.57,966016.38
4,2792.9,3.0,Rural,46.1,1,4076.4,6.17,389599.66
5,3433.9,3.5,Rural,26.6,1,10071.1,6.97,460703.88
3,1752.3,2.0,Suburban,44.8,0,1453.1,6.39,269742.46
3,2253.6,1.5,Suburban,17.2,0,13001.4,9.07,457587.59
4,2828.2,3.0,Downtown,7.5,2,10487.0,3.37,819288.44
3,2242.6,2.0,Suburban,9.6,3,14567.1,6.23,497622.66
4,2742.8,3.5,Suburban,23.5,2,14339.6,9.62,564050.31
3,1871.9,2.5,Rural,2.0,2,10701.0,0.57,348659.94
3,1890.3,2.5,Downtown,39.1,2,3212.6,3.07,490277.71
2,1167.7,1.5,Suburban,39.5,3,4109.2,7.71,215083.7
2,1575.4,1.5,Suburban,35.1,3,4886.1,4.96,303320.01
1,824.1,1.0,Suburban,44.8,2,6973.4,2.1,169586.36
1,902.8,1.0,Suburban,27.5,2,8992.2,5.93,150425.55
5,3746.4,4.0,Rural,24.0,1,10556.4,5.39,549786.36
2,1115.6,1.5,Suburban,26.5,0,2058.9,4.81,175580.13
3,2111.0,1.5,Rural,9.1,0,9547.7,3.75,305252.76
4,2750.1,3.0,Downtown,25.6,2,1828.6,1.0,723253.57
3,2101.8,3.0,Downtown,27.1,0,12578.4,6.24,551573.55
2,1444.3,1.5,Rural,38.2,2,1565.9,5.41,197162.1
4,2833.7,3.5,Downtown,17.4,1,6460.7,6.06,750381.71
3,1987.4,2.0,Urban,4.6,1,6879.7,0.52,491837.59
4,2576.0,3.0,Suburban,29.9,1,8985.4,1.29,506549.49
4,2519.6,3.5,Suburban,39.4,2,2336.3,2.09,466439.31
5,3949.2,4.0,Urban,48.5,1,14063.5,4.76,897956.41
3,2337.5,2.0,Urban,4.5,1,6364.9,8.18,527224.39
3,1635.7,1.5,Rural,37.3,2,6546.8,2.84,222412.53
3,1815.8,2.5,Suburban,29.8,2,4403.2,8.18,322033.05
2,1314.6,2.5,Urban,0.8,2,11930.0,2.73,385398.53
4,3266.5,2.5,Suburban,35.9,2,1108.7,7.62,567940.65
2,1613.8,2.0,Urban,1.3,2,2486.9,8.81,349819.81
3,1912.6,2.0,Downtown,39.3,2,7590.7,8.26,516656.31
4,2065.2,3.0,Suburban,36.1,0,14556.2,7.51,415984.82
3,2478.5,2.5,Downtown,34.4,1,1498.2,0.87,599800.95
3,1961.9,2.0,Suburban,6.0,3,1867.9,3.64,406201.16
3,2183.7,2.0,Urban,46.0,3,11008.5,2.37,501876.6
4,3159.7,2.5,Downtown,44.9,2,11296.2,5.01,827416.62
3,1971.0,2.5,Urban,45.0,2,13557.1,3.87,460520.38
4,1917.5,4.0,Suburban,18.0,0,9072.8,6.37,401101.78
2,1249.3,1.0,Downtown,24.6,2,6649.7,5.87,342161.79
4,2990.9,3.0,Suburban,5.7,1,7315.0,4.59,604451.02
4,2150.5,3.0,Rural,2.6,0,7041.2,7.79,333643.03
2,1971.1,2.0,Rural,2.9,1,14629.5,0.64,325142.34
3,2237.2,2.5,Suburban,28.4,2,6321.2,8.72,404593.79
2,1324.1,2.0,Downtown,16.1,1,2344.9,0.53,361887.08
4,2449.4,3.0,Downtown,29.0,1,5054.8,4.79,641307.98
3,2752.0,2.5,Urban,29.6,2,14441.2,8.87,652532.45
3,2589.0,1.0,Urban,45.4,2,6995.5,4.47,546063.17
2,1541.0,2.0,Suburban,44.1,2,5425.0,7.68,276219.51
2,1746.5,1.0,Suburban,35.9,1,5350.6,4.33,320340.52
1,969.6,1.0,Urban,40.9,2,1126.9,8.58,170338.96
3,2012.8,2.5,Suburban,0.2,2,9863.6,9.99,445012.08
3,1824.4,1.5,Urban,0.8,3,11139.8,9.03,472913.08
4,2231.3,3.5,Suburban,22.9,2,5941.3,1.03,468168.31
3,1582.9,2.0,Urban,32.7,1,13219.1,1.91,401137.29
3,2118.4,3.0,Suburban,39.7,3,11400.5,5.65,418149.97
5,2977.7,3.5,Suburban,22.4,1,9412.2,9.64,574651.39
4,1685.7,2.5,Suburban,47.0,2,10853.4,4.36,355323.75
5,3438.9,3.5,Suburban,40.7,3,11772.3,3.13,667406.46
3,1958.2,2.5,Suburban,5.1,2,8378.7,9.67,416039.92
3,2618.0,2.5,Suburban,22.0,2,6569.2,7.23,477458.2
2,1630.2,1.0,Rural,49.7,0,2760.0,7.82,158061.76
4,2027.6,2.5,Rural,20.5,1,6669.2,1.55,311805.05
2,1130.0,1.5,Suburban,19.3,2,8701.3,2.99,219658.81
3,1816.2,2.5,Downtown,14.7,2,14270.1,5.28,588414.03
3,1921.9,2.5,Downtown,24.3,0,3168.5,7.5,491692.91
3,2529.2,3.0,Rural,36.5,0,11597.4,3.8,368586.71
3,2006.8,2.0,Rural,2.4,1,4369.9,2.44,312343.0
2,1550.9,1.0,Downtown,41.8,2,14398.1,4.65,415763.16
3,1680.8,2.5,Urban,45.9,2,9327.3,4.53,402598.28
3,2185.1,2.5,Suburban,39.1,0,7059.0,8.79,384918.05
5,3618.9,4.0,Suburban,45.8,1,5855.6,9.37,626216.12
4,1850.6,3.5,Suburban,4.7,2,3827.8,2.1,425226.8
5,3591.8,4.5,Urban,22.5,1,11003.0,3.16,854551.14
4,2817.0,3.0,Downtown,3.6,0,9903.6,7.97,803394.54
3,2190.2,2.5,Downtown,41.8,0,13462.2,2.83,580996.22
2,1504.3,1.5,Downtown,47.6,2,9362.7,3.01,385816.08
3,2514.9,2.0,Rural,14.9,2,3377.3,6.93,326792.86
3,1854.6,2.0,Suburban,26.8,2,10559.7,5.35,370326.21
3,2528.1,2.5,Suburban,14.9,0,13303.1,7.18,458537.91
3,2326.4,2.0,Urban,18.9,2,14866.5,1.19,611513.86
3,1807.6,2.5,Rural,23.8,2,10590.9,5.29,295050.5
3,2459.0,2.5,Downtown,39.5,0,5053.5,6.89,579243.86
3,2355.4,2.5,Downtown,7.3,3,8915.3,5.01,694135.71
2,1608.9,2.0,Suburban,7.9,2,8209.8,1.71,334103.55
4,1938.3,3.0,Rural,10.1,2,8167.7,1.77,326199.58
2,2034.5,1.5,Suburban,2.7,2,2100.7,6.09,359720.85
2,928.1,1.5,Urban,32.2,1,3723.6,1.87,188807.46
3,2343.1,2.0,Downtown,9.5,2,8337.6,3.39,667603.85
3,1937.8,2.5,Suburban,21.9,1,12174.5,4.69,400503.1
3,1848.6,3.0,Downtown,34.3,0,3545.0,6.14,442003.71
3,2228.9,2.0,Suburban,22.4,2,3299.9,3.02,403780.37
3,2345.8,2.0,Suburban,45.3,2,11638.0,4.35,456501.38
3,1417.1,3.0,Suburban,38.5,1,10667.8,3.99,295335.89
5,3952.6,3.5,Urban,13.7,2,7791.5,1.42,929580.94
5,3804.1,4.0,Rural,6.5,2,1705.1,8.14,529171.83
3,1777.8,2.0,Suburban,44.7,2,7617.5,7.55,329130.97
3,2539.3,1.5,Urban,19.8,2,12687.9,7.95,588253.19
4,2119.4,3.0,Rural,19.1,1,1148.7,1.9,303129.85
1,935.5,1.0,Downtown,40.5,2,2436.5,5.42,197650.46
3,2235.9,2.0,Suburban,0.5,3,12330.7,3.64,492853.37
3,1639.7,1.5,Suburban,22.6,2,8352.1,3.81,325449.44
5,3518.2,4.0,Suburban,35.7,2,10271.7,1.13,689601.49
1,998.9,1.0,Downtown,42.4,1,11430.7,9.49,218128.75
3,2074.7,1.0,Suburban,44.3,3,5202.9,9.43,351280.36
4,3194.2,3.0,Suburban,23.3,1,5170.3,4.38,605042.72
3,2036.0,2.5,Downtown,42.4,2,4695.4,8.62,490697.33
2,1713.0,2.0,Suburban,1.8,1,3341.6,3.64,327060.95
5,4084.3,4.5,Urban,15.3,1,5266.4,5.81,896069.36
3,2424.6,2.5,Suburban,0.5,1,14339.6,7.57,512277.32
3,2223.6,2.5,Downtown,8.3,1,2203.7,5.47,565229.57
2,1250.5,1.0,Suburban,36.2,2,4368.9,2.06,232221.18
3,2443.3,3.0,Rural,0.2,3,5452.2,4.1,391055.67
3,1611.8,3.0,Suburban,26.2,1,3153.4,7.72,325420.69
2,1184.9,1.5,Suburban,20.7,2,2083.6,7.92,223894.99
2,1434.2,2.0,Downtown,6.1,2,3266.0,3.71,395569.67
4,2208.5,3.0,Suburban,34.3,0,8389.2,5.63,420665.31
2,1789.1,2.0,Suburban,34.7,3,9354.5,2.47,359903.63
2,1719.4,1.5,Rural,36.3,1,4013.6,2.89,227570.15
3,1422.6,2.0,Suburban,38.3,3,8053.3,1.88,312661.5
4,2459.5,3.0,Suburban,15.7,3,1087.2,4.66,480612.49
2,1184.3,2.0,Suburban,49.7,0,9428.3,7.34,201654.94
3,1827.7,1.5,Downtown,3.6,2,1018.3,8.85,479918.25
2,1484.1,1.0,Downtown,32.4,2,9998.9,5.67,371582.75
1,941.2,1.0,Urban,48.5,2,7766.5,6.69,167858.59
2,1522.9,1.5,Suburban,11.2,0,2529.8,3.03,275042.03
4,3147.1,3.0,Downtown,13.9,2,2237.7,2.42,821839.07
2,1120.7,1.0,Suburban,28.8,2,1096.5,4.26,172946.02
1,1261.0,1.0,Suburban,39.1,2,8723.0,5.81,196153.15
3,1747.9,2.0,Urban,16.4,2,12291.7,0.82,478791.25
4,2722.1,3.0,Suburban,41.8,2,12991.6,1.37,547569.13
3,2066.4,2.0,Urban,12.1,1,8969.3,6.49,491190.26
3,2548.6,2.5,Suburban,43.7,3,13420.3,2.39,496361.35
1,962.6,1.0,Downtown,12.6,1,13067.7,4.81,291272.31
3,2433.3,2.0,Rural,30.9,2,10775.1,9.4,308554.26
3,2309.7,2.5,Downtown,17.9,0,6083.2,8.69,597099.21
3,1581.7,2.0,Suburban,16.1,3,12580.7,1.11,369303.53
3,1970.6,2.0,Urban,17.7,2,6483.5,1.06,488710.3
3,2181.9,2.0,Downtown,25.0,0,6645.7,1.88,548899.27
2,944.8,1.0,Suburban,42.3,2,10493.1,1.61,220418.38
3,1854.9,2.5,Rural,38.0,1,13990.9,2.91,289039.98
2,1370.8,1.5,Suburban,22.5,2,8000.3,4.03,276620.04
4,3019.3,3.0,Suburban,14.1,0,3481.0,1.29,548480.57
5,3099.6,3.5,Suburban,42.7,1,2994.3,4.87,564447.68
5,3826.4,3.5,Urban,43.5,3,5231.3,5.53,850422.29
4,2171.4,3.5,Suburban,22.7,1,7407.2,6.79,409399.48
3,1834.6,1.5,Suburban,34.8,0,5167.3,4.36,313358.68
4,3718.8,4.0,Rural,18.5,2,10966.8,3.31,545605.14
3,1775.5,2.5,Rural,7.5,3,8597.1,6.61,303105.72
3,1497.2,2.0,Suburban,16.1,1,6694.2,9.16,273496.78
3,1580.4,2.5,Downtown,34.1,0,3987.7,4.27,418447.69
3,2418.2,1.5,Urban,38.5,2,9475.8,3.29,540667.03
4,2739.1,3.5,Suburban,42.6,3,10437.4,7.32,549540.55
3,1839.5,3.0,Urban,0.9,2,11978.4,8.83,493943.73
3,1971.5,2.5,Suburban,24.3,2,14871.9,9.62,429681.92
5,3484.3,3.0,Urban,13.7,1,4238.6,2.59,777537.77
2,1670.3,2.0,Suburban,34.2,2,1211.6,3.38,262569.02
3,2840.8,3.0,Rural,12.3,2,8006.2,9.11,413310.99
5,3297.4,4.5,Downtown,28.3,2,13936.1,3.06,959758.01
3,2220.2,1.5,Downtown,35.6,1,4482.7,3.78,554339.44
3,2157.0,2.5,Urban,38.5,1,11582.3,6.57,475312.77
2,1554.9,2.0,Suburban,13.5,1,5473.2,5.9,296799.5
3,1757.8,2.5,Suburban,4.4,2,6476.8,8.84,365459.51
4,2848.4,2.5,Rural,10.9,2,14268.2,6.31,449050.82
3,2559.5,2.5,Suburban,30.0,0,7454.2,5.14,442460.83
3,1876.1,2.5,Urban,2.0,0,11154.5,1.2,512273.47
2,1389.1,1.5,Downtown,7.9,3,8698.0,9.76,404987.7
1,1080.9,1.0,Urban,49.8,0,11694.7,4.51,201335.28
5,4151.1,4.0,Suburban,19.1,2,5443.1,5.94,780033.52
3,2614.3,2.0,Suburban,24.8,2,13276.5,5.27,492140.06
3,2869.4,2.5,Urban,0.6,2,8684.9,7.51,679139.45
2,1349.5,2.0,Suburban,29.6,0,5328.3,6.64,242309.7
3,2176.0,1.5,Rural,16.3,2,1534.8,3.76,288836.8
5,3905.4,4.0,Urban,26.5,2,1184.9,5.44,864273.17
3,1786.8,2.0,Urban,26.3,2,5947.1,8.35,413054.73
2,1460.4,1.5,Suburban,48.4,2,4019.8,6.52,247670.32
3,2777.3,2.5,Suburban,13.4,2,1737.5,9.57,514935.87
4,2154.5,2.5,Downtown,28.5,1,8739.8,7.66,592187.33
3,1849.3,2.0,Downtown,19.1,3,14843.0,5.11,584558.26
4,3403.8,2.5,Downtown,21.1,2,6912.6,8.17,854964.41
3,2382.9,2.5,Rural,2.8,2,8729.6,4.7,344628.74
4,2709.8,3.0,Suburban,34.4,0,4077.3,2.53,482421.36
3,2103.7,2.5,Urban,9.8,2,3868.8,6.48,502466.56
2,1253.4,1.5,Suburban,23.4,0,5597.2,3.86,236122.92
3,2338.1,2.0,Suburban,21.7,0,12690.7,0.74,419392.65
2,1647.4,2.0,Suburban,23.4,2,14448.1,2.53,360690.8
5,3501.4,4.0,Suburban,18.8,1,11356.2,2.09,719286.66
4,3554.7,3.0,Rural,12.1,2,1287.8,8.05,516486.89
3,1746.5,2.5,Rural,22.4,2,7137.8,7.4,287740.62
3,2078.7,2.0,Suburban,2.3,1,6889.8,6.34,405313.48
2,1587.4,2.0,Rural,12.1,1,14092.8,9.38,242129.09
4,2087.1,3.5,Downtown,39.2,2,11438.0,2.19,634131.35
3,1992.3,2.5,Downtown,42.1,2,11001.5,2.05,569487.44
2,1470.7,1.5,Suburban,35.8,2,8906.9,9.14,285677.9
3,2251.5,2.5,Urban,31.6,2,10041.7,6.65,531656.96
1,1014.3,1.5,Suburban,40.6,2,10780.5,5.8,177798.98
3,1974.1,3.0,Suburban,6.4,0,8735.8,7.53,383565.15
3,2286.8,3.0,Downtown,26.3,2,12827.6,3.18,688712.49
2,1758.9,1.0,Rural,5.8,2,1516.5,6.15,236272.67
6,4943.8,4.0,Urban,38.9,2,14179.3,4.56,1100212.02
2,2011.5,1.5,Suburban,26.0,2,11830.2,3.42,373351.18
2,1563.8,1.5,Rural,40.5,2,8405.5,8.82,199118.66
2,1293.7,1.5,Downtown,40.0,2,13044.6,2.03,402882.72
4,2416.0,3.0,Suburban,23.3,2,12591.7,0.67,513548.71
3,2263.6,3.0,Downtown,24.8,2,6871.5,3.91,639104.09
3,2252.1,2.0,Suburban,1.4,1,12757.4,2.38,479686.86
1,794.2,1.0,Downtown,26.2,1,3636.7,8.2,175132.22
1,984.1,1.0,Suburban,33.9,2,7568.8,1.7,158289.67
3,1733.3,2.5,Rural,11.7,1,4251.9,9.41,266902.23
4,2507.6,4.0,Suburban,49.3,1,2741.6,2.09,454076.49
4,2649.1,2.5,Suburban,48.7,0,13524.4,8.95,452000.46
2,1856.6,1.5,Suburban,14.1,0,6137.3,2.1,313401.2
3,2226.8,3.0,Urban,35.6,1,10581.4,0.96,539604.05
5,3567.8,3.5,Rural,1.5,1,6251.4,5.13,534372.63
3,2495.6,2.5,Suburban,33.3,2,8617.7,3.89,438354.91
4,2777.0,4.0,Urban,31.2,3,5872.6,6.18,653409.28
2,1167.1,1.0,Suburban,41.1,2,11398.2,6.59,228159.69
5,3072.4,3.5,Downtown,15.2,2,12010.5,9.38,878114.33
4,2669.6,3.0,Suburban,43.9,2,7027.5,9.55,479618.09
5,3021.4,3.0,Suburban,42.9,2,13034.6,5.2,588708.82
3,2576.5,3.0,Suburban,33.5,1,5974.3,2.48,491067.58
3,1922.0,2.0,Urban,23.6,2,11674.5,2.85,487932.54
5,3006.3,3.5,Suburban,30.9,0,10100.9,1.45,598359.88
3,2533.9,2.0,Rural,36.5,2,7383.7,3.16,340397.35
3,1869.6,2.5,Rural,48.8,0,13444.9,9.16,238285.04
4,2903.0,3.0,Suburban,6.1,1,9011.5,3.96,584434.51
4,3103.3,2.5,Suburban,15.7,2,12762.6,6.48,622086.88
5,2726.4,4.0,Suburban,39.0,1,11266.7,9.82,528095.72
2,1329.0,2.0,Suburban,20.5,1,8456.0,1.51,284981.26
4,2925.0,3.0,Rural,33.6,2,5569.9,7.87,403185.4
4,3328.2,3.0,Downtown,6.7,0,14315.9,7.15,884057.86
2,1329.2,2.0,Suburban,35.5,0,1794.4,8.28,207589.32
3,2180.2,2.0,Downtown,33.7,1,13522.8,1.8,603309.5
3,2040.3,3.0,Urban,29.3,2,8089.5,5.27,485367.28
3,2305.0,2.0,Downtown,38.3,1,11482.4,6.5,608628.05
6,2852.2,4.0,Rural,44.0,2,5677.8,7.72,398828.82
3,2318.8,2.0,Suburban,41.5,1,6378.9,7.27,431261.48
4,2361.9,3.0,Rural,6.4,1,3670.5,5.92,352680.44
5,3342.2,4.0,Rural,37.2,1,14360.8,4.96,492443.09
3,1324.4,1.5,Urban,22.5,2,1606.2,9.45,306647.87
4,2021.0,3.0,Suburban,16.7,2,6415.6,2.23,412875.5
3,2167.5,2.5,Downtown,44.0,1,5685.8,2.44,581303.03
4,2407.4,2.5,Rural,28.0,1,12383.1,1.56,355925.13
2,1467.8,1.5,Urban,25.1,1,8022.3,1.57,357224.98
5,4046.1,4.0,Suburban,39.2,3,3367.5,8.8,733572.34
2,1862.6,1.0,Suburban,27.7,1,8126.2,6.26,309077.6
3,2387.2,2.0,Downtown,42.9,2,4304.2,9.38,581298.97
4,2541.9,3.5,Urban,5.1,1,1239.6,8.93,597691.46
3,2911.6,3.0,Downtown,38.8,2,8623.6,3.35,802923.76
3,1896.1,2.5,Urban,8.2,2,6045.7,6.59,477121.24
3,2602.9,2.0,Urban,11.3,2,4344.4,4.1,577352.49
4,2671.9,3.0,Suburban,9.0,3,3411.3,8.82,499135.47
2,1029.3,2.0,Rural,11.9,2,7351.7,7.48,165811.61
2,1638.9,2.0,Urban,36.6,3,13174.7,1.67,422207.44
3,1983.1,2.0,Suburban,32.8,2,11613.8,2.91,393647.7
3,1677.1,2.5,Rural,11.5,2,1064.8,6.75,262362.63
2,1297.7,1.5,Rural,13.5,2,11236.1,2.84,225775.61
3,1753.7,2.0,Urban,5.0,0,2018.1,5.57,379689.82
3,2320.3,2.0,Downtown,20.7,1,8672.0,2.82,616040.14
2,697.9,2.0,Suburban,18.9,1,11920.6,6.98,172697.43
3,2516.4,2.5,Rural,7.3,0,7346.1,1.21,371652.62
4,2308.3,3.0,Suburban,41.7,3,6273.7,7.35,452888.81
2,1172.9,1.5,Suburban,42.6,0,14152.6,3.7,219983.34
3,2460.2,2.5,Rural,5.5,1,1409.7,4.81,319955.42
3,2422.6,2.0,Downtown,13.3,1,2483.6,5.09,656399.98
3,2482.3,2.5,Downtown,36.8,2,13184.6,2.35,688690.53
4,2577.8,2.5,Rural,43.5,2,13407.3,9.45,372575.19
3,2242.6,2.5,Downtown,3.6,2,6218.3,0.5,626974.59
3,2019.4,2.5,Suburban,45.1,2,8562.8,4.04,394871.51
1,958.8,1.0,Rural,3.1,1,3301.5,1.72,161314.78
3,2059.6,2.5,Urban,31.7,3,13379.9,3.92,528195.89
3,1510.4,2.5,Suburban,1.1,1,7566.9,1.49,352350.46
1,962.0,1.0,Urban,46.4,1,8897.2,4.1,192547.68
3,1995.2,1.5,Suburban,17.7,2,2652.8,2.34,362468.54
5,3500.1,4.0,Suburban,32.4,1,9607.5,5.76,659158.64
3,2535.9,3.0,Suburban,9.2,2,10741.6,0.61,529965.33
3,1821.8,2.0,Suburban,16.1,1,5126.1,5.31,368830.39
5,3496.9,3.5,Urban,37.4,1,13546.1,3.19,815694.11
4,2527.6,3.5,Suburban,48.6,1,3854.7,3.55,449806.4
3,1997.1,2.0,Downtown,49.6,2,13563.3,3.87,531554.05
4,2848.3,2.5,Downtown,40.5,0,10846.8,6.7,685123.55
4,3215.5,3.0,Suburban,42.4,2,12631.9,7.7,607604.22
3,1744.2,2.0,Rural,48.5,2,10787.2,3.63,250540.22
3,2169.3,2.5,Suburban,2.0,2,6997.9,9.29,442397.11
3,2110.7,2.0,Downtown,8.5,1,5642.0,7.59,609038.07
5,3307.4,4.0,Downtown,2.6,2,11277.0,4.34,967350.22
3,1686.7,2.5,Suburban,25.1,2,5174.3,1.43,352709.99
2,1967.9,2.0,Downtown,47.9,1,1866.0,5.82,425110.25
4,1947.0,3.5,Downtown,29.1,3,4458.1,6.33,571266.69
3,2160.9,2.0,Urban,27.8,1,11573.3,1.79,495894.45
2,1313.7,1.0,Urban,41.3,1,12105.1,8.59,263079.79
3,2764.9,2.5,Rural,46.4,0,4872.5,4.12,320185.6
3,1736.8,2.0,Urban,34.9,0,5590.9,1.95,363886.36
4,3120.2,3.0,Suburban,44.8,2,8690.7,5.45,576549.2
2,1521.9,1.0,Urban,8.8,2,4667.6,4.51,349026.65
4,2455.8,3.5,Suburban,25.2,1,9486.4,6.6,489594.57
3,2406.8,2.0,Downtown,18.2,3,4948.6,2.14,647927.85
2,1798.0,1.5,Suburban,16.6,2,2692.3,0.7,341077.27
5,3010.2,3.5,Downtown,10.7,1,3167.7,5.03,822962.7
3,1974.4,2.5,Downtown,44.7,1,4507.7,1.99,499476.89
3,2372.8,2.5,Downtown,22.5,1,3350.7,1.99,611400.94
3,1401.1,2.0,Rural,26.5,2,14640.8,6.94,249874.48
4,2561.3,2.5,Urban,13.8,2,10217.2,2.96,602177.43
3,3029.3,1.5,Suburban,48.1,1,3509.6,8.48,466157.75
2,1495.9,1.5,Downtown,30.6,2,6934.6,5.39,380668.6
2,1850.7,1.5,Downtown,0.0,3,4767.8,6.28,529358.54
3,2006.8,2.0,Suburban,13.4,2,10583.4,3.55,412352.9
4,2651.0,3.0,Suburban,50.0,2,13141.9,2.63,504344.29
3,2283.0,2.5,Urban,48.7,1,6611.6,2.01,491945.83
2,1642.1,2.0,Downtown,27.2,0,7003.7,7.22,420550.94
2,1497.8,1.0,Suburban,28.2,3,6578.5,7.05,290099.71
3,2634.3,2.0,Rural,45.1,2,7289.1,5.18,360757.46
5,2963.9,4.0,Downtown,35.4,2,1501.9,7.92,778919.81
3,2239.1,3.0,Suburban,46.6,0,9296.5,8.12,402216.0
6,3982.3,4.0,Suburban,24.0,2,14328.5,4.7,794187.88
3,1781.6,3.0,Downtown,48.8,2,11994.5,6.69,497516.68
2,1214.9,1.0,Urban,27.0,2,13059.8,9.16,282110.01
4,2639.7,3.5,Urban,32.2,2,4207.9,1.27,628538.46
3,2068.8,2.0,Suburban,4.1,3,9500.5,0.62,427217.31
4,3491.8,3.5,Suburban,30.6,0,13501.6,5.0,637443.37
6,3583.7,4.5,Urban,38.4,1,1960.5,3.65,833347.86
2,1882.0,1.5,Downtown,22.0,2,13281.6,1.33,538899.44
2,1631.1,1.5,Downtown,25.1,0,1903.0,1.92,389162.42
4,3144.3,2.5,Rural,19.7,3,14763.0,2.95,460653.39
3,2026.9,1.5,Urban,48.5,0,2174.9,1.44,396221.99
2,1204.0,1.5,Urban,23.8,2,6151.5,3.53,314368.88
1,960.1,1.0,Suburban,6.3,2,1765.1,1.76,215663.63
1,731.3,1.0,Suburban,1.4,2,1794.8,6.43,129965.26
4,2182.1,2.5,Rural,38.6,2,13128.0,7.12,347224.55
2,1043.0,1.5,Suburban,27.4,0,1890.5,7.87,167855.53
3,2653.0,2.0,Suburban,0.1,1,12096.7,8.76,481624.83
3,2195.8,2.5,Suburban,19.1,2,13696.3,0.53,448767.78
3,2320.5,2.5,Downtown,45.7,2,14090.7,2.18,611251.61
1,820.7,1.0,Suburban,47.4,0,13096.6,8.24,141164.02
4,2654.6,3.5,Downtown,2.7,2,14372.3,0.79,829860.88
1,1027.0,1.0,Downtown,6.2,1,1725.1,6.82,244516.79
4,2513.9,3.0,Downtown,0.2,2,14952.5,2.22,790463.62
4,2354.4,3.0,Downtown,43.4,0,1286.8,5.31,595702.48
3,2326.7,1.5,Downtown,3.5,1,3331.2,9.64,581619.35
3,1591.7,2.0,Downtown,5.4,1,2133.3,6.66,444697.22
3,3239.3,2.0,Downtown,11.4,2,11415.9,4.0,872006.13
3,2550.0,2.0,Downtown,45.9,2,2218.4,7.05,574649.33
4,2702.9,3.0,Suburban,34.4,2,5097.6,0.55,527133.96
4,2944.4,2.5,Suburban,30.8,0,9933.1,9.53,542075.8
3,2392.0,2.0,Suburban,39.2,1,7972.2,3.77,443142.56
3,2080.6,2.5,Downtown,34.7,1,2907.2,9.81,500405.91
5,3660.8,3.0,Rural,37.3,2,8301.5,6.93,518467.35
5,2797.9,4.0,Suburban,3.7,3,5769.3,3.23,613624.73
3,2062.9,2.0,Urban,29.5,2,9203.1,6.35,477788.28
3,2167.2,2.5,Urban,37.7,1,8538.9,4.11,500446.87
3,2334.8,3.0,Suburban,28.3,2,14853.1,6.61,507019.82
5,3950.3,3.5,Suburban,0.6,1,13089.2,8.01,790772.82
2,1512.1,2.0,Suburban,10.6,2,1051.3,4.97,292367.21
3,1450.1,2.5,Suburban,48.1,2,3464.2,2.61,267996.76
3,2576.3,2.0,Urban,35.2,0,13783.9,9.82,559451.15
3,2547.0,2.0,Urban,34.4,2,8552.4,4.42,564674.64
3,2354.3,2.5,Suburban,33.0,1,11632.6,2.18,474238.75
6,3711.8,4.0,Downtown,6.4,2,8049.1,7.52,1028811.82
2,1589.8,1.0,Suburban,0.2,1,12000.7,6.73,344924.89
3,3176.3,2.5,Downtown,22.0,2,2858.8,8.26,759806.71
2,1260.7,1.5,Downtown,22.2,2,11330.6,0.52,394658.12
2,1356.1,1.0,Suburban,40.6,1,13174.5,3.8,265431.85
3,1766.0,2.0,Downtown,9.1,3,4719.1,3.49,523303.56
3,1978.8,2.0,Rural,13.8,3,6157.1,9.28,301820.87
3,1891.8,2.5,Urban,3.9,2,9268.1,3.82,521255.87
3,2022.1,1.5,Suburban,20.0,2,13155.4,5.51,402776.35
2,1467.7,2.5,Downtown,12.8,2,13709.1,0.53,475442.11
3,2730.7,2.0,Downtown,13.1,2,8482.0,8.18,701136.21
5,4233.3,3.5,Urban,12.7,0,10212.9,1.58,959637.29
5,3502.3,3.5,Suburban,11.6,0,13220.7,8.88,701337.81
3,1307.8,2.5,Downtown,16.0,2,4238.2,7.48,391157.63
3,2243.9,2.5,Urban,26.8,2,12553.0,5.79,575162.61
5,3793.0,3.5,Suburban,21.9,3,4666.0,7.62,695202.27
1,1171.5,1.0,Suburban,3.2,2,9134.1,8.03,217995.0
4,1845.9,2.5,Rural,21.3,2,14085.3,7.64,311612.24
5,3123.8,4.0,Downtown,42.3,1,8160.9,6.78,819058.06
2,1160.3,2.0,Urban,5.0,2,2307.7,8.87,277751.29
2,1147.4,2.0,Rural,47.2,1,13541.3,4.52,175861.67
5,3107.8,4.0,Downtown,15.4,1,9189.6,5.88,859679.5
3,1842.4,2.5,Rural,0.7,2,1996.1,9.71,285236.26
1,1145.9,1.5,Suburban,12.7,0,1147.4,4.04,198850.86
3,2002.1,2.5,Rural,3.5,2,4658.0,7.63,299649.57
3,2545.9,2.5,Suburban,28.3,2,2684.0,4.22,464972.03
3,1478.2,2.0,Rural,15.8,1,9798.1,4.97,267874.07
4,2355.4,3.5,Suburban,40.3,1,9354.0,3.69,462180.7
6,4023.8,4.5,Suburban,36.6,0,12772.3,1.95,771577.56
3,2028.9,2.5,Urban,23.4,0,8187.1,9.74,460994.92
3,1969.9,3.0,Suburban,28.0,0,4543.7,4.75,358051.91
3,2110.2,2.5,Suburban,30.4,1,1704.0,3.15,387700.66
3,2143.5,2.0,Suburban,13.5,2,1147.1,6.64,408316.25
2,1995.6,1.0,Suburban,7.0,2,13960.9,1.55,435907.83
5,3346.1,3.5,Suburban,18.8,0,3023.2,5.66,612176.15
4,2775.3,3.0,Urban,4.7,3,7988.7,5.95,668450.65
3,2158.4,2.5,Suburban,15.7,2,12127.0,2.36,455405.39
3,2573.1,2.5,Suburban,27.6,0,14000.9,9.62,481284.8
2,1559.7,2.0,Urban,27.0,2,3823.7,6.15,337849.69
3,2073.3,2.5,Suburban,6.0,2,4247.1,2.61,427552.12
3,2205.0,2.0,Urban,0.4,2,3516.5,8.42,537694.93
3,2248.9,2.0,Downtown,4.4,2,3225.0,3.42,606883.77
6,4866.5,4.5,Downtown,1.8,0,7369.4,7.43,1270307.5
3,2099.8,3.0,Suburban,20.0,3,9902.7,6.47,458947.83
3,2438.8,2.5,Downtown,19.5,1,10887.7,2.02,659212.51
4,2357.3,3.0,Downtown,12.1,2,5580.8,1.4,688601.26
2,1623.7,1.5,Suburban,10.8,2,9733.4,6.27,325148.87
3,1904.5,2.5,Suburban,19.8,1,1033.2,6.85,324624.32
3,1847.1,2.5,Suburban,4.3,2,13435.8,1.75,429343.04
3,2359.3,3.0,Rural,10.7,3,13176.5,2.14,380728.92
4,2547.2,3.0,Suburban,20.3,2,8617.2,0.98,532108.52
3,1948.3,3.0,Suburban,4.7,2,4407.2,1.78,422481.96
4,2130.2,3.0,Suburban,42.0,1,14611.2,6.09,437590.32
3,1949.2,3.0,Suburban,33.8,2,12349.0,2.41,400719.98
3,2077.7,2.5,Downtown,19.2,2,1237.4,3.24,547179.95
4,2619.7,3.5,Suburban,7.5,2,7575.0,5.77,547667.57
2,1484.9,2.0,Downtown,9.7,0,2429.1,4.43,374660.6
2,1077.4,2.5,Downtown,6.0,2,2851.4,8.53,333853.65
3,2087.7,2.5,Suburban,8.0,0,1018.3,5.93,389497.75
3,2315.5,2.0,Urban,21.1,1,10628.0,1.75,555638.75
1,791.5,1.0,Suburban,12.3,2,4535.3,4.15,157605.34
3,2209.8,2.0,Suburban,44.2,1,5267.8,2.96,379238.45
3,2191.2,3.0,Suburban,48.0,1,1658.5,2.96,384149.71
3,2179.5,3.0,Urban,34.6,1,1111.2,2.94,461152.91
5,3444.8,4.5,Downtown,40.4,1,12098.1,4.47,922326.92
3,1946.0,2.0,Suburban,12.8,1,10259.7,1.75,410272.64
4,3021.7,3.5,Downtown,33.3,2,6352.5,2.9,804744.05
2,2114.5,1.0,Suburban,2.9,2,1978.6,7.16,384303.13
3,2511.2,1.5,Suburban,48.0,2,11861.3,8.36,432577.62
4,2985.1,3.0,Downtown,33.5,1,13969.0,0.63,825594.46
3,2419.1,3.0,Suburban,15.8,1,8384.0,1.29,459193.41
4,3250.8,2.5,Rural,38.7,2,2945.3,8.62,429650.66
3,2203.3,2.0,Urban,0.8,0,10135.5,2.54,528049.31
2,1619.6,2.0,Urban,18.8,0,2001.2,3.47,343272.8
3,2475.4,2.5,Suburban,44.8,2,3317.4,3.7,432669.84
3,1595.0,3.0,Rural,13.2,2,7590.3,8.73,257265.3
4,2298.1,3.0,Downtown,33.4,0,4486.5,2.05,604310.36
2,1682.2,1.5,Suburban,18.0,1,14023.0,8.22,335885.98
5,3128.6,3.5,Suburban,19.6,1,12324.2,4.94,634615.05
5,3232.9,3.5,Rural,37.3,1,4874.7,7.94,422872.78
2,1618.9,1.0,Suburban,45.5,1,14493.1,7.04,300274.87
3,1424.4,1.5,Downtown,8.3,1,6296.1,7.45,404588.37
4,2648.0,4.0,Rural,13.8,1,8957.2,1.58,421881.45
5,3049.9,4.0,Downtown,24.4,1,8896.2,3.43,855512.36
3,1894.0,3.5,Downtown,30.7,2,10094.2,2.66,557276.52
3,2420.5,2.0,Suburban,23.4,3,4410.8,1.7,500480.91
3,1432.5,2.0,Suburban,40.3,1,13908.7,6.57,296797.06
3,1881.4,2.0,Urban,38.4,1,4719.5,7.1,370719.29
3,2490.8,2.0,Suburban,20.3,2,10307.8,1.84,488996.46
4,2819.3,3.5,Suburban,2.0,2,11720.7,7.8,587057.93
2,1078.9,1.5,Downtown,9.7,2,13341.2,3.22,378162.53
1,1002.6,1.0,Suburban,24.3,1,7397.1,4.08,161031.36
3,1967.4,3.0,Suburban,46.4,2,10963.6,9.94,378757.32
3,2845.9,2.5,Downtown,28.4,1,2195.4,2.32,688359.01
3,2170.1,2.0,Rural,26.5,0,11892.3,1.62,337175.82
3,2131.8,2.0,Downtown,36.2,2,11579.2,3.05,583149.31
3,1635.5,2.5,Urban,7.6,2,6748.5,9.35,429552.93
2,1545.9,3.0,Rural,7.3,1,5388.4,1.64,265447.84
3,1824.8,2.5,Downtown,17.3,3,6322.8,6.35,542245.36
5,4100.1,4.0,Downtown,49.7,2,2267.9,8.03,1005965.22
3,2249.4,2.5,Suburban,43.8,2,9929.3,9.26,430124.03
3,2096.0,2.0,Suburban,34.0,1,13782.5,5.04,399267.95
3,2686.6,2.5,Urban,19.6,1,10320.2,4.85,626964.81
6,2271.2,4.5,Suburban,27.7,2,9127.3,8.36,501118.85
2,1550.3,1.5,Rural,15.2,2,14869.9,2.36,261357.87
3,2411.2,2.0,Rural,33.7,1,8585.7,4.89,309897.67
4,3040.8,3.0,Rural,20.9,0,5841.6,6.56,396814.18
3,2162.5,2.0,Downtown,6.0,2,10865.3,7.15,622652.56
2,1293.4,1.0,Downtown,10.8,2,8300.0,1.56,406497.27
3,2262.0,2.0,Downtown,30.4,3,14609.3,8.74,630715.64
2,2056.0,1.0,Urban,34.7,1,13571.4,8.27,460481.53
3,2399.2,2.0,Downtown,4.8,1,14255.8,3.51,700855.38
4,3094.3,2.5,Urban,40.4,3,1014.3,5.03,652204.84
2,1327.2,2.0,Suburban,41.2,2,5679.0,4.15,270820.26
4,2492.0,3.5,Suburban,36.2,0,9781.1,9.82,488082.54
1,661.9,1.0,Suburban,34.2,2,5316.5,6.05,97297.21
4,2340.5,3.5,Suburban,11.6,0,10190.2,3.07,492373.98
3,1543.2,2.0,Downtown,46.0,1,11009.3,7.59,415222.91
2,1340.7,2.0,Suburban,13.4,0,9726.0,8.31,280651.3
2,1528.5,1.5,Suburban,9.1,1,7415.7,7.4,307270.33
5,3148.6,4.0,Urban,31.9,2,10754.5,1.29,767331.26
2,1439.2,1.0,Suburban,18.2,1,11925.3,3.23,288183.1
2,1636.0,1.0,Urban,46.7,0,10745.2,3.94,325692.92
3,1973.7,2.0,Urban,23.0,2,12368.0,2.56,484815.04
3,1826.8,2.5,Suburban,8.2,2,14261.5,5.07,398236.58
3,1418.2,3.0,Suburban,47.9,0,2435.2,3.54,261036.94
2,1353.5,1.0,Suburban,25.8,2,13689.9,0.85,302147.23
3,2074.1,2.0,Downtown,25.9,2,4829.3,6.69,565284.1
2,1386.7,1.0,Urban,19.3,2,8892.8,4.64,324448.55
2,1876.2,1.5,Rural,41.8,1,14193.2,0.77,272864.13
3,2492.2,1.5,Suburban,14.4,1,9681.0,9.36,453541.02
4,3237.8,3.5,Rural,0.7,1,2178.4,6.68,458345.3
2,1943.8,1.5,Suburban,24.9,0,7989.2,1.2,341930.0
3,2158.1,2.5,Suburban,46.3,0,13520.9,8.95,392388.98
3,2014.7,2.0,Suburban,13.7,1,6769.3,4.5,414481.21
5,2349.4,4.0,Downtown,13.3,2,12871.4,2.78,756141.04
5,3618.0,4.0,Downtown,36.9,1,12118.6,0.94,992565.98
4,2684.1,3.0,Suburban,38.8,2,13690.0,7.58,518389.98
2,996.0,1.5,Suburban,21.8,1,4683.0,9.71,161762.75
2,1427.0,1.0,Suburban,41.7,2,7951.8,2.26,256986.12
3,1519.7,2.0,Urban,8.6,1,5692.9,4.46,411334.1
3,2285.7,2.0,Downtown,18.4,2,8479.8,2.76,619582.18
3,2372.0,2.0,Suburban,20.2,1,1267.7,5.94,401128.3
4,2579.8,3.5,Suburban,15.6,2,4383.4,8.78,494557.59
4,1686.7,3.5,Downtown,10.9,0,14636.5,1.74,606105.49
4,2339.5,2.5,Rural,16.9,1,9443.8,3.33,372668.39
3,2238.3,2.5,Urban,0.9,1,3426.5,2.06,543996.44
3,2232.9,2.0,Downtown,35.2,2,8116.4,2.67,610666.55
3,1859.0,3.0,Urban,34.2,1,10771.8,1.73,476637.37
2,1642.8,1.5,Suburban,22.5,2,9452.1,6.53,318479.74
4,2667.8,3.0,Suburban,16.1,1,8026.9,0.91,529210.48
1,940.8,1.0,Rural,21.7,0,10435.5,7.43,145146.56
3,2337.7,1.5,Suburban,46.8,2,3337.2,1.85,399542.1
3,2054.3,2.5,Rural,30.2,2,7134.6,3.03,289368.69
3,2155.2,2.5,Rural,36.6,2,11503.7,3.78,328661.79
4,3329.9,3.0,Downtown,11.5,1,9112.4,4.12,891922.39
3,2272.0,2.0,Downtown,4.7,0,13687.9,2.14,671681.46
4,2916.6,3.0,Suburban,4.2,2,7212.7,5.14,570552.12
3,2396.1,2.5,Urban,23.6,3,2850.5,9.0,540083.53
3,2379.3,2.5,Urban,35.8,1,1682.6,4.86,496052.27
4,2846.1,2.5,Urban,38.7,2,7684.2,0.76,646566.15
3,1792.1,2.0,Suburban,36.0,2,7126.0,3.95,349339.95
6,3980.3,4.0,Urban,45.6,2,4591.2,4.33,877586.49
2,1340.7,1.5,Urban,2.6,2,9267.2,3.19,373246.71
3,2438.5,2.5,Suburban,42.8,2,4502.5,3.31,441595.38
3,2479.4,2.0,Downtown,33.0,2,4028.5,2.39,627267.31
5,2982.6,3.5,Suburban,8.8,0,9711.1,9.59,607738.19
2,1812.9,1.5,Urban,34.1,0,14229.2,5.53,380825.87
4,2577.6,4.0,Suburban,25.6,2,3838.8,5.6,518982.2
3,2149.6,2.5,Downtown,18.0,2,3559.5,4.54,585046.35
3,1780.5,2.5,Suburban,12.4,2,8270.9,6.36,386811.36
3,2095.2,2.5,Urban,23.2,0,2672.1,4.52,461792.57
3,2032.5,2.0,Rural,12.0,2,5117.2,7.05,306554.49
3,2232.7,2.0,Rural,4.1,2,14870.6,1.34,361145.93
4,2482.9,2.5,Suburban,42.3,2,12774.6,0.78,486453.01
3,2150.4,2.0,Rural,29.6,1,10885.7,5.84,313584.68
3,2256.6,2.0,Downtown,18.2,1,1364.3,7.47,577555.17
3,1835.2,2.0,Rural,22.3,1,4711.0,6.86,252917.57
2,1207.4,1.5,Suburban,43.2,2,8975.4,4.29,216253.53
2,1554.2,1.5,Urban,16.0,2,10943.9,0.53,414047.91
3,1933.1,2.0,Downtown,19.0,2,10357.3,1.65,556081.87
3,1686.5,2.5,Rural,38.3,2,3596.5,4.22,244888.16
2,1385.8,1.5,Suburban,10.0,0,7528.0,6.81,251830.42
3,1725.2,2.5,Downtown,33.0,2,3779.1,3.46,465110.57
3,1801.1,2.0,Suburban,21.7,2,13930.0,5.55,386776.96
3,2683.3,2.5,Downtown,25.0,2,8803.8,2.17,718933.99
3,2336.5,2.0,Suburban,39.3,3,6463.6,2.11,441029.08
2,1460.4,2.0,Suburban,49.7,2,13852.3,7.56,288099.64
5,3429.7,3.5,Suburban,41.6,0,13655.5,4.66,640006.3
4,2799.1,3.0,Urban,8.0,2,8057.4,9.52,657352.93
4,2908.5,3.0,Rural,11.2,3,10614.9,2.51,473096.88
2,1479.6,2.0,Suburban,20.5,3,5463.8,4.75,301151.99
4,2877.1,3.5,Downtown,36.0,2,5307.3,2.29,773473.92
4,1899.5,3.5,Suburban,25.5,1,8693.9,2.93,391734.96
4,2460.0,3.5,Downtown,45.1,0,12853.0,6.58,689359.95
2,1479.8,1.5,Urban,2.4,2,9360.2,9.14,381284.71
3,2118.5,2.0,Suburban,12.9,0,7426.5,1.72,379904.59
4,2635.0,3.0,Suburban,11.0,3,10298.0,1.73,548958.45
3,2404.3,3.0,Downtown,37.2,1,12372.1,9.55,624288.84
3,1798.2,1.5,Urban,23.2,0,12022.8,7.49,437470.88
3,2037.8,2.0,Rural,0.8,1,6188.3,3.47,347635.64
3,2456.7,2.0,Suburban,38.7,1,14099.2,4.37,469843.94
1,1021.4,1.0,Rural,18.1,2,1220.6,7.99,145070.76
3,2073.1,2.0,Downtown,13.0,2,7311.0,7.14,591464.69
2,1301.6,2.0,Downtown,9.1,1,13705.4,6.29,403322.67
3,2012.2,2.0,Rural,47.3,2,10744.1,8.71,275152.83
3,2195.3,2.5,Urban,47.1,0,10855.9,3.47,478086.09
3,2081.1,1.5,Downtown,3.8,0,3190.6,2.51,563199.33
2,1848.7,1.0,Suburban,11.6,2,9148.8,4.39,391638.86
3,2284.9,2.5,Suburban,32.3,2,14537.3,0.57,506366.9
4,2628.6,3.5,Urban,33.5,3,3961.7,5.32,620396.69
2,1173.5,1.5,Urban,20.9,1,5580.5,3.97,282066.87
2,1856.4,1.5,Downtown,28.4,0,6440.7,1.75,449756.89
2,973.5,1.5,Urban,35.1,3,6038.4,8.82,231117.04
4,3157.5,2.0,Suburban,47.5,1,9778.7,2.35,575625.28
3,2663.4,2.5,Suburban,36.3,2,4284.0,7.21,483733.26
3,1793.7,2.0,Suburban,5.5,2,8079.7,7.2,385987.59
2,1925.3,2.0,Suburban,35.9,2,6603.3,0.9,346836.07
3,2031.5,1.5,Downtown,3.4,1,10022.7,4.56,606547.62
4,2865.3,2.5,Suburban,25.1,2,4387.2,5.03,539040.06
4,2829.6,3.0,Downtown,26.3,2,8743.7,8.27,763617.5
3,3375.0,2.0,Downtown,38.9,2,11365.1,6.43,850419.13
2,1788.4,1.5,Suburban,0.6,1,10701.4,1.1,368006.87
2,1544.1,2.0,Downtown,43.7,2,12679.9,4.76,416939.56
1,871.7,1.0,Suburban,33.2,3,14386.2,3.36,198921.35
3,2191.7,2.0,Downtown,1.6,0,12955.6,2.12,623751.99
2,1508.1,2.0,Suburban,8.0,1,14134.9,3.12,344642.06
3,2413.8,2.5,Rural,2.0,1,1245.1,8.48,304390.66
3,2513.4,2.5,Downtown,38.3,2,9805.0,6.39,647844.26
5,2721.0,3.5,Suburban,8.5,2,4748.2,4.64,532386.02
3,2109.4,1.0,Urban,2.3,1,12325.9,7.34,499127.62
4,2269.7,2.5,Downtown,6.9,1,12466.5,9.7,657783.64
4,2773.3,2.5,Suburban,28.0,2,1668.8,9.31,510282.7
2,1362.8,1.5,Suburban,24.8,0,9337.8,1.42,270612.96
4,2753.2,2.5,Downtown,12.3,1,12912.3,3.66,768806.11
3,2335.2,2.5,Rural,47.1,2,9223.8,3.47,320134.96
3,1992.6,2.5,Downtown,42.7,1,6957.6,5.76,528272.09
3,1850.5,2.5,Suburban,15.7,2,2074.9,1.36,357515.09
6,3965.7,4.5,Downtown,23.7,2,11223.8,9.26,1125410.92
3,2480.4,2.0,Suburban,25.8,1,2045.0,7.93,430102.23
3,1971.4,2.5,Suburban,37.8,0,9370.8,1.67,355067.94
5,3418.8,4.5,Suburban,21.4,2,13846.8,2.92,697789.03
1,890.5,1.0,Suburban,27.3,2,6867.5,1.86,190538.86
3,2259.9,3.0,Urban,20.6,2,11782.3,5.04,575157.21
4,3036.9,2.5,Suburban,38.1,1,12197.4,8.96,560792.8
4,3105.7,3.0,Suburban,27.8,2,1144.8,6.62,559786.93
5,3608.9,4.0,Urban,41.4,2,13809.2,6.25,840011.92
5,3821.2,4.0,Rural,2.7,2,3642.9,1.21,552775.06
2,1326.3,2.5,Suburban,45.2,2,4957.8,9.11,243203.41
4,1905.7,3.0,Rural,41.0,1,13190.8,3.17,326565.86
3,2342.6,1.5,Suburban,40.9,0,10612.3,9.05,396364.71
3,1569.1,2.5,Urban,7.0,1,6206.0,4.81,410236.22
2,1668.4,1.5,Suburban,13.2,2,2230.3,5.52,324294.03
3,2018.4,2.5,Rural,49.0,1,6407.3,6.25,258470.32
6,3415.7,4.5,Suburban,47.5,0,14528.7,3.24,681613.91
5,3398.8,3.5,Urban,11.3,1,2464.6,8.44,773976.75
3,2366.1,2.5,Suburban,21.6,1,12845.8,9.6,448130.96
1,1100.6,1.0,Rural,7.8,1,5554.2,3.19,142125.77
3,2016.7,3.0,Rural,13.1,2,10163.9,0.5,331281.79
4,3455.4,3.0,Downtown,9.2,2,9841.6,5.49,953808.01
4,3008.2,2.5,Suburban,4.0,3,5558.2,6.13,569293.75
3,1955.8,2.5,Downtown,29.0,1,1760.1,1.1,512764.49
2,1782.8,1.0,Downtown,12.0,3,3083.5,6.89,457785.87
3,2531.0,2.5,Rural,49.6,1,8921.9,3.27,335095.49
3,2187.8,2.0,Suburban,25.8,2,14284.0,9.61,437822.39
5,3323.7,3.5,Suburban,18.0,2,13960.8,7.92,647221.32
3,2008.4,3.0,Urban,45.7,0,2588.6,1.19,442530.07
3,1846.7,2.5,Suburban,31.0,2,13253.2,9.57,365722.92
3,1975.6,2.5,Suburban,6.4,3,4273.3,2.66,425491.08
2,1524.5,1.5,Downtown,24.9,3,13738.2,8.08,461580.85
5,3277.5,3.5,Suburban,22.1,2,11618.9,6.61,676403.83
3,2357.4,2.5,Downtown,38.3,2,14457.7,5.59,649551.87
3,2067.1,2.5,Downtown,34.7,0,7184.2,9.36,489217.3
3,1445.3,2.5,Suburban,18.5,1,11242.2,6.26,298247.89
3,2511.2,2.5,Rural,23.5,1,11293.8,8.66,375817.17
3,2193.4,2.0,Downtown,25.9,2,7946.4,8.36,568025.11
4,2633.0,3.0,Urban,21.1,1,14643.3,6.89,637688.73
3,2232.4,2.0,Suburban,5.4,2,4411.3,5.16,419368.56
3,2010.7,2.5,Downtown,45.3,1,14807.0,1.43,559788.55
2,1632.6,1.0,Suburban,33.6,2,12369.7,1.96,345424.35
3,2209.1,3.0,Suburban,23.5,2,9625.4,5.56,449318.25
1,1132.7,1.0,Urban,28.5,2,2058.2,3.66,216464.5
3,2562.2,2.0,Rural,10.7,2,4631.1,2.47,382249.39
4,3011.8,3.0,Suburban,26.5,2,12778.0,9.69,546490.25
4,2894.4,3.0,Urban,37.3,2,11194.2,8.66,658659.18
3,1722.8,3.0,Suburban,26.7,0,14477.7,4.59,366113.32
3,2684.0,2.5,Suburban,24.0,2,6555.0,8.78,488332.05
2,1427.4,1.5,Downtown,23.1,0,13522.4,1.06,392746.98
3,2202.7,2.5,Urban,38.1,2,13065.6,1.44,532260.14
4,2018.3,3.5,Suburban,37.7,0,14525.9,9.51,406986.02
2,1585.2,2.5,Suburban,37.5,3,4814.3,7.04,287001.13
3,2123.7,2.0,Urban,12.3,2,7923.5,7.76,496387.84
4,2123.4,3.0,Urban,30.9,1,2133.5,8.41,440809.52
4,3061.2,3.0,Rural,38.9,2,9272.8,1.01,470890.76
2,1527.2,1.5,Downtown,28.1,2,11252.5,7.32,369603.46
3,2911.3,3.0,Suburban,38.9,1,4332.2,3.89,509896.99
2,1641.3,1.0,Rural,42.7,2,3375.1,8.27,190990.05
2,1543.9,1.0,Downtown,8.7,0,9953.4,4.18,411783.28
5,2796.9,4.0,Urban,15.3,2,6503.8,7.79,684824.35
4,3004.1,3.5,Downtown,30.1,1,6971.9,9.06,787635.22
4,2488.6,3.0,Urban,14.5,1,7595.7,3.72,582854.45
1,889.5,1.0,Urban,47.1,2,8160.6,4.96,155337.59
4,3072.4,3.5,Rural,9.7,0,3737.4,5.61,424382.35
3,1889.8,2.5,Suburban,17.8,3,9088.3,7.03,360468.16
3,2123.4,2.5,Urban,49.7,2,1967.4,8.52,415298.31
3,2568.5,2.5,Downtown,9.5,1,2589.1,2.5,666529.39
2,1436.7,1.0,Suburban,22.4,2,10961.4,9.48,279268.43
4,2754.3,3.0,Suburban,15.7,2,11240.1,7.96,574516.97
3,2266.8,1.5,Suburban,40.5,3,4728.5,1.83,414590.01
2,1896.9,1.5,Suburban,15.2,1,3585.7,3.69,347040.76
2,1857.7,1.5,Rural,8.1,1,1755.9,2.89,243399.16
2,1445.7,2.0,Downtown,46.7,3,6864.4,2.01,383574.29
2,1559.4,1.5,Suburban,15.9,0,8126.6,6.62,280801.52
3,1567.2,2.5,Rural,37.1,2,13592.4,1.13,261308.86
4,3042.7,3.0,Suburban,14.5,1,1034.4,6.19,548198.71
1,689.6,1.0,Suburban,8.9,2,6682.1,8.36,156830.88
1,1112.8,1.0,Downtown,40.1,3,6869.9,3.94,292041.5
3,1236.7,2.0,Suburban,2.8,2,13411.8,5.15,340307.51
4,2834.9,3.5,Downtown,16.6,2,3744.6,1.87,789239.09
3,1810.7,2.0,Downtown,39.0,0,1926.6,7.34,418116.64
3,2209.1,1.5,Suburban,25.6,1,6342.5,9.13,404596.94
3,2011.9,3.0,Urban,34.5,0,9572.4,7.46,466933.07
3,2343.9,2.5,Rural,3.3,2,13014.0,1.67,375749.26
1,686.8,1.0,Suburban,37.5,2,4766.3,3.78,105433.2
4,2965.5,3.0,Suburban,8.6,0,4518.4,2.15,556857.46
3,2788.3,3.0,Suburban,40.4,1,5563.7,6.1,478253.81
3,2406.4,3.0,Downtown,28.2,2,2655.3,7.36,619664.63
4,2947.3,3.5,Urban,37.0,0,14681.0,9.77,676687.46
3,2441.2,2.5,Suburban,10.6,1,8568.6,5.28,471595.14
2,1133.1,1.5,Rural,19.8,2,4811.1,6.55,163821.01
3,2337.1,2.0,Downtown,40.1,0,6064.3,1.51,529476.3
2,1166.0,1.0,Downtown,45.5,1,13123.4,1.97,307346.09
2,1333.8,1.5,Suburban,11.3,3,10432.1,2.7,356182.66
3,1464.0,2.5,Downtown,39.7,2,8744.9,1.02,454698.77
4,2417.5,3.0,Urban,5.4,2,11147.3,4.38,648577.82
5,3587.2,4.0,Rural,21.3,2,11581.5,9.54,536010.85
3,2192.8,2.0,Downtown,46.9,1,3719.0,6.7,523064.85
2,1315.4,2.0,Downtown,47.3,2,3221.5,4.64,314672.48
2,1291.4,1.0,Downtown,14.8,0,14533.7,5.19,365129.61
4,1902.4,2.5,Suburban,9.6,3,3600.2,1.89,438265.13
3,1927.9,2.0,Suburban,7.5,1,7506.7,1.42,381961.43
3,1866.0,2.5,Urban,24.0,3,14758.9,2.96,514977.28
4,2420.1,2.5,Urban,4.6,2,6841.0,3.41,628442.57
4,2861.5,3.5,Suburban,17.8,1,8207.9,1.67,586276.93
4,2323.9,2.5,Suburban,0.9,1,12177.1,7.07,489367.72
2,1251.0,1.5,Urban,13.0,0,5765.5,9.27,294252.12
4,2093.8,2.5,Suburban,45.0,1,7034.5,2.16,399514.59
4,2462.4,2.0,Downtown,22.3,2,5650.4,8.46,642410.2
3,1718.0,2.5,Downtown,3.7,2,5023.6,3.33,535583.86
3,2015.2,2.0,Downtown,32.3,2,7605.5,6.27,519212.63
3,1703.6,1.5,Suburban,47.8,0,11442.4,1.34,290531.47
5,3356.0,3.5,Suburban,23.2,0,13142.0,2.77,657491.3
1,870.2,1.0,Downtown,31.2,2,7581.6,2.0,232042.74
3,2532.7,2.0,Urban,46.0,2,5494.1,2.03,513715.28
2,1556.9,1.5,Suburban,21.0,1,13762.3,9.37,309278.17
4,1856.2,3.0,Downtown,33.2,1,5703.0,3.96,513730.83
2,1307.3,1.5,Urban,22.0,1,11850.1,2.36,320125.82
2,1819.3,1.5,Urban,48.1,1,11480.7,2.13,390800.51
3,1689.8,2.0,Downtown,25.2,2,1696.9,6.89,424330.45
5,1874.9,3.5,Rural,44.3,1,3487.0,7.33,291990.25
2,1776.7,1.0,Downtown,25.4,2,9019.9,9.81,472606.96
2,1744.3,1.5,Urban,33.4,1,13146.8,6.45,403808.57
4,3012.9,2.5,Rural,19.3,1,9315.9,4.86,422549.36
3,1948.6,2.0,Urban,45.9,1,11397.9,2.63,447748.9
5,3507.9,4.0,Urban,32.3,2,11281.8,0.87,829778.69
2,1294.0,2.0,Rural,1.0,2,7921.1,8.87,226659.17
3,2046.7,2.0,Suburban,0.8,2,8851.2,7.99,434551.52
2,1301.4,1.5,Suburban,33.8,1,1997.9,8.06,221775.34
2,1610.6,1.0,Suburban,5.7,0,13988.3,3.56,326305.43
3,1539.9,2.5,Rural,35.8,2,10440.8,3.9,257155.55
3,2635.7,3.0,Suburban,16.1,1,3163.0,7.94,489378.36
4,2730.3,3.0,Rural,26.9,2,4416.1,7.03,388668.95
3,2087.1,2.0,Downtown,8.7,2,1065.1,6.67,551006.48
3,2370.5,2.5,Urban,12.3,1,4696.1,5.77,521546.04
3,2293.4,2.5,Rural,21.8,0,5432.7,4.0,322746.94
6,4751.1,4.5,Suburban,33.3,2,10564.0,7.54,888694.13
3,2148.7,2.5,Rural,7.8,2,7673.2,3.93,314932.84
3,1710.9,2.5,Downtown,14.1,2,12798.9,7.48,523933.94
3,1973.7,2.0,Rural,10.3,1,2215.0,2.31,290418.13
3,2771.5,3.5,Rural,43.1,2,10898.3,6.11,386624.47
3,2535.6,1.5,Downtown,32.4,2,13248.5,3.89,663960.08
5,4031.4,3.5,Suburban,23.4,2,6898.6,8.37,715230.21
3,2484.5,2.5,Suburban,47.3,0,5042.3,5.43,432249.71
4,2870.1,4.0,Downtown,36.8,2,7237.9,6.43,758498.1
2,1857.8,1.5,Downtown,46.6,1,12043.8,1.29,474057.29
3,1917.3,2.0,Downtown,29.9,1,13866.6,5.2,533041.82
5,2805.0,4.0,Suburban,6.9,0,1918.2,7.92,550351.51
2,1440.9,1.5,Suburban,33.8,2,8399.3,8.67,269455.61
5,2733.3,4.0,Rural,10.1,0,9955.9,7.35,420697.84
3,1664.1,2.0,Suburban,17.3,3,1244.7,4.48,337154.41
5,2828.2,3.5,Urban,25.5,2,3537.5,2.95,669374.47
3,2719.6,3.0,Downtown,7.9,2,1875.9,4.2,706149.72
3,2054.9,1.0,Urban,1.0,2,5065.2,5.84,494429.39
2,1700.9,2.0,Rural,16.4,1,3875.7,0.56,268888.91
3,2002.7,2.5,Suburban,41.2,2,7815.2,9.16,357110.22
2,931.7,1.0,Suburban,0.8,3,10174.8,3.77,223554.87
2,1525.7,2.0,Suburban,5.5,1,12791.0,8.07,349703.3
2,1716.0,1.0,Suburban,40.3,2,5260.3,5.58,270580.1
3,2252.5,2.5,Suburban,15.3,2,1705.7,6.79,441042.03
4,2691.3,2.0,Suburban,46.9,2,1053.9,7.72,467256.33
2,1726.3,1.0,Suburban,19.0,1,12823.7,3.24,337600.73
2,1080.9,1.0,Urban,39.8,1,13293.9,6.26,248491.19
3,2563.5,2.0,Rural,12.9,1,2413.9,7.64,325873.31
2,1412.0,1.5,Suburban,3.1,1,1142.5,7.82,262152.66
2,1809.9,1.0,Downtown,44.1,3,12203.7,4.45,479620.12
2,1478.2,1.0,Suburban,46.4,1,9970.2,7.42,252246.04
5,2487.9,4.0,Rural,35.4,2,8786.0,3.37,400582.16
4,2459.5,3.0,Rural,38.5,1,8464.8,1.68,373403.78
3,1533.0,2.5,Downtown,0.4,2,11832.6,1.57,533516.79
3,2549.8,2.5,Rural,37.7,0,5106.4,5.3,370921.02
3,2078.2,2.5,Rural,23.6,2,6447.6,4.14,314405.21
3,1510.8,2.0,Suburban,22.6,2,2089.9,2.71,306570.04
3,2193.8,2.5,Urban,27.0,1,8925.8,4.22,514427.82
3,1971.4,2.0,Suburban,13.6,2,14451.4,4.41,434132.45
3,1741.1,2.0,Suburban,34.8,2,4973.9,5.76,331572.44
1,1008.1,1.5,Downtown,14.8,0,14009.5,1.05,338992.86
3,1947.1,3.0,Suburban,27.9,3,11208.9,9.13,372717.51
4,2624.0,3.0,Rural,6.8,2,4274.3,4.04,391984.44
3,2158.6,2.0,Urban,33.8,2,10280.0,6.35,468884.51
4,2139.6,2.5,Suburban,9.5,2,6127.3,3.41,469698.88
6,3165.0,4.5,Suburban,8.5,0,2712.2,7.74,603718.49
2,1750.7,2.0,Suburban,1.2,2,2298.1,4.86,335086.14
3,2068.7,2.0,Suburban,6.1,2,1241.2,3.56,391430.16
3,2078.7,3.0,Urban,11.6,0,12169.3,9.66,489162.52
5,2209.7,4.0,Suburban,11.1,3,13387.9,8.72,518359.88
6,3274.9,4.0,Downtown,16.4,2,7755.5,2.21,916967.77
3,2203.4,2.0,Suburban,2.7,1,8279.0,7.16,458378.04
2,1709.0,1.5,Suburban,46.8,0,10682.2,7.67,289672.94
4,3567.2,3.0,Urban,6.0,2,10812.7,0.83,839314.98
2,1853.6,2.0,Suburban,35.1,0,5537.8,9.63,311865.12
4,2420.3,2.5,Suburban,26.8,1,3228.5,2.71,457042.74
5,3540.6,3.0,Urban,27.6,3,7025.8,9.13,783746.06
3,1974.7,2.5,Suburban,5.3,2,10758.2,6.71,437598.44
3,2642.0,2.0,Rural,12.2,2,12258.9,5.37,388719.97
3,2466.1,3.0,Downtown,39.0,1,2248.3,7.97,611351.21
3,2266.3,2.5,Rural,23.2,1,9236.4,6.91,318306.59
3,2091.3,2.0,Downtown,22.9,1,1757.4,7.53,493432.27
4,3252.2,3.5,Suburban,27.3,2,12546.9,8.65,645548.27
5,3553.6,4.0,Suburban,21.7,0,10335.3,4.98,682231.14
5,4253.9,4.0,Suburban,40.3,0,10752.8,4.54,774266.87
2,1022.7,1.5,Rural,37.4,2,11664.1,9.05,160464.47
4,2699.3,3.0,Suburban,15.9,2,7939.0,8.08,518205.65
4,2257.8,2.0,Urban,40.6,2,5184.6,0.68,504734.73
3,2681.3,3.0,Urban,25.9,2,11999.3,6.71,622827.12
2,1695.2,1.0,Downtown,31.4,0,11883.2,9.09,402741.72
3,2210.2,2.0,Rural,43.3,0,2889.2,6.99,286252.26
5,3868.1,3.0,Suburban,23.8,3,13638.7,5.76,743524.74
3,2554.1,2.0,Rural,37.8,1,4097.0,2.17,320219.82
4,2530.2,3.0,Urban,31.4,2,5290.4,9.53,589576.86
3,2906.8,2.0,Suburban,21.3,2,4022.8,6.45,502131.99
4,2784.8,2.0,Suburban,39.5,2,14518.4,1.46,543682.5
1,929.3,1.0,Urban,5.3,1,5192.5,9.31,220541.33
3,2196.9,3.0,Downtown,29.1,2,14599.6,5.41,654901.98
3,1882.0,2.0,Suburban,2.3,1,9931.1,1.99,384588.92
2,1552.2,2.0,Downtown,7.8,1,3471.9,2.65,421141.92
4,3010.6,3.5,Suburban,29.9,2,8753.8,9.69,546324.96
2,1467.7,1.0,Downtown,15.4,2,13351.7,4.65,450442.75
3,1819.0,2.0,Rural,13.1,2,8863.4,4.49,302560.73
3,2183.2,1.5,Suburban,47.8,2,2856.3,5.12,377778.6
3,1667.8,2.0,Urban,18.3,0,5017.1,7.15,372516.77
2,1581.9,2.0,Rural,28.2,1,4147.3,3.97,212517.58
1,875.0,1.0,Urban,26.7,1,2762.0,4.5,163610.27
5,4356.7,4.0,Downtown,3.1,2,5582.0,7.59,1134867.07
3,2622.1,2.0,Suburban,33.7,0,10254.9,4.88,474587.55
4,3245.7,2.5,Rural,25.6,1,6355.1,7.28,422349.75
6,3447.1,4.5,Downtown,19.1,3,7213.2,9.64,948135.53
2,1840.9,2.0,Suburban,3.3,1,5489.2,9.64,368946.35
3,2520.5,2.5,Suburban,14.7,1,14922.6,4.75,502662.92
3,2054.9,2.5,Suburban,44.2,2,9206.8,2.73,400133.31
5,4339.1,3.5,Rural,8.7,0,12674.4,2.89,619291.47
5,3002.6,4.0,Suburban,11.0,1,7178.6,8.28,619241.66
3,2015.3,3.0,Downtown,10.3,2,3360.9,1.26,566418.54
4,2751.4,3.0,Rural,44.5,3,12855.3,0.88,427116.61
2,1453.4,1.0,Urban,35.0,1,11688.1,6.97,316815.79
5,3902.6,4.5,Suburban,44.1,1,5617.3,9.15,709409.11
5,2806.3,3.5,Suburban,45.7,2,9489.8,2.69,548316.49
2,1677.2,1.5,Rural,46.4,1,2308.6,1.02,198390.4
3,2167.5,2.5,Suburban,24.3,1,1368.5,9.01,394560.36
2,1093.9,2.0,Suburban,23.8,1,12420.6,3.86,239759.58
3,1799.9,1.5,Downtown,41.4,0,14187.0,5.72,460658.57
4,2635.1,3.0,Rural,16.6,2,5816.8,8.44,380875.55
3,2356.8,2.5,Urban,1.1,1,9366.0,2.88,560563.54
2,1625.5,2.0,Suburban,16.6,1,11042.1,6.21,326665.44
3,1514.8,2.5,Urban,35.8,2,11444.6,9.92,373441.05
6,4032.0,4.5,Rural,6.2,1,7735.0,7.54,604764.81
3,1636.2,2.5,Rural,39.2,2,9586.0,4.27,243485.8
3,2324.3,2.0,Urban,40.8,1,10198.7,7.8,469303.52
2,1387.2,1.5,Urban,5.0,2,2445.6,0.71,346044.85
6,3311.1,4.5,Suburban,4.9,2,10031.5,2.55,706963.7
4,2893.7,2.5,Suburban,9.9,1,8152.0,7.57,535473.9
3,1913.3,2.5,Urban,17.8,0,6299.0,2.99,453520.01
2,1128.5,1.0,Urban,26.6,2,4664.3,1.7,268659.12
2,1077.8,1.0,Rural,24.3,2,9930.9,3.29,182724.55
2,1865.6,2.0,Downtown,42.7,1,3334.6,2.13,448059.39
3,2132.6,2.0,Urban,7.1,3,12351.7,4.5,565643.85
5,3375.2,4.0,Suburban,34.9,2,3405.2,1.68,647748.94
3,1550.1,2.0,Urban,27.4,0,11802.6,8.46,396812.46
4,3304.1,2.0,Downtown,36.8,2,12443.8,7.91,864796.08
3,1923.9,2.5,Urban,17.1,1,14155.2,3.42,503683.8
4,2579.4,3.0,Suburban,23.6,0,7486.1,5.44,463972.19
4,3634.5,2.0,Urban,1.4,0,1891.6,8.62,786030.17
2,1558.5,1.0,Suburban,5.8,2,10487.5,9.33,311234.89
3,2374.8,1.5,Suburban,18.7,1,4956.7,1.37,444400.57
3,2162.8,2.5,Urban,24.1,2,2298.2,7.36,484872.89
2,1592.8,2.0,Rural,4.3,2,12980.7,1.79,275149.2
3,2129.3,2.5,Suburban,41.2,2,2956.3,0.69,384432.22
3,2237.3,2.5,Urban,47.3,2,8089.2,1.25,499125.08
6,4000.2,4.5,Suburban,29.8,2,12039.2,5.97,750265.77
3,1982.9,2.5,Urban,2.7,1,3787.3,4.08,462583.51
4,3334.4,3.0,Suburban,36.9,3,13552.9,1.63,647283.31
3,1714.6,2.5,Suburban,10.9,1,5642.2,5.01,354534.64
4,3268.2,3.5,Urban,36.7,2,6549.8,5.33,736598.81
3,2284.5,2.5,Suburban,21.7,2,2840.9,7.98,411821.34
4,2682.2,3.0,Suburban,2.7,1,10022.4,6.8,557848.77
3,2380.5,1.5,Rural,13.9,0,7934.4,4.93,322577.77
3,1828.3,2.0,Suburban,21.4,1,14638.2,3.58,383944.08
3,1601.7,2.0,Suburban,36.8,1,10776.6,0.52,328669.24
3,1827.2,2.5,Suburban,6.7,2,11625.9,8.4,412737.56
2,1153.5,2.0,Rural,14.4,2,3787.2,3.04,183334.65
2,1299.3,1.0,Downtown,4.2,1,10978.8,2.53,405842.49
1,1007.4,1.0,Downtown,30.8,2,8803.5,7.48,271176.33
4,2348.1,2.5,Suburban,23.7,2,6653.7,1.18,480339.28
2,1382.5,2.0,Suburban,46.5,3,11957.2,2.99,278878.14
2,1111.5,1.5,Suburban,37.0,0,14699.7,4.63,218868.58
4,3202.7,3.0,Urban,38.9,2,2326.9,4.7,691934.11
3,2882.8,2.5,Downtown,8.2,3,12044.5,2.0,825571.69
3,2446.0,2.0,Urban,13.3,2,13872.7,0.88,598407.45
2,1589.1,1.5,Urban,25.7,3,5412.6,4.97,367555.8
5,3091.3,4.5,Downtown,0.7,3,6082.3,3.9,941163.14
4,2585.6,3.5,Suburban,43.5,2,12126.8,3.21,533756.83
4,2863.3,3.0,Urban,38.9,2,14351.0,3.07,697967.79
3,1945.4,2.0,Urban,2.9,1,14144.9,5.29,508581.05
4,2276.6,3.0,Urban,42.5,3,1778.8,0.71,532871.16
2,1716.1,1.0,Suburban,0.2,2,13200.0,1.51,393328.35
1,867.2,1.0,Rural,5.7,2,9210.3,3.59,144494.56
1,961.4,1.5,Urban,2.8,2,6895.8,5.06,278229.98
3,2021.5,2.0,Downtown,24.0,2,12837.5,7.09,584759.17
3,2478.0,2.0,Suburban,39.2,2,12206.1,3.28,480191.18
3,2192.2,2.0,Urban,8.9,0,8130.9,6.84,474465.28
1,778.9,1.0,Downtown,38.6,2,6750.1,4.18,189147.71
3,2062.2,2.0,Rural,9.2,2,7614.6,7.86,299266.42
4,2544.5,3.0,Urban,49.5,2,5457.0,5.07,580706.62
3,1783.8,2.5,Downtown,42.7,3,10527.3,5.64,496742.41
4,2327.4,3.0,Rural,36.9,2,13488.5,4.63,344671.28
2,955.6,2.0,Suburban,29.6,2,4507.0,1.76,188006.75
4,2131.7,3.0,Suburban,12.1,1,12557.1,2.13,467170.24
3,1951.6,2.0,Urban,6.0,0,6050.4,4.3,462989.11
2,1529.1,1.5,Suburban,23.0,2,2845.6,1.44,315715.96
2,1122.3,1.5,Suburban,20.1,1,1566.9,1.83,206753.03
3,2099.3,2.0,Suburban,33.7,2,7711.1,6.43,380335.83
4,2971.5,2.5,Suburban,8.5,2,8956.4,6.52,606295.24
3,1937.3,2.0,Suburban,28.1,1,1084.5,1.71,374298.17
3,2068.6,2.5,Suburban,34.7,0,10136.8,8.61,352666.88
4,2468.8,3.0,Suburban,14.9,2,8259.4,8.64,490402.97
3,2005.3,2.5,Suburban,39.0,2,14963.8,4.11,417846.07
3,1884.4,2.0,Suburban,21.6,1,2463.2,5.23,347754.79
3,2208.5,1.5,Suburban,8.1,2,10870.3,8.11,471989.63
2,1929.4,1.5,Suburban,9.7,2,4038.4,7.75,346891.84
3,1935.9,3.0,Downtown,13.9,0,3888.8,3.95,513428.71
3,2003.4,2.5,Suburban,7.9,2,1262.1,3.51,386703.27
6,3991.1,4.0,Downtown,28.1,1,1091.6,6.81,1032993.46
3,1771.0,1.5,Downtown,47.5,2,3612.7,3.95,426972.04
3,2164.0,2.5,Downtown,44.8,3,3457.0,7.05,568416.02
3,1242.7,2.0,Downtown,16.2,0,1006.1,1.73,352544.22
5,3194.8,4.5,Suburban,43.2,3,11040.1,6.88,631092.56
4,3004.1,3.5,Suburban,47.7,3,8051.4,7.96,574651.1
3,2025.6,2.0,Downtown,14.7,1,6546.0,9.09,552508.76
4,2213.6,3.5,Downtown,45.3,0,2453.1,4.83,578405.83
3,2242.1,2.0,Downtown,49.9,2,5674.6,5.82,521888.85
3,2218.5,1.5,Suburban,39.9,1,7588.3,3.24,395455.87
2,1410.8,1.0,Urban,19.5,1,14972.7,1.93,346062.49
3,1799.3,2.5,Suburban,30.4,0,8148.4,2.14,346172.59
2,1658.0,2.0,Suburban,18.2,1,1273.1,8.52,285420.57
5,3181.8,3.5,Downtown,49.8,1,3908.4,5.64,799339.64
3,2410.4,1.5,Downtown,3.4,2,5963.3,4.07,659899.58
5,3803.4,3.0,Suburban,44.7,2,7383.0,8.71,668652.61
3,1317.3,2.0,Suburban,3.7,2,10439.9,1.58,347787.28
3,2103.8,1.5,Downtown,2.1,2,9268.3,6.15,619577.63
3,1349.5,2.5,Suburban,47.0,3,8129.7,8.01,279053.75
2,1990.8,2.5,Downtown,43.4,3,12730.5,1.69,589008.17
3,1922.0,2.5,Urban,18.1,2,3747.5,1.65,464524.2
2,1726.0,1.0,Suburban,47.9,1,2090.3,0.82,240640.51
3,2101.6,2.0,Downtown,43.1,1,12734.9,9.45,522869.02
3,1776.7,2.0,Urban,45.1,2,7470.3,7.08,383889.44
4,2470.0,3.0,Downtown,29.8,3,8747.0,1.18,729471.9
2,1484.0,2.0,Suburban,47.9,2,12723.4,6.88,271491.81
2,1681.5,1.5,Suburban,40.5,2,14241.4,3.38,330653.26
3,2418.6,3.0,Suburban,47.0,2,8728.0,1.54,496731.27
5,3190.9,4.5,Downtown,14.1,1,12371.6,9.93,918198.27
4,2893.9,3.0,Rural,26.6,1,8627.0,2.21,442326.77
3,1828.7,2.0,Rural,43.4,0,1466.5,8.09,198805.39
3,1800.3,2.0,Suburban,29.0,2,14382.0,8.87,341284.34
2,1648.9,1.5,Suburban,40.1,2,12448.7,5.54,290329.31
6,3746.5,4.5,Suburban,48.7,1,11547.9,9.77,723337.77
3,2110.8,2.5,Suburban,40.2,0,7185.6,1.64,381050.02
3,2206.7,1.5,Urban,15.8,3,14195.6,9.63,533684.17
3,2072.3,2.0,Suburban,5.9,1,7857.8,1.17,450425.95
2,1642.6,1.5,Downtown,13.6,3,11091.0,5.03,507735.96
5,4338.1,4.0,Downtown,33.1,2,2408.3,8.62,1088785.05
2,1320.5,2.5,Rural,0.5,0,4064.1,5.76,224148.96
3,2250.5,1.5,Downtown,9.5,1,6938.9,6.04,590026.95
2,2037.3,1.0,Rural,16.3,2,9138.2,2.03,297470.49
4,3265.8,2.0,Urban,43.8,2,12277.8,9.85,680433.5
4,3326.6,2.5,Suburban,2.6,1,4372.2,2.7,614842.12
3,2085.3,1.5,Downtown,2.5,1,11841.0,8.66,582504.47
3,2440.1,2.0,Suburban,27.6,1,13459.9,9.59,456592.04
4,2199.5,3.0,Suburban,8.9,2,12458.3,3.17,508970.9
2,1633.1,1.5,Urban,12.1,1,9713.8,7.44,402389.29
3,2230.6,2.0,Urban,9.2,2,12339.9,1.26,610356.15
2,1483.3,1.5,Suburban,29.1,2,13285.0,7.54,334805.63
6,4643.5,4.5,Suburban,2.8,1,8771.4,5.1,918915.17
3,1773.2,2.0,Urban,47.0,0,12342.3,1.62,380601.7
4,3472.2,2.5,Rural,6.2,0,6895.8,9.0,493142.69
3,2512.2,2.5,Rural,47.6,1,8314.7,6.95,357755.72
2,1550.1,2.0,Suburban,38.9,1,1736.6,2.1,267376.6
2,1545.5,2.5,Downtown,41.4,1,13368.9,5.56,406394.84
3,2092.6,2.5,Downtown,8.6,2,2965.2,3.6,588102.92
3,2473.7,3.0,Suburban,33.5,0,4866.7,7.25,448000.3
2,1646.8,1.5,Urban,40.9,0,5444.5,6.46,319122.11
1,1127.9,1.0,Suburban,27.9,2,2622.6,2.3,190009.05
4,2416.2,3.0,Suburban,27.6,2,13904.5,2.8,510933.39
5,4105.8,3.5,Urban,8.0,3,14580.5,7.19,1003591.3
3,1992.9,2.5,Downtown,20.7,0,13112.8,6.91,567414.62
3,1959.3,2.0,Rural,7.5,0,5849.1,3.47,308133.8
1,923.0,1.0,Suburban,48.6,2,1773.3,5.04,145506.74
3,2215.3,2.0,Downtown,34.2,2,3560.5,4.94,551748.95
4,3392.0,3.0,Urban,2.4,3,11809.4,1.68,850069.54
2,1013.0,1.0,Rural,23.8,2,5003.6,6.4,168369.1
2,1433.4,1.5,Urban,31.9,2,13496.5,3.01,363879.54
4,3363.3,3.0,Urban,4.8,2,12691.8,4.87,821490.8
3,2014.1,2.5,Rural,33.2,2,4317.2,1.18,267903.84
1,932.7,1.0,Suburban,8.9,2,10708.4,6.33,204313.67
3,2441.2,2.0,Urban,20.4,1,7192.1,8.48,529980.3
3,1807.6,2.5,Suburban,31.3,2,4009.3,5.91,329557.03
3,2172.7,2.0,Downtown,18.3,2,9261.6,6.17,601846.26
4,2648.1,2.0,Suburban,19.0,2,12723.0,6.9,550697.28
4,2727.4,3.0,Urban,42.2,2,13975.1,2.37,657577.2
3,2302.2,2.5,Suburban,15.5,1,1822.2,1.15,453750.64
5,4205.9,4.0,Suburban,32.8,2,6862.3,8.61,781150.76
3,1825.1,2.0,Rural,42.5,3,9461.9,8.54,288633.12
4,2798.2,2.5,Suburban,7.6,0,5731.9,5.67,525372.08
3,2255.3,2.0,Rural,2.3,2,5447.3,2.37,330964.5
4,3394.5,3.5,Rural,41.3,1,11807.1,8.26,479882.72
5,3718.9,4.0,Suburban,27.6,1,11955.1,2.59,703180.14
2,1409.0,1.5,Downtown,41.4,2,11204.9,8.68,376949.02
5,3492.8,3.0,Suburban,10.7,0,13579.4,4.53,652483.85
4,2965.3,2.5,Suburban,41.6,2,7925.9,1.05,538673.07
4,2427.9,3.0,Urban,4.8,0,12029.4,8.26,605334.15
2,1818.0,1.0,Suburban,44.2,2,1157.0,5.83,261763.18
4,3329.1,3.0,Urban,41.1,1,14824.0,3.52,748829.19
4,2768.2,3.0,Urban,28.4,2,13869.3,4.8,652904.6
3,1896.9,2.5,Suburban,30.4,2,12778.9,8.92,398010.26
5,3480.7,4.0,Urban,17.3,3,9228.7,2.43,870952.17
1,759.5,1.0,Suburban,10.1,2,8618.2,1.49,186427.08
2,1496.7,1.5,Downtown,22.8,1,3101.8,7.96,394404.64
3,2165.8,2.0,Downtown,32.9,2,1755.5,6.41,527455.53
3,1780.2,2.0,Downtown,49.9,1,4582.3,8.76,392197.89
3,1630.4,2.0,Urban,40.9,2,3113.7,3.48,337902.99
1,1098.5,1.0,Suburban,21.7,1,8851.5,5.83,202854.55
5,3533.7,3.5,Suburban,37.2,0,5655.7,0.9,651351.52
1,946.0,1.0,Urban,5.4,2,6430.0,8.54,270880.36
2,1671.2,1.5,Urban,20.8,0,1369.5,2.32,325729.81
1,585.8,1.5,Suburban,21.2,1,8680.6,1.59,135582.01
3,2358.7,2.5,Urban,49.9,3,10186.3,5.1,540751.83
5,3131.8,3.5,Suburban,19.6,0,5681.7,7.58,590205.94
3,1833.7,2.5,Urban,4.2,2,2837.5,2.49,453389.89
4,2309.2,3.5,Urban,3.4,2,10852.2,2.72,625160.63
1,1014.4,1.0,Downtown,34.9,3,2805.8,3.5,231918.93
3,2379.4,1.5,Suburban,14.5,2,12436.0,8.21,456993.94
3,2221.0,2.0,Urban,43.4,1,8644.3,7.6,450975.14
3,2007.5,2.0,Urban,24.1,3,4324.2,3.06,488231.0
2,1553.8,2.0,Downtown,16.5,2,13582.2,2.92,498382.29
3,2248.0,3.0,Downtown,38.0,1,2984.8,9.11,548087.47
3,2466.2,2.0,Suburban,20.9,1,9416.6,6.34,461264.48
4,2127.4,2.5,Downtown,36.9,0,9645.2,2.64,578035.43
3,2022.8,2.5,Suburban,35.7,1,1522.3,1.83,356365.9
2,1008.8,1.5,Suburban,36.2,2,9536.0,1.13,193963.05
3,1999.9,2.0,Downtown,42.9,0,10719.0,2.84,507761.8
2,1562.0,1.5,Suburban,42.4,0,13741.9,7.34,286147.9
4,2808.8,2.5,Urban,33.2,1,10925.1,4.03,652825.7
3,1789.4,3.0,Downtown,47.8,1,7782.0,9.67,458735.78
2,1397.5,1.0,Suburban,1.0,1,12946.2,3.58,301149.94
5,2248.5,3.0,Suburban,46.5,3,5953.0,1.93,464089.55
3,1860.0,2.5,Urban,7.4,1,12977.2,2.18,502848.18
2,1165.9,1.0,Suburban,10.6,3,12815.6,5.14,262815.61
3,2080.0,2.0,Downtown,40.9,3,9451.2,9.41,518501.16
3,2440.8,2.5,Rural,20.0,2,5824.7,9.05,333899.73
4,2174.1,3.5,Urban,21.3,0,9276.9,2.24,567635.91
4,2927.8,3.0,Suburban,13.1,1,13682.6,7.67,594037.52
5,4052.6,4.5,Downtown,11.2,1,9911.6,7.65,1122954.33
3,1575.4,2.0,Downtown,5.3,2,12760.2,2.07,525444.03
3,2023.1,2.5,Downtown,9.8,1,5824.8,3.33,570255.73
4,2382.1,3.0,Downtown,28.3,0,5092.3,1.22,595942.16
2,835.2,2.5,Downtown,35.3,1,4581.9,1.21,225204.14
3,1853.1,2.5,Suburban,36.9,1,7877.5,4.7,360565.92
3,2123.5,2.5,Suburban,18.5,0,7047.7,5.1,406256.46
2,1807.6,2.0,Urban,46.1,1,12959.1,0.81,379590.24
3,2552.4,2.0,Urban,16.4,1,2576.4,9.68,534791.11
4,2903.6,3.0,Downtown,5.6,2,8756.7,5.12,837740.78
4,2718.3,2.5,Rural,47.3,1,6647.7,7.98,360408.16
2,1739.3,1.0,Urban,27.0,2,14126.0,6.53,399195.85
2,1934.2,2.5,Downtown,48.6,2,12037.5,6.38,470448.53
3,1843.3,2.0,Downtown,19.7,2,7066.9,3.38,529537.17
4,1771.1,2.5,Downtown,37.9,2,9968.6,8.93,490135.75
2,918.4,1.5,Urban,5.5,3,11438.3,3.35,312626.73
4,3346.4,3.0,Downtown,42.7,1,1996.0,9.54,799482.31
2,1481.5,1.5,Downtown,8.5,2,10432.1,0.87,475723.69
3,2202.1,2.0,Suburban,3.4,1,2952.9,1.59,432766.2
3,1585.6,2.5,Urban,4.9,2,3645.3,7.4,399173.08
4,2464.9,3.5,Suburban,27.9,0,7457.0,6.28,482520.71
2,1402.7,2.0,Suburban,14.6,2,14712.3,7.31,305258.42
3,2090.1,2.0,Downtown,48.0,1,14330.2,6.6,564606.35
2,1298.0,1.5,Suburban,42.6,2,13631.8,5.51,251547.41
4,2073.0,2.5,Suburban,40.2,1,1480.6,0.8,407221.0
4,2217.9,2.5,Suburban,40.5,2,12939.7,8.18,435753.11
2,1686.9,1.0,Suburban,44.5,2,11866.3,5.35,311540.2
4,2557.5,3.0,Downtown,43.3,0,7982.9,1.51,666413.1
3,2076.3,2.0,Downtown,46.4,1,5556.0,2.33,483335.57
2,1476.5,1.0,Suburban,46.7,2,11578.2,6.79,272188.64
3,1247.5,2.0,Downtown,14.9,1,2498.4,1.23,358586.91
2,1327.6,1.0,Suburban,11.0,3,10106.2,8.76,281326.83
4,2694.1,3.5,Downtown,32.2,2,10406.3,8.01,744942.86
4,2592.4,3.0,Suburban,6.2,0,8751.7,3.41,507459.55
2,2303.5,2.0,Downtown,10.6,0,13288.9,8.89,600344.37
3,2291.8,2.0,Rural,38.6,2,5618.0,8.91,319631.56
4,3912.1,2.5,Rural,32.5,2,7694.3,8.46,497783.99
5,3600.7,4.0,Suburban,32.5,1,11621.3,3.42,707854.28
3,1630.2,2.5,Suburban,47.5,1,11033.6,6.73,308272.46
5,3488.3,4.5,Rural,33.4,3,8874.4,4.79,536356.84
3,2684.5,2.0,Suburban,21.5,2,4809.9,5.62,498034.79
3,2320.1,2.0,Urban,14.0,1,5119.5,4.39,510726.96
4,2761.5,3.5,Urban,16.9,1,11376.9,0.54,697725.07
3,2222.6,2.5,Rural,13.9,3,1080.4,0.59,322712.8
3,1772.0,2.5,Suburban,1.7,2,10138.3,7.84,420170.71
3,2172.6,3.5,Downtown,13.1,1,4475.8,9.49,595728.96
4,3424.9,3.0,Downtown,41.8,1,10421.9,2.68,873742.18
4,2879.3,2.5,Suburban,36.4,2,3617.1,5.67,509594.97
3,1937.8,2.0,Suburban,31.1,1,6270.1,3.41,356280.64
3,2206.6,2.0,Suburban,45.1,2,11553.4,5.04,409117.24
3,2091.2,3.0,Downtown,13.2,2,11572.8,1.62,655506.68
3,2091.9,2.0,Urban,28.9,2,3935.7,7.39,447169.87
2,1458.9,2.0,Suburban,1.6,1,6267.9,5.4,293225.21
4,2716.3,3.0,Suburban,44.6,2,8035.1,3.43,529163.19
3,2271.3,2.5,Urban,22.4,2,9223.0,6.8,555697.8
3,2405.6,2.5,Suburban,8.9,1,11394.1,5.36,473683.66
2,1177.5,1.5,Downtown,12.0,0,1330.9,4.34,294703.69
2,1258.5,2.0,Rural,42.4,1,2614.5,5.57,176694.3
5,3265.2,3.5,Downtown,5.4,1,3208.1,9.56,877004.46
3,2215.5,2.0,Urban,46.3,2,3669.3,1.16,493983.2
2,1627.2,1.5,Urban,18.7,2,1423.8,9.28,350446.15
3,1990.0,3.0,Suburban,12.6,3,13886.6,1.7,471951.96
3,2137.8,1.5,Suburban,16.6,2,3270.7,2.46,395947.59
1,1041.2,1.0,Suburban,20.4,2,2030.9,9.8,155810.32
3,2375.8,2.0,Urban,27.4,1,7604.2,8.2,494651.6
3,2365.3,2.5,Suburban,29.3,1,14176.6,3.84,469066.24
3,2274.4,2.5,Suburban,22.4,1,14501.4,4.34,484942.08
3,2133.3,2.0,Downtown,22.3,1,10469.6,3.34,571440.37
3,2591.3,2.5,Rural,14.3,2,3496.9,2.64,367835.09
5,2919.5,3.0,Rural,19.2,2,1053.1,1.08,398868.58
3,2065.9,2.5,Urban,23.4,0,5690.5,0.82,493438.29
3,2049.5,2.0,Suburban,29.9,2,2756.4,5.27,359544.88
2,1381.0,1.5,Downtown,6.5,2,11571.3,5.54,467547.67
3,1763.0,2.5,Suburban,38.2,1,14567.5,7.73,364283.52
4,2832.8,3.0,Urban,34.0,1,2172.1,1.4,641674.31
2,1644.5,1.5,Suburban,14.9,2,6557.1,5.39,294687.67
4,2431.8,3.5,Suburban,23.0,2,13634.6,9.28,474537.01
1,812.0,1.0,Urban,47.3,2,11196.1,8.6,165024.21
3,1990.2,1.5,Suburban,1.0,1,13176.9,5.58,419639.2
4,2310.4,3.0,Rural,40.6,3,13921.7,1.77,378894.69
3,2445.7,2.0,Suburban,25.6,1,6776.6,1.98,475637.75
3,1738.5,1.5,Downtown,30.9,2,10711.3,5.03,479203.75
2,1487.1,1.5,Urban,34.2,2,10930.7,6.36,339513.29
4,3122.0,3.0,Rural,22.8,2,9831.4,9.8,441628.6
2,1683.7,1.5,Suburban,9.6,2,5560.8,8.4,327194.76
4,2577.3,2.5,Suburban,45.5,2,12650.4,4.44,478778.92
2,1569.0,1.5,Urban,37.0,2,11764.6,3.83,341790.77
4,2823.6,3.5,Rural,28.0,2,7233.0,0.63,426714.77
3,1932.0,3.0,Rural,22.4,2,6893.5,0.57,286250.65
4,2508.6,3.0,Suburban,25.0,3,1151.0,5.01,500093.9
3,2984.4,1.5,Suburban,41.2,1,12808.2,1.16,501379.71
5,3984.3,3.5,Urban,0.6,3,4975.8,1.99,929932.04
2,1856.8,2.0,Suburban,43.3,3,7591.3,9.81,311430.91
2,1300.3,1.0,Suburban,2.3,1,6758.2,7.31,249385.31
3,2245.9,1.5,Suburban,30.8,2,10493.9,4.8,410947.73
2,1313.6,1.0,Suburban,16.7,0,6461.4,8.65,246721.27
2,1439.6,1.5,Downtown,33.9,1,3516.3,2.19,394990.03
5,4385.4,3.5,Downtown,4.3,2,13160.6,4.2,1185272.86
5,3002.9,4.0,Suburban,27.8,2,3569.6,3.3,579703.57
3,2725.3,2.0,Suburban,42.8,2,1398.0,9.96,441633.84
5,2716.1,4.0,Rural,24.7,2,3747.4,9.06,385854.38
3,1655.2,2.0,Downtown,4.2,2,7372.0,5.5,511312.41
3,2044.9,2.5,Suburban,1.9,1,6925.2,4.53,401311.0
4,2860.2,3.0,Rural,31.1,2,12148.5,9.98,422917.95
3,2326.8,2.0,Suburban,3.5,2,3729.0,2.46,458585.85
6,4193.3,4.5,Suburban,3.6,0,11858.5,4.37,846510.57
3,2006.1,1.5,Rural,21.3,1,2349.2,7.26,262074.9
3,2017.3,3.0,Urban,10.5,1,7631.2,7.19,506195.69
2,1537.7,1.5,Suburban,10.2,2,13114.6,5.96,342636.76
2,1215.1,1.0,Rural,24.0,1,6781.1,9.54,158349.99
1,1011.1,1.0,Downtown,14.0,1,14485.9,2.84,331361.58
6,4610.7,3.5,Suburban,11.0,2,9834.6,5.9,902445.35
4,1828.2,3.5,Urban,25.7,3,11593.1,8.2,476461.06
4,3601.6,3.5,Suburban,14.5,1,8138.0,2.71,657145.09
3,2022.3,2.5,Rural,4.0,1,7016.6,8.78,323804.23
3,1759.8,2.5,Downtown,34.1,1,2185.5,6.57,454657.53
2,1813.6,1.0,Suburban,29.3,0,2679.3,4.12,309837.83
3,2619.8,2.0,Suburban,10.6,1,9003.9,6.65,493094.99
3,2169.5,1.5,Urban,29.1,0,9590.9,9.32,481596.77
4,2821.9,3.0,Downtown,47.8,2,14786.6,9.89,794478.64
3,2467.9,2.5,Downtown,47.8,3,13008.4,3.17,689630.48
2,832.8,1.5,Rural,26.6,2,12822.8,9.14,156185.67
1,860.6,1.0,Rural,4.9,2,5012.5,0.87,157560.56
2,1341.5,2.0,Suburban,22.9,2,6764.9,0.57,288600.65
3,2289.9,1.5,Suburban,1.3,2,2429.8,6.22,435315.27
5,3148.9,4.5,Suburban,20.8,1,9141.5,5.08,644768.94
3,2354.7,2.5,Rural,45.5,1,1973.5,4.96,331778.96
4,2735.6,3.0,Suburban,23.4,2,7255.6,2.72,528781.89
3,1979.2,2.5,Urban,27.5,2,8926.8,6.18,470687.56
3,2049.6,2.5,Rural,7.9,3,4194.6,0.66,325792.62
2,1715.3,1.5,Suburban,0.8,2,11856.2,4.62,381211.57
4,2360.0,3.5,Suburban,49.7,2,10447.9,3.99,472713.96
4,2858.9,3.0,Suburban,16.9,0,3070.1,2.33,511973.08
2,1313.4,1.5,Rural,14.0,2,14771.5,5.35,228748.03
3,1716.2,3.0,Suburban,28.6,3,8588.6,7.06,366865.17
3,2159.2,1.0,Rural,37.3,2,1369.9,8.22,261529.23
3,1743.2,2.5,Rural,12.6,2,5901.5,4.89,288211.26
5,2761.3,4.0,Suburban,26.2,3,14710.4,2.78,628385.89
3,2404.6,1.5,Suburban,16.6,1,13632.3,2.49,461448.23
3,1826.5,2.5,Urban,24.0,2,3116.3,6.0,452177.84
2,1338.1,1.0,Downtown,8.1,1,12970.1,4.2,385112.07
2,1388.6,1.5,Suburban,25.5,1,9657.8,3.52,264806.84
2,1560.2,1.5,Downtown,2.4,2,1304.3,5.47,418825.64
1,856.5,1.0,Urban,42.0,1,11604.0,5.79,195727.66
4,3293.6,3.5,Rural,31.4,3,6779.7,2.72,449681.48
4,2415.1,3.0,Downtown,47.1,1,6545.9,4.09,657343.7
2,1970.9,1.5,Urban,30.0,0,6359.2,7.22,366503.65
4,2341.5,3.5,Suburban,9.1,1,9351.8,4.18,523208.36
2,2104.8,1.0,Urban,24.2,2,10999.0,4.72,463469.96
3,1707.1,2.5,Urban,33.2,1,10067.0,6.58,408863.47
2,1472.8,1.5,Downtown,18.7,2,4384.7,2.31,370710.65
3,2054.1,2.0,Suburban,27.6,3,10895.2,8.73,420109.23
3,2158.2,3.0,Downtown,8.1,1,2897.2,3.71,595568.81
3,2176.4,2.5,Rural,38.9,0,14598.8,7.03,326997.96
3,2550.7,2.5,Suburban,45.5,0,7630.6,3.32,423126.79
6,3004.8,4.5,Rural,15.7,1,2278.8,6.66,473191.9
2,1199.6,1.5,Suburban,39.7,0,9072.7,3.13,192045.26
2,1492.4,1.0,Suburban,4.6,2,9077.7,7.61,308895.16
2,1422.2,2.5,Urban,12.3,2,1543.4,1.5,334597.33
3,2276.4,1.5,Urban,23.1,2,1152.1,3.42,514437.42
2,1083.2,2.0,Downtown,19.3,2,14945.4,5.89,391931.36
4,2641.0,3.0,Suburban,31.0,2,6461.2,6.52,527661.58
3,2699.0,2.5,Downtown,28.1,0,4436.4,1.81,666339.73
3,2011.2,2.0,Urban,4.4,2,8668.1,3.54,504515.53
3,1936.6,3.5,Urban,6.6,0,1116.7,1.47,469883.73
2,1538.4,1.5,Downtown,2.6,2,1180.5,8.43,403954.29
2,1601.3,1.5,Suburban,47.6,2,2578.9,9.84,241833.96
3,2527.7,2.0,Suburban,32.3,1,12235.4,3.2,472809.65
3,1822.3,2.0,Suburban,42.8,2,4475.5,5.09,345923.81
2,1610.0,1.5,Suburban,27.1,1,8048.4,5.31,311519.45
2,1245.3,1.0,Rural,9.7,2,4130.7,2.06,173492.96
5,3025.9,4.0,Urban,31.3,2,8627.6,6.84,731672.32
1,939.5,1.0,Downtown,25.3,1,8123.3,5.41,223014.16
4,2503.9,3.5,Suburban,20.4,0,6610.1,5.38,509980.56
4,3238.5,3.5,Suburban,18.6,2,7064.8,1.06,621968.01
3,1598.7,2.0,Suburban,32.5,0,10147.3,1.26,330150.73
2,1464.7,1.5,Urban,30.9,2,12790.2,9.66,355113.77
2,1639.4,2.0,Suburban,7.6,1,5471.7,9.43,308756.58
3,1762.8,1.5,Suburban,40.8,0,8450.0,0.67,313625.85
3,2007.0,3.0,Suburban,31.8,1,12958.5,5.63,407219.88
4,1958.0,3.0,Suburban,26.8,2,3351.0,1.12,411280.84
5,2876.5,4.0,Suburban,37.4,1,14713.8,8.03,594349.07
3,1900.6,2.5,Urban,7.7,0,11508.8,0.97,525174.55
2,1431.3,1.0,Rural,46.0,0,6125.6,5.72,190243.29
2,1698.1,1.0,Downtown,13.5,2,6252.5,6.38,453927.03
4,3286.8,3.5,Suburban,13.1,2,3874.9,1.41,640633.73
2,1485.6,1.5,Suburban,40.7,0,4750.8,6.15,227951.8
2,1282.4,2.0,Urban,16.7,1,9218.5,9.45,324135.82
4,1799.9,3.0,Urban,41.5,0,1052.3,1.42,418759.92
3,1765.7,2.5,Rural,16.4,2,1324.2,7.0,274388.81
5,3621.4,4.0,Downtown,27.5,1,14810.7,3.08,1014815.15
3,2060.1,3.0,Suburban,11.5,3,4297.4,3.1,425923.96
2,1381.7,1.0,Urban,36.6,2,12613.9,5.67,324351.43
5,4527.0,3.5,Urban,8.3,2,9573.6,9.31,1030508.58
3,2592.1,2.0,Suburban,45.0,3,7243.7,2.69,489867.34
3,2358.9,2.5,Suburban,18.6,1,11250.5,9.94,458041.61
3,2379.7,2.0,Downtown,23.6,2,1700.3,1.37,624632.13
2,1222.3,1.5,Rural,1.2,2,11585.1,9.43,227277.32
3,1915.4,2.0,Urban,48.8,0,12997.9,0.67,428437.02
2,1375.0,1.5,Downtown,40.7,1,4923.2,2.04,327248.21
3,2061.0,2.0,Suburban,22.4,2,5222.6,9.78,406518.99
3,1950.3,1.5,Suburban,46.0,3,2442.2,3.03,353006.59
4,1919.4,2.0,Suburban,46.6,2,12982.5,0.57,404564.64
4,2891.2,3.0,Rural,26.7,3,12310.7,8.91,423226.3
2,1608.5,1.0,Downtown,11.7,2,6953.0,9.18,392193.6
3,2544.8,2.0,Suburban,24.4,1,6288.1,7.57,460636.75
3,1990.0,2.0,Suburban,16.2,2,6985.4,9.43,392627.52
2,1432.2,1.5,Urban,22.4,1,6884.8,3.02,341598.91
4,1586.9,2.5,Downtown,45.6,1,7014.6,6.63,428103.66
4,2409.2,3.5,Suburban,14.1,2,3040.4,7.55,472384.78
2,1544.9,2.0,Downtown,41.9,2,1188.7,9.75,353356.39
3,1888.8,1.5,Urban,46.8,2,11674.1,9.03,431403.46
2,2131.0,1.5,Downtown,40.3,1,5812.5,1.06,517289.92
3,1985.5,3.0,Urban,26.4,3,7872.4,3.72,481817.85
2,1440.3,1.0,Suburban,28.2,1,5304.1,6.34,244046.75
6,2818.0,4.5,Downtown,41.0,2,6343.0,8.63,780473.66
4,3041.9,3.5,Downtown,2.2,0,2048.1,3.16,836115.3
3,1591.6,2.0,Suburban,36.8,2,6184.0,0.58,314579.42
3,2427.5,2.5,Rural,26.4,0,7483.6,2.28,359795.65
5,3806.5,3.5,Suburban,19.9,1,12659.8,4.54,741803.09
3,2483.1,1.0,Rural,38.3,2,5510.9,1.08,317999.56
2,1308.7,2.0,Downtown,13.3,2,2239.6,0.9,368613.54
3,2371.5,2.5,Downtown,44.8,2,11628.7,4.32,625509.45
4,2952.5,3.0,Rural,34.4,1,6258.9,6.65,402731.77
3,2320.8,2.0,Urban,30.5,2,13815.1,7.25,525934.8
3,1971.0,2.0,Urban,26.2,1,14426.5,5.56,489503.6
4,1839.6,3.5,Rural,10.6,2,13205.9,4.64,320732.21
4,2819.6,3.0,Rural,30.8,1,4173.0,0.68,373386.62
5,3218.7,3.5,Downtown,36.2,1,4553.3,2.99,818970.08
2,1503.3,1.5,Downtown,0.6,2,12117.7,6.86,461268.13
3,2445.6,3.0,Downtown,18.3,0,7245.5,4.77,658008.57
4,2857.3,3.5,Urban,41.6,2,5169.2,3.01,669099.69
4,2255.0,3.0,Suburban,31.6,1,5114.7,2.68,433750.76
3,1610.1,1.5,Suburban,30.8,2,9084.5,0.66,335308.13
2,1207.3,1.5,Rural,11.4,1,13530.4,8.34,199706.6
4,3570.0,2.5,Urban,31.6,2,9665.0,8.84,742028.71
4,3106.2,2.5,Downtown,39.3,1,9683.9,3.97,798196.59
2,1451.6,2.0,Suburban,20.1,1,11457.2,7.16,298489.61
3,2042.4,2.5,Downtown,9.1,0,11644.2,1.12,578952.29
2,1657.4,1.5,Suburban,3.9,2,13732.3,8.94,381178.97
3,2633.2,2.0,Downtown,25.3,0,3269.6,9.11,625145.36
1,896.2,1.5,Downtown,34.2,1,14784.9,1.99,256471.57
3,2228.7,2.5,Urban,8.1,1,5603.6,7.92,523023.76
3,1977.0,2.0,Rural,21.1,1,4941.9,5.0,323209.85
3,2812.2,2.0,Rural,28.4,1,8137.0,6.97,374269.85
3,2317.2,2.5,Suburban,7.8,1,4701.0,5.01,457455.64
4,3114.5,3.0,Urban,13.5,1,4260.8,1.25,702448.97
2,1565.5,2.5,Urban,30.4,2,14535.3,8.48,391766.05
2,1738.9,1.5,Urban,36.3,0,2455.9,1.31,363733.28
4,2488.4,2.5,Urban,31.8,1,14859.2,3.92,609743.87
2,1593.8,2.0,Rural,35.7,2,9714.7,9.87,239862.16
5,4263.2,3.5,Downtown,29.1,2,14420.1,4.55,1137758.5
4,2131.7,3.5,Urban,41.8,1,13563.6,8.29,528534.25
3,2130.9,2.5,Urban,41.3,2,10077.6,2.1,498933.45
6,4125.8,4.5,Suburban,39.8,2,9257.7,8.39,790008.15
2,1671.8,1.0,Suburban,28.8,2,14896.8,4.88,332289.45
3,2059.6,2.0,Downtown,49.7,1,8213.0,5.34,532180.05
3,2643.2,2.0,Rural,2.0,3,3502.6,9.7,370779.41
3,1487.6,2.0,Rural,9.8,2,14901.2,8.92,267496.82
5,4184.2,4.0,Suburban,40.4,1,5529.3,3.8,727620.04
2,1575.0,2.0,Suburban,41.3,1,2223.8,9.52,267512.63
3,2710.9,2.0,Downtown,40.9,2,11036.5,1.48,687310.88
3,1603.7,2.0,Urban,43.6,1,7244.7,0.75,356693.27
3,1863.7,2.0,Downtown,21.1,0,6432.3,5.56,467717.73
3,2795.3,2.5,Suburban,46.6,0,9842.5,7.81,456819.31
3,1992.6,1.5,Rural,10.5,1,1739.9,2.6,291908.52
4,1812.4,2.5,Suburban,46.8,1,10775.1,1.26,355792.8
2,1549.9,1.0,Suburban,27.8,2,8048.3,8.53,257811.75
4,2753.4,2.5,Downtown,8.2,2,7863.4,9.87,728608.07
3,2734.8,2.0,Suburban,36.8,2,13600.5,7.1,525022.58
4,2769.5,3.5,Urban,14.8,1,12637.0,9.77,664937.43
4,2668.2,3.0,Downtown,11.0,2,8442.2,8.41,748369.05
2,1605.0,1.5,Suburban,8.6,2,9096.8,2.89,352440.38
3,2107.4,3.0,Suburban,1.5,0,12297.5,1.54,469093.98
4,3015.6,3.0,Suburban,38.2,2,6758.0,8.18,553003.37
3,2064.3,2.5,Suburban,24.3,2,10397.3,6.77,435512.85
5,2287.4,3.5,Suburban,48.9,2,8570.9,8.22,433246.49
3,1753.3,2.0,Suburban,22.0,1,7994.8,7.32,336455.63
2,1935.0,1.0,Downtown,42.2,1,14786.1,5.3,499720.82
3,2396.6,2.0,Downtown,48.4,1,1245.1,9.44,555162.15
5,2959.4,3.5,Urban,1.1,1,6804.8,7.66,747450.77
3,2528.7,2.5,Suburban,5.3,3,14022.5,0.58,533330.4
4,2192.1,3.0,Suburban,17.4,1,13994.1,7.19,470019.71
4,2389.8,3.0,Suburban,43.5,2,11468.0,5.67,479292.89
3,2163.5,2.0,Downtown,41.9,2,9286.7,1.81,571092.2
2,1286.8,1.5,Downtown,18.3,1,10671.8,4.63,387789.35
4,2503.6,3.0,Suburban,10.0,3,4541.0,5.48,546427.85
3,1926.4,2.5,Suburban,40.1,2,7837.5,4.95,356933.11
4,1986.1,2.0,Suburban,29.8,2,8504.9,4.63,379662.66
3,2057.4,2.5,Downtown,1.6,1,1892.1,6.5,568623.87
3,1502.6,2.5,Downtown,40.2,0,13127.1,6.76,414807.29
4,2707.0,3.0,Suburban,47.8,2,7393.6,7.13,506062.3
3,2405.3,2.0,Suburban,2.1,1,13584.6,7.73,490207.76
3,2072.0,2.5,Rural,14.3,2,6459.4,8.41,304565.71
3,1837.6,1.5,Downtown,41.0,0,6724.1,5.95,424576.95
3,2100.9,2.0,Rural,29.2,2,4419.0,1.19,299389.59
3,1815.1,2.0,Rural,49.5,1,10020.5,3.97,244744.68
4,2898.4,3.5,Suburban,45.8,2,8679.0,0.54,575448.39
3,1930.0,1.5,Urban,8.9,1,13781.6,6.15,483008.41
3,2491.0,2.0,Rural,33.7,3,7009.3,9.76,319349.25
3,2554.4,3.0,Suburban,32.7,1,10073.0,8.36,497132.66
3,1790.1,1.5,Suburban,5.5,2,10905.9,5.12,382579.39
3,2302.6,2.5,Downtown,4.5,1,5478.0,7.23,656196.19
5,3054.9,3.5,Suburban,28.5,0,13331.6,7.55,592744.82
4,2803.5,3.0,Downtown,20.1,2,6331.9,6.15,747248.22
3,1777.8,3.0,Rural,27.3,3,9923.0,8.91,280700.94
3,2331.8,2.5,Suburban,11.9,2,9621.8,3.56,476179.54
1,1094.7,1.5,Rural,27.8,2,6899.7,6.9,150377.31
3,2053.9,2.0,Downtown,19.2,1,3566.8,1.11,534871.66
3,2215.4,2.0,Urban,44.4,1,9295.0,1.81,478908.47
3,2363.1,2.5,Suburban,15.3,1,6257.5,9.42,465166.45
3,2342.5,2.0,Suburban,43.5,0,6307.3,5.66,390140.79
2,1299.5,1.5,Rural,19.5,1,7900.9,7.67,220782.68
2,1924.3,2.0,Suburban,28.9,2,10481.4,8.76,379269.64
5,4040.3,4.0,Downtown,14.3,0,11214.7,9.37,1066535.89
3,1791.5,1.5,Rural,40.5,2,6979.0,1.35,262378.55
3,2001.5,2.0,Suburban,42.2,0,2678.3,7.17,316450.57
2,1438.1,1.5,Downtown,40.5,1,12084.0,6.48,390476.63
1,825.3,1.0,Suburban,32.0,2,10371.8,6.2,185455.33
4,2759.1,3.0,Suburban,15.2,3,12209.7,1.88,594450.18
3,1753.4,2.5,Suburban,31.8,2,5422.4,7.85,329070.8
3,2106.5,2.0,Suburban,48.0,1,13727.7,3.5,406027.69
2,1505.6,1.5,Urban,32.4,1,4678.2,2.61,310740.79
4,3083.5,2.5,Downtown,47.8,1,5056.7,7.22,715244.13
2,1601.7,1.5,Suburban,15.2,1,8509.3,2.55,322567.09
2,1263.6,1.0,Urban,42.3,0,14962.8,5.24,256174.62
3,2106.0,2.5,Urban,35.9,2,3830.1,3.52,462797.18
3,2402.0,2.0,Downtown,41.0,1,12739.1,8.32,614953.85
2,1223.6,1.0,Suburban,35.5,0,1032.9,9.57,192695.66
3,2125.0,3.0,Rural,24.0,1,4325.3,8.33,288170.65
3,1802.8,2.0,Rural,34.3,2,5846.0,4.27,242026.47
4,2649.2,3.0,Urban,46.6,1,10080.5,2.05,614131.83
3,2216.5,2.0,Downtown,20.9,1,2592.6,7.13,553509.05
2,1354.0,1.5,Suburban,47.6,2,2801.8,9.09,213388.59
3,2340.2,2.5,Downtown,2.5,2,3049.0,4.31,624736.0
6,3798.7,4.5,Urban,0.7,1,10275.8,0.89,964099.54
3,2463.8,2.5,Urban,24.7,2,2605.0,1.68,519731.52
4,2957.8,3.5,Suburban,42.4,2,6575.2,4.14,557434.21
1,1050.9,1.0,Downtown,12.4,2,3193.5,5.24,295155.67
3,2248.1,1.5,Urban,34.7,0,6349.0,3.26,466219.61
1,692.7,1.0,Urban,27.3,1,10996.6,5.13,171154.36
3,2395.6,3.0,Suburban,14.5,2,4888.1,9.61,443836.19
5,4239.1,4.0,Urban,14.3,1,9647.0,1.23,972337.07
5,3077.3,4.0,Downtown,3.7,1,4479.1,8.13,889932.02
3,2350.0,2.0,Urban,26.8,2,11326.0,4.83,540560.24
3,2733.1,1.5,Suburban,22.5,1,11878.9,6.71,507196.34
5,3899.2,3.5,Suburban,14.5,1,5345.5,9.71,704617.03
3,2301.5,2.0,Urban,48.5,2,1333.1,4.87,455879.56
2,1222.5,1.0,Suburban,40.9,2,2807.2,1.41,185645.17
3,2240.0,1.5,Suburban,26.2,2,7873.4,8.37,408540.4
2,1687.6,1.0,Downtown,26.1,2,6348.8,3.01,428753.81
3,2147.5,2.5,Suburban,9.7,0,5837.8,9.1,423101.45
3,2281.2,2.0,Rural,32.5,2,9110.2,1.28,317231.42
3,1909.0,2.5,Suburban,47.7,2,3261.0,2.67,339633.65
3,2034.7,2.0,Downtown,44.9,2,7393.5,9.7,515916.04
2,1691.5,1.5,Rural,4.2,1,3847.4,8.86,232994.19
3,2294.7,2.5,Downtown,2.7,2,14734.8,2.58,705932.97
4,2388.3,3.0,Suburban,48.1,2,1680.7,7.88,418939.2
3,2029.2,2.5,Suburban,10.0,2,1221.0,1.32,390262.88
3,2334.8,2.0,Rural,27.5,1,8898.5,2.0,324595.17
5,2978.5,3.5,Suburban,3.7,2,1876.8,2.23,603310.7
5,2076.0,4.0,Urban,42.2,2,12353.9,0.91,546955.23
2,1932.6,1.5,Suburban,5.9,1,12474.3,5.1,374669.12
1,953.5,1.0,Downtown,32.2,3,7051.6,4.21,279812.33
4,2814.5,2.5,Suburban,2.8,0,12737.2,6.1,569060.05
4,2262.0,3.0,Suburban,7.8,1,11367.1,7.04,485602.97
5,3459.8,3.5,Rural,25.6,1,2895.8,6.16,467897.59
4,2720.8,3.0,Urban,2.3,3,13034.4,3.15,717616.32
3,1617.7,2.0,Rural,9.8,0,13239.9,1.29,234513.01
3,2294.6,2.0,Suburban,6.8,2,5518.0,7.45,424825.09
1,991.8,1.0,Suburban,2.0,2,11849.9,3.44,249485.23
2,1276.2,2.0,Suburban,48.5,1,13563.1,2.85,246565.5
3,1768.8,2.0,Suburban,22.5,0,11439.0,7.06,344119.81
3,1333.4,2.0,Urban,42.9,0,2316.2,4.7,274965.52
3,2604.4,1.5,Urban,17.9,1,2325.0,2.44,538772.13
4,2508.0,3.0,Rural,2.1,2,14753.5,7.78,401516.32
3,2107.2,2.0,Downtown,34.8,3,8578.9,8.16,555719.75
3,2370.8,3.0,Urban,1.9,3,10022.3,9.86,602974.48
2,1170.7,1.5,Suburban,27.6,1,13771.6,4.95,227562.37
3,2011.6,3.0,Suburban,7.0,2,1104.1,0.85,420265.35
4,2443.2,3.0,Suburban,33.5,2,6973.7,5.41,474456.64
3,1914.3,2.5,Rural,44.6,2,8929.6,0.72,285190.17
6,3736.8,4.5,Suburban,47.8,0,1030.0,9.5,644116.29
3,2322.3,2.0,Downtown,26.4,1,9741.8,2.16,620639.75
3,2078.8,2.5,Suburban,26.6,3,12913.1,9.29,444013.36
3,1794.0,2.0,Rural,1.9,2,1768.7,9.53,273496.29
3,2672.1,3.0,Urban,38.5,2,12259.2,7.87,627227.07
4,3597.8,3.0,Downtown,47.8,2,14685.4,1.33,935278.14
3,2018.9,2.5,Urban,21.9,1,13884.0,5.8,512641.7
4,2397.9,3.0,Suburban,39.7,2,8518.2,3.87,461101.04
2,1872.9,1.0,Suburban,39.9,2,13046.5,8.29,301883.88
4,2167.7,3.5,Suburban,39.3,1,11788.9,3.37,462560.38
2,1509.4,1.0,Suburban,37.9,1,12447.3,4.79,289845.49
4,2307.5,2.5,Downtown,10.8,1,6572.7,5.95,665106.39
3,1989.4,2.0,Urban,37.6,2,7658.7,0.84,438636.2
3,1964.6,1.5,Urban,7.2,2,4347.7,6.28,459102.61
3,1822.9,3.0,Suburban,35.6,2,1722.0,3.77,343916.58
5,3108.5,3.5,Downtown,0.2,0,9361.2,5.53,896690.05
1,873.6,1.0,Downtown,45.9,3,5334.1,1.69,199529.56
3,1993.4,2.5,Downtown,41.4,2,8037.9,3.69,532771.52
4,2666.2,3.0,Downtown,34.1,0,14477.7,6.03,725378.05
3,2265.0,2.0,Rural,4.7,0,1884.1,5.93,318716.8
2,1740.0,1.0,Suburban,41.2,2,13228.8,2.0,336334.74
3,2097.0,2.0,Downtown,43.8,1,2214.7,4.44,492715.23
3,2280.5,2.0,Suburban,34.4,1,10150.1,5.44,416541.82
5,3493.6,3.5,Rural,48.8,2,5805.6,1.27,483169.51
4,3074.1,2.5,Suburban,4.6,1,2402.1,6.19,579323.71
3,2659.0,2.5,Suburban,35.4,2,11597.1,2.7,497878.72
6,3066.8,4.5,Suburban,26.2,2,10780.2,9.24,633371.26
3,2066.5,2.5,Downtown,7.3,1,9963.6,3.05,605209.04
2,1950.2,1.0,Rural,32.9,1,14508.4,7.98,233350.62
3,1855.7,2.5,Downtown,40.0,3,1331.5,6.03,447941.5
3,1336.5,2.5,Urban,8.2,1,7085.3,7.01,336539.2
2,1302.0,2.0,Downtown,39.7,2,8877.3,9.07,342656.51
5,3003.1,3.5,Suburban,4.6,2,6007.8,8.55,613057.56
4,1629.1,3.0,Rural,29.6,0,10373.0,1.71,257922.7
3,2538.9,2.5,Urban,39.9,2,13588.8,9.37,548680.34
3,1868.6,2.0,Suburban,7.3,2,10757.8,1.82,425525.81
4,3261.5,3.0,Suburban,28.6,1,8971.2,3.51,614566.38
5,3243.8,3.5,Downtown,21.2,2,11329.8,5.47,909351.88
4,2206.7,2.5,Rural,30.4,1,2534.8,9.37,300148.07
3,1843.3,2.0,Urban,21.2,1,9819.9,6.46,422644.51
4,2259.8,3.5,Suburban,12.5,2,6701.4,8.81,486466.45
3,2565.1,2.0,Suburban,12.7,2,5463.1,9.45,477384.1
3,2109.9,2.0,Downtown,43.2,0,8099.5,7.61,502517.0
2,1442.9,1.5,Urban,7.8,3,12266.3,5.08,392854.78
2,1219.5,1.5,Suburban,6.2,3,6776.0,4.19,280337.71
3,2224.2,1.5,Suburban,4.9,1,10834.3,3.11,454715.25
3,2464.1,2.0,Rural,3.7,2,9244.5,5.31,343741.31
1,1060.9,1.0,Downtown,0.7,1,13826.2,0.96,347332.36
4,2830.3,2.5,Suburban,8.0,2,7227.8,2.67,559345.86
1,972.7,2.0,Suburban,9.6,2,12478.9,3.9,241800.67
3,1700.4,2.0,Suburban,13.5,1,12787.7,8.61,348326.4
3,2090.8,2.0,Suburban,6.2,2,7498.5,4.07,440112.73
5,2811.5,4.5,Suburban,4.7,2,7840.2,2.78,605205.86
3,1581.3,2.5,Downtown,27.1,2,5667.8,7.94,426977.4
2,1615.3,2.0,Downtown,35.9,2,7937.7,9.46,406461.95
3,1660.5,2.0,Downtown,31.5,2,4489.6,7.86,456419.7
4,3153.6,3.5,Downtown,27.8,2,13015.7,1.69,888124.99
6,4659.5,4.5,Downtown,22.0,2,4498.8,3.54,1221862.42
3,2048.2,2.5,Downtown,31.7,2,4606.7,6.23,531658.15
3,2301.8,1.5,Suburban,45.1,2,13539.2,2.36,407630.27
5,3112.0,3.5,Urban,31.4,0,8450.2,6.55,699361.01
2,2216.6,2.0,Downtown,3.0,0,2471.9,2.74,567684.43
3,2039.0,2.5,Urban,28.5,3,5840.1,5.66,489017.29
3,2095.8,2.0,Downtown,26.2,1,10875.4,7.21,558820.89
1,660.1,1.0,Urban,22.6,1,6681.3,7.97,135171.2
3,1991.7,2.0,Urban,28.4,2,6924.5,8.11,462397.04
3,2113.1,2.0,Suburban,33.6,2,7981.6,7.86,385831.2
3,2109.7,2.0,Downtown,1.9,2,4115.1,1.8,585486.79
5,2628.0,4.5,Suburban,24.0,2,6936.8,9.9,530989.47
3,1801.1,3.0,Urban,40.9,3,4014.8,7.84,410869.79
4,2365.8,2.5,Suburban,26.5,0,5910.4,1.49,443338.49
2,1866.1,2.0,Suburban,3.4,1,8453.2,7.13,363046.38
3,1675.2,2.5,Rural,38.8,3,10712.1,4.97,270616.88
2,1523.3,2.0,Suburban,47.1,2,9874.9,4.57,286402.54
5,3774.3,4.0,Urban,42.6,2,9057.3,6.93,859027.16
4,2259.8,2.5,Downtown,18.1,0,9337.5,2.1,636266.22
3,1912.7,2.0,Suburban,26.7,2,8153.0,9.99,358654.26
4,2439.0,3.5,Suburban,29.6,3,9604.6,5.67,500213.2
3,2665.6,2.0,Suburban,35.8,1,6257.3,6.15,455894.7
5,4295.5,3.5,Downtown,33.3,3,13592.3,4.54,1134447.56
4,2706.3,3.0,Suburban,10.0,0,9267.8,6.26,527410.45
5,3772.0,3.5,Urban,42.2,0,14112.3,6.81,842988.72
3,1940.5,2.5,Suburban,42.5,2,6664.1,3.78,379699.56
2,1754.1,1.0,Urban,20.2,0,6523.2,4.89,366869.45
3,1944.9,2.5,Suburban,6.5,1,14510.3,2.93,486081.26
2,1901.6,1.5,Suburban,30.4,1,11206.8,7.83,349337.18
3,2253.0,2.0,Downtown,17.9,2,8262.4,7.51,581691.82
3,2125.5,2.0,Urban,37.1,1,11059.1,8.2,475048.29
3,2497.5,2.0,Downtown,15.8,3,6554.1,7.18,686776.9
1,576.4,1.0,Urban,13.1,2,11623.3,0.69,198014.36
2,1905.0,1.0,Suburban,43.4,2,3934.1,2.32,293190.24
3,2231.6,2.0,Suburban,30.8,2,14312.3,4.19,420569.12
5,2819.6,4.0,Rural,4.3,1,7452.0,2.72,446213.27
3,2093.7,2.0,Downtown,34.5,2,2300.7,5.55,503471.48
3,2258.1,2.0,Suburban,37.6,0,12830.2,9.03,402435.34
4,2475.8,3.0,Suburban,11.8,2,13521.0,7.51,521312.57
3,1773.0,1.5,Rural,48.4,2,11219.4,3.03,274806.97
3,2468.1,3.0,Urban,18.6,2,9815.9,4.28,611049.84
3,2038.5,2.5,Urban,47.0,2,13997.9,0.99,488393.46
2,1399.0,1.0,Downtown,14.7,1,9708.8,0.56,397897.98
5,3512.0,3.0,Downtown,30.5,0,12079.8,4.54,936240.87
2,1244.3,1.5,Downtown,25.9,0,7597.4,7.42,316312.32
3,2735.7,2.0,Suburban,49.6,2,11180.9,8.68,484288.64
1,868.1,1.0,Suburban,20.4,2,14985.8,4.6,226213.32
2,1449.1,1.5,Suburban,9.0,1,6355.1,2.21,283165.46
4,2810.5,3.0,Suburban,41.7,0,11081.5,2.98,538786.61
2,1361.1,1.5,Urban,2.1,2,3084.5,4.73,330033.14
2,1466.2,2.0,Downtown,44.2,0,9891.4,6.67,326211.23
3,2604.7,2.5,Rural,5.5,1,5520.4,5.66,354501.64
1,1078.8,1.0,Downtown,28.6,2,13132.4,8.49,285969.62
2,1598.4,2.0,Downtown,35.7,1,6035.0,0.68,436459.57
4,3005.8,2.5,Urban,16.8,1,7232.0,9.93,661518.06
4,2964.5,3.5,Suburban,42.2,0,14724.3,9.33,550827.51
5,2843.4,3.5,Rural,29.7,2,4015.2,1.92,441953.96
4,2357.6,3.0,Suburban,19.8,1,8906.7,0.96,475273.42
3,2452.2,2.0,Rural,16.3,2,13092.6,6.37,360836.01
2,1701.9,1.0,Downtown,5.6,2,5407.6,7.35,451708.31
4,2571.3,3.5,Suburban,32.0,2,1213.8,5.02,482652.26
4,2243.3,2.5,Rural,18.2,2,13548.8,3.14,368963.6
4,2165.8,2.5,Suburban,16.0,1,9674.8,6.57,449956.11
3,1940.3,2.0,Downtown,47.5,3,4226.0,6.54,472391.8
2,1016.3,1.0,Downtown,13.6,3,4868.7,1.91,290925.71
4,1854.6,2.5,Rural,43.8,1,12194.2,8.1,280761.7
4,3024.9,3.0,Suburban,48.7,2,9989.4,7.62,525486.91
6,4397.1,4.5,Suburban,41.1,0,11256.4,1.31,831779.55
2,1368.4,1.5,Urban,1.0,2,9081.1,4.89,378228.57
2,1682.9,1.0,Urban,43.4,1,12060.6,4.24,374942.33
2,1395.9,1.5,Suburban,10.7,1,12494.9,4.89,300346.95
4,2690.2,3.0,Rural,17.7,2,6416.6,4.88,428555.44
2,1529.5,1.0,Suburban,49.6,1,13613.5,5.48,249466.78
2,1039.9,1.5,Urban,20.2,0,8072.8,3.13,276646.66
6,5000.0,4.0,Downtown,32.7,2,3242.3,4.96,1248884.32
1,586.5,1.0,Downtown,15.5,1,4058.6,1.45,175380.82
4,2453.1,3.0,Rural,18.5,1,11273.5,2.18,384633.91
3,1557.3,3.5,Suburban,29.9,1,6282.8,1.34,356527.75
4,3090.4,3.5,Suburban,47.4,2,4674.2,2.27,549683.4
3,1686.5,2.0,Urban,14.1,1,9466.8,0.54,467614.75
5,2751.0,4.0,Suburban,12.4,2,11951.8,0.86,577071.99
5,4167.7,3.0,Downtown,1.3,1,2529.2,8.07,1060503.87
1,1000.4,1.0,Urban,10.1,1,7287.8,2.39,255934.75
2,1595.5,1.0,Suburban,13.1,2,11800.6,5.44,342660.13
3,2844.3,2.5,Rural,3.1,2,13650.8,4.02,415567.09
3,2120.0,2.0,Suburban,28.2,2,1189.7,3.63,352936.78
4,2439.5,3.0,Suburban,6.3,1,10185.3,8.64,521321.95
3,2016.9,2.0,Suburban,25.6,1,9363.2,5.12,392256.74
3,1757.5,2.5,Downtown,9.4,1,8248.4,5.41,491582.87
2,1650.4,1.5,Downtown,46.8,3,3242.8,4.86,386433.89
4,2743.4,3.0,Downtown,15.4,2,11385.0,3.05,782315.94
5,3811.7,3.0,Rural,4.6,2,6499.1,6.99,562829.86
3,2405.1,3.0,Rural,41.8,1,4284.8,0.95,322609.82
3,1865.2,2.5,Suburban,20.1,2,12900.4,3.17,406912.84
2,1438.9,1.5,Downtown,41.0,2,5298.4,6.78,344833.39
3,1908.7,2.0,Downtown,15.6,1,3777.8,0.82,546092.36
3,1812.4,2.0,Suburban,25.0,1,5368.7,0.74,366153.33
2,1707.9,1.5,Rural,22.3,2,3534.7,4.04,245152.95
3,2576.0,2.5,Suburban,27.9,2,11881.8,2.89,510154.51
3,2232.0,3.0,Urban,20.1,2,3549.0,7.16,516676.68
3,2056.4,3.0,Suburban,24.8,1,11033.4,7.68,400219.29
3,2189.5,3.0,Suburban,34.0,1,3275.0,0.84,422664.85
1,820.8,1.0,Suburban,20.7,2,4168.3,4.65,151768.18
4,2391.5,3.0,Downtown,34.2,2,5795.3,9.46,612395.43
4,1794.2,3.0,Suburban,35.7,2,14300.8,3.47,403550.16
3,2154.9,2.0,Rural,37.4,2,13793.4,2.37,322938.45
2,1643.3,1.5,Suburban,23.5,2,2191.6,5.45,312778.83
4,2804.5,2.0,Suburban,0.2,1,5701.5,4.78,552171.33
5,2832.5,4.0,Suburban,37.7,1,5848.8,2.59,537944.77
2,1401.5,1.0,Suburban,45.5,1,3961.9,2.65,239470.8
3,2221.0,1.5,Suburban,32.6,1,7098.6,7.02,349987.99
2,1558.5,1.0,Downtown,26.2,3,11471.9,3.57,452938.51
3,2086.8,2.0,Rural,28.0,0,2390.8,9.87,249762.43
2,1872.7,1.0,Downtown,32.0,2,10403.1,3.25,465157.81
3,1829.9,2.0,Suburban,49.9,1,4650.7,5.7,292366.79
3,2586.7,2.5,Downtown,3.1,1,9994.2,1.19,757263.0
3,2322.3,2.0,Downtown,1.1,0,10546.5,5.62,649129.38
3,1663.4,2.5,Urban,48.2,0,11193.9,4.88,381949.17
3,2049.0,2.0,Rural,22.0,0,13063.9,3.82,318954.11
3,2320.8,2.0,Urban,30.6,1,13594.7,4.58,533969.89
1,845.7,1.0,Suburban,37.7,2,11627.8,2.2,197563.21
2,1267.7,1.0,Suburban,37.1,1,7735.4,8.29,210844.8
4,2859.2,3.0,Downtown,32.4,3,1618.6,9.26,680295.72
2,1122.6,1.0,Suburban,23.6,2,14119.5,8.46,267145.4
4,2995.7,3.0,Downtown,28.8,2,9418.6,8.15,752465.88
5,3855.7,3.5,Urban,36.5,0,8484.0,5.71,831821.83
3,1560.1,2.0,Downtown,42.5,0,4352.8,3.67,390701.05
3,1861.1,2.5,Downtown,6.4,2,10579.3,2.13,551085.03
3,2167.3,2.5,Rural,13.9,2,14926.2,8.29,342249.93
4,2421.0,3.0,Rural,19.9,3,5620.4,0.91,375263.89
5,2705.2,3.5,Downtown,33.3,0,12194.1,2.22,777601.98
4,2209.0,3.5,Suburban,19.8,0,5075.7,4.32,446411.36
2,1508.7,1.0,Urban,11.9,3,7828.2,2.35,360253.18
3,2300.8,2.5,Suburban,1.7,2,3986.0,6.04,446745.11
3,1929.1,1.5,Rural,42.1,2,8179.0,7.38,243214.91
3,2136.2,2.5,Suburban,20.9,1,7430.2,9.14,375997.63
1,1076.8,1.0,Downtown,16.5,0,1544.8,2.5,238152.09
2,1391.1,1.0,Downtown,26.5,2,6345.3,3.16,390807.53
4,1880.0,3.0,Suburban,6.1,3,1878.1,7.31,411937.39
3,2491.6,2.5,Urban,19.9,3,7308.8,2.56,601828.01
3,1881.7,2.5,Urban,37.6,0,14722.4,4.15,433135.92
3,1628.1,2.5,Rural,36.8,1,5101.7,7.66,196080.93
4,2689.5,2.5,Downtown,38.6,1,8219.0,4.07,703293.04
4,2723.8,3.0,Urban,23.4,2,2822.7,1.89,642383.87
3,1538.5,3.0,Urban,18.4,2,3155.6,3.06,400011.08
2,1452.2,1.0,Urban,41.6,1,5976.6,1.27,308920.08
3,2976.4,2.5,Suburban,8.7,2,7856.3,6.9,561097.1
5,3433.2,4.0,Suburban,36.3,2,10819.7,0.94,682414.84
3,2414.7,2.0,Suburban,44.4,1,7393.7,5.95,406861.02
3,2460.4,1.5,Suburban,14.3,2,1341.4,9.53,434533.82
3,2130.1,1.5,Suburban,9.9,1,4793.4,8.67,386014.82
3,2432.8,2.5,Urban,25.6,2,1346.8,1.19,548778.03
4,2873.8,2.5,Urban,10.8,2,13851.2,7.29,710901.27
3,2649.8,2.0,Downtown,43.5,0,1406.5,7.06,580543.57
2,1635.4,2.0,Suburban,12.2,3,1694.3,3.33,334965.54
2,1454.7,1.5,Suburban,15.7,1,5175.9,1.54,274051.34
3,1759.9,2.0,Urban,44.4,1,9852.6,8.61,410161.89
5,3293.2,4.0,Urban,10.3,2,6011.4,5.77,812865.99
3,1776.8,2.0,Suburban,44.2,0,1861.9,7.13,288345.58
4,2543.6,3.0,Urban,10.5,2,12707.5,4.85,639460.7
4,2411.8,3.5,Suburban,45.6,2,10803.1,2.61,490466.98
2,1354.1,1.5,Downtown,15.9,3,6549.2,2.97,388633.21
1,620.1,1.5,Downtown,12.3,1,10476.7,5.58,227763.26
2,1532.7,1.5,Downtown,23.9,2,4844.2,2.73,377515.99
4,2844.8,2.5,Urban,18.5,2,8390.1,4.29,649382.89
2,1980.4,2.5,Rural,10.1,1,13327.1,1.21,323628.34
3,1729.0,2.0,Suburban,16.9,2,2507.5,9.96,345716.85
3,2706.1,2.0,Rural,35.7,1,12856.5,6.36,376143.42
4,2819.9,4.0,Suburban,41.6,1,12039.7,1.89,555815.62
2,1401.7,1.0,Downtown,41.0,0,14287.4,1.74,353498.95
3,1894.5,2.0,Downtown,37.8,1,8192.9,5.09,482727.13
3,2233.3,2.0,Urban,0.3,1,4848.8,0.74,507959.61
3,2280.1,2.5,Urban,21.3,1,5943.4,4.41,511905.83
4,2987.2,3.5,Downtown,8.4,1,9957.3,9.48,859056.14
2,1797.4,1.0,Suburban,3.7,1,2971.1,8.32,319176.4
4,2784.3,3.5,Rural,36.8,3,5923.4,9.33,402836.64
3,2272.5,2.0,Downtown,39.7,2,11170.1,1.56,584485.79
3,2478.7,2.0,Urban,40.7,3,9032.5,4.02,577157.72
3,2187.2,3.0,Downtown,44.5,2,1878.5,5.77,566973.61
3,2026.4,2.5,Suburban,29.5,2,7956.0,7.34,396374.38
2,1624.1,1.5,Suburban,49.9,2,8339.0,4.23,294841.68
3,2391.3,2.0,Suburban,24.2,2,10811.3,3.53,458019.71
3,2209.9,2.5,Suburban,44.2,2,1149.2,3.4,382479.49
3,2113.2,3.0,Suburban,5.6,1,6997.6,8.0,469167.28
3,1549.0,1.5,Urban,7.4,2,13412.6,4.13,421982.43
5,3409.4,4.0,Suburban,29.5,1,1352.1,0.65,666267.48
3,1870.3,3.0,Suburban,6.2,2,10413.7,7.82,445371.59
2,910.8,1.5,Urban,3.8,2,4124.6,2.03,269522.34
3,1479.4,2.0,Urban,9.8,2,6424.8,6.47,381082.23
4,2967.0,2.5,Downtown,39.4,3,13377.6,0.78,802190.66
4,3144.9,4.0,Urban,46.4,0,6075.4,4.18,686881.68
3,2019.2,2.0,Suburban,16.7,2,8636.3,4.83,407664.39
4,2809.5,3.5,Suburban,48.7,3,2255.0,9.74,501056.4
3,2397.0,2.5,Suburban,40.5,3,5545.9,1.34,445643.9
3,1699.3,3.0,Suburban,11.3,2,2983.1,7.64,357176.32
4,2900.4,3.0,Suburban,29.3,0,8861.8,9.67,534689.74
4,2725.2,2.5,Urban,49.1,1,7437.0,3.13,585594.68
3,2164.5,2.5,Rural,42.4,0,4704.1,2.64,300993.83
4,2535.6,2.5,Urban,18.2,3,14994.7,9.54,636124.33
2,1502.2,2.5,Suburban,15.3,2,3145.8,5.15,300912.91
4,2671.0,3.5,Rural,41.0,2,12556.7,8.31,377113.81
3,2732.1,2.5,Suburban,27.5,3,1500.7,8.05,484250.69
2,1664.4,2.0,Suburban,8.2,1,12855.7,3.6,359634.93
2,1508.6,1.0,Rural,16.4,2,7677.9,2.28,189020.44
3,1717.0,2.0,Downtown,33.1,2,12594.7,7.18,498903.39
3,1590.4,2.5,Downtown,7.7,1,11460.7,5.26,519141.35
3,2547.3,3.0,Urban,34.9,2,9016.9,5.16,616283.97
2,1491.0,1.0,Rural,35.5,1,6201.9,5.69,174375.17
3,2037.8,2.0,Downtown,13.5,2,10317.2,0.74,601797.54
3,2568.1,2.0,Urban,19.9,1,12655.7,0.55,613325.34
3,1560.6,2.0,Suburban,46.8,0,8046.3,3.48,280406.08
3,2783.3,1.5,Urban,37.5,3,6808.2,3.58,586079.42
4,2694.6,2.0,Downtown,39.4,2,3000.5,7.33,633267.94
4,2252.2,2.5,Rural,25.8,2,13547.5,3.59,358326.06
4,2582.7,3.5,Rural,10.7,1,4742.2,3.92,406730.18
3,2029.9,2.0,Suburban,29.6,0,2729.3,5.72,347849.15
4,2785.4,3.5,Rural,38.6,3,1927.1,6.12,388187.22
2,1102.9,1.5,Rural,0.2,2,11510.9,3.67,214738.95
2,1128.5,1.5,Suburban,5.7,2,10449.9,5.8,277701.51
3,2212.3,3.0,Rural,23.7,2,2686.4,6.37,319384.01
4,2396.1,3.5,Rural,21.9,1,8422.0,2.98,350736.48
2,1524.8,2.0,Downtown,49.1,3,3137.7,2.74,389232.7
2,1269.1,1.5,Downtown,4.6,1,6370.0,8.96,347961.0
2,1480.3,1.5,Suburban,16.2,1,11960.2,6.65,291448.02
4,2733.4,3.0,Suburban,40.8,3,4189.7,3.46,498688.71
3,2113.7,2.0,Downtown,30.6,1,1388.0,5.73,508445.61
3,2162.3,2.0,Downtown,28.1,2,3706.7,7.22,538265.37
3,2455.8,2.5,Rural,37.1,2,6606.9,0.71,341964.63
3,1861.1,1.5,Urban,2.0,1,4383.6,9.24,409242.53
3,2202.2,3.0,Rural,47.4,1,11111.1,7.31,321419.6
2,803.3,1.5,Rural,9.6,2,12048.5,4.23,160378.93
4,3087.8,2.5,Suburban,4.1,2,4367.0,9.36,569883.71
3,2082.3,2.0,Urban,16.9,1,4760.7,1.03,455726.84
3,1842.1,2.0,Downtown,35.1,2,8841.0,7.66,517445.31
1,817.4,1.0,Suburban,11.6,2,11535.2,5.5,171887.99
3,2437.2,2.0,Downtown,2.5,3,14431.2,6.82,728759.51
3,1974.4,2.0,Downtown,2.9,1,5207.7,4.98,560079.93
3,1698.4,2.0,Downtown,12.8,0,13755.0,1.9,512369.63
2,1489.2,1.5,Suburban,6.8,3,3544.6,2.98,316725.86
4,2140.9,3.5,Rural,18.6,2,1574.8,4.9,333342.7
2,1376.3,1.5,Downtown,8.7,2,12094.9,9.23,431560.95
3,2202.3,2.5,Suburban,17.2,2,7700.6,1.15,458684.33
4,2704.6,3.0,Urban,22.2,2,2076.0,1.49,618232.77
3,1479.6,2.5,Suburban,37.1,1,1995.5,1.95,272880.34
4,1978.1,3.0,Rural,11.4,2,1190.7,6.51,333329.5
3,2303.9,2.0,Downtown,23.8,2,5288.6,3.98,620936.34
3,2666.6,2.0,Downtown,40.8,3,11295.1,1.92,699027.58
4,2154.7,3.0,Suburban,49.3,0,10314.4,1.66,418858.88
3,2049.8,3.0,Suburban,27.9,1,14995.3,6.9,432914.13
3,2447.3,2.0,Suburban,21.6,2,9315.0,4.89,470139.26
4,3544.5,2.5,Downtown,31.6,2,2546.6,8.79,884152.57
3,2271.9,2.0,Urban,24.3,1,14699.0,4.34,541943.03
3,2400.1,2.0,Downtown,8.2,1,10701.6,6.73,656929.93
3,1445.4,2.0,Suburban,23.0,1,6236.5,8.06,295610.37
4,3485.4,2.5,Rural,49.0,0,4457.9,9.56,412141.42
5,3275.1,3.5,Suburban,32.0,2,4110.3,8.76,598853.56
3,1828.8,2.5,Suburban,14.2,2,14387.3,7.87,427380.21
3,1870.9,2.0,Suburban,47.4,2,6871.9,4.42,341156.64
5,4277.1,3.5,Suburban,19.4,1,7815.3,9.84,767240.76
2,1717.2,1.0,Urban,19.5,2,12715.2,3.01,420321.18
2,1000.8,1.0,Urban,30.8,3,14494.1,6.78,279530.55
4,3214.6,2.5,Suburban,28.4,3,1061.5,1.74,607073.73
4,2853.9,3.0,Urban,14.5,0,14863.4,6.26,701203.56
4,2347.0,2.5,Downtown,23.4,0,2056.5,7.05,590158.97
3,2347.7,2.0,Downtown,16.6,3,12715.7,1.36,715633.15
2,1366.7,1.0,Urban,36.9,2,14304.5,3.3,353389.45
3,2518.9,2.0,Suburban,6.1,2,8855.6,6.59,499383.7
2,1679.1,1.5,Rural,37.5,3,8724.0,6.22,223997.18
3,2496.0,2.0,Suburban,8.1,1,10366.2,6.85,510423.3
4,3274.6,3.0,Suburban,15.3,1,5939.6,1.68,639779.33
2,1993.9,2.0,Urban,16.7,1,3321.2,5.4,412449.74
4,2809.0,2.5,Urban,49.5,3,1929.8,9.31,571171.76
3,1914.6,3.0,Urban,29.5,2,13335.4,9.56,460967.32
3,1726.9,2.0,Urban,38.9,1,8662.6,1.7,383981.09
2,2033.5,1.0,Suburban,27.8,2,10717.0,9.0,383274.74
3,2032.5,2.0,Rural,49.2,1,5648.7,5.98,260626.68
2,1782.0,1.5,Rural,8.9,0,12298.1,7.65,250005.36
5,3021.4,4.5,Suburban,30.2,1,5898.9,1.93,613128.4
4,3257.5,3.5,Urban,39.9,2,1416.7,7.51,702560.79
3,1694.7,2.5,Rural,31.4,2,5716.7,1.18,279459.58
2,1404.8,2.0,Suburban,44.8,2,12904.6,6.51,288405.18
5,3370.0,3.0,Suburban,30.0,1,13262.4,6.85,655848.09
3,1978.3,2.5,Urban,41.3,3,14086.1,6.81,476476.21
2,1537.0,1.5,Downtown,8.8,2,7992.7,1.06,460686.94
3,1850.9,2.5,Downtown,13.1,1,14392.3,4.15,572642.58
5,3626.7,3.0,Urban,22.2,1,7988.5,7.57,771819.75
1,668.6,1.0,Suburban,42.6,3,3154.8,8.07,110341.9
2,1143.6,1.5,Downtown,21.3,2,8028.5,4.45,315508.66
5,3005.1,4.0,Suburban,31.4,2,13160.6,2.04,638500.98
2,1794.4,2.5,Suburban,19.8,1,11999.7,5.24,362486.58
2,1596.8,1.0,Rural,40.3,3,7076.7,6.68,206554.33
3,1481.0,1.5,Suburban,10.0,1,3975.6,9.24,275808.58
4,2400.9,3.5,Suburban,29.7,3,9135.7,6.97,487480.85
3,1873.3,3.5,Downtown,28.9,2,14037.2,8.32,570642.86
6,4879.3,4.5,Urban,20.2,2,3484.9,3.02,1107710.48
3,2286.2,2.0,Rural,35.3,2,12578.6,8.42,308730.95
2,1131.9,2.5,Urban,1.4,1,3062.5,6.31,299202.33
6,5000.0,4.5,Suburban,42.1,2,13874.4,5.72,970388.94
3,1918.6,2.0,Urban,17.4,2,10705.6,3.04,474407.17
3,2449.3,3.0,Downtown,39.7,1,2528.5,2.44,610281.0
3,1789.6,2.0,Downtown,15.3,2,3833.9,5.67,505768.57
3,1256.6,2.0,Suburban,9.4,3,13976.9,8.97,351756.54
2,1282.1,2.0,Downtown,19.5,0,8105.9,2.74,388599.46
1,500.0,1.0,Suburban,39.9,1,7348.9,3.15,89078.7
3,2566.8,2.5,Suburban,35.2,1,1815.8,9.51,436034.78
4,2768.8,3.0,Suburban,20.1,3,2176.6,0.75,540810.97
3,1925.7,2.5,Rural,46.9,3,10683.1,5.11,303756.55
6,4301.7,3.5,Downtown,20.4,2,11877.1,5.52,1161517.95
3,2398.7,2.5,Rural,17.5,2,13138.1,6.92,390785.04
3,2229.8,2.0,Suburban,7.2,3,8039.3,2.34,436277.65
2,1722.8,1.0,Suburban,3.5,0,5600.0,5.93,321593.22
2,1287.1,1.0,Downtown,17.5,2,9757.3,1.54,397180.96
3,1648.0,1.0,Suburban,4.6,0,9664.3,3.04,297205.12
4,3065.4,2.5,Rural,23.1,3,1485.3,0.64,406513.07
5,3584.8,4.5,Urban,43.0,1,14143.2,4.81,859233.04
5,3535.2,4.0,Downtown,23.8,2,9995.8,2.16,996141.69
2,1716.2,1.5,Suburban,24.0,1,1090.6,1.42,310862.86
4,2597.8,2.5,Suburban,12.7,2,14434.9,3.77,573949.1
3,1679.2,2.5,Downtown,8.3,3,14337.1,1.25,576522.32
2,1460.6,2.0,Rural,11.1,0,14242.9,6.81,259805.12
4,2510.9,3.5,Suburban,28.4,2,13444.6,2.41,577751.28
3,2147.3,2.0,Suburban,29.6,1,3584.9,7.25,394523.28
2,1256.0,1.0,Suburban,11.0,0,14680.4,8.48,267497.07
3,1858.1,3.0,Downtown,19.9,1,11667.1,7.54,547801.81
3,2935.0,2.0,Rural,28.4,3,9970.6,7.75,410640.24
4,2445.1,3.0,Downtown,38.0,1,14197.4,6.62,682495.47
3,1868.1,1.5,Suburban,16.0,1,6335.2,4.07,358931.42
6,4572.1,4.5,Urban,13.6,2,14039.2,3.81,1077901.34
2,1323.0,1.5,Suburban,36.5,2,9479.6,5.9,261789.95
3,1799.9,2.0,Suburban,25.7,1,9110.2,2.86,362944.52
3,2242.8,2.5,Suburban,42.8,1,10043.3,3.77,438460.56
3,2440.6,2.0,Rural,10.6,2,11558.2,1.98,382759.19
3,2336.7,2.0,Urban,38.5,1,7228.9,7.91,477511.13
4,2564.5,3.0,Rural,8.1,2,14728.5,7.49,396032.85
4,3116.2,3.5,Urban,29.2,0,2239.3,5.28,665535.7
5,3157.9,4.0,Suburban,14.2,1,13793.5,4.01,646581.83
4,2468.2,3.5,Suburban,5.1,1,10203.9,7.12,522702.42
4,2732.7,2.5,Urban,30.8,2,13738.8,1.3,651357.44
3,1998.8,2.0,Suburban,25.3,1,6162.6,0.95,402834.84
4,2752.6,3.5,Suburban,24.3,2,12606.0,7.15,569831.47
3,2109.7,3.0,Rural,29.6,3,9623.8,5.73,341619.39
3,1494.2,2.5,Downtown,18.6,0,12635.5,7.47,448508.96
3,2463.9,2.0,Suburban,33.5,1,5550.3,3.16,440974.89
3,2050.8,2.5,Urban,6.5,1,13842.2,1.53,556848.83
3,1521.9,2.5,Urban,35.7,1,13939.4,4.58,399435.22
5,3574.4,3.0,Suburban,29.0,1,7647.5,4.55,673076.08
3,1797.7,2.5,Suburban,24.3,1,6604.4,7.71,337385.23
2,1901.8,1.0,Downtown,6.4,0,9052.7,1.66,518523.97
3,1554.3,2.5,Suburban,13.9,1,3802.6,9.49,297942.37
2,1518.8,1.0,Suburban,14.8,2,7946.9,1.03,340189.54
2,1376.7,2.0,Rural,11.7,1,13555.5,3.47,239096.36
2,1665.5,1.5,Downtown,47.7,1,6112.5,7.18,392345.13
3,2460.3,2.0,Urban,45.8,0,11304.7,7.32,503772.93
3,1714.7,2.0,Urban,27.3,1,9723.7,5.89,403814.3
4,3301.8,3.0,Urban,10.3,2,4659.5,1.17,760611.38
4,2699.8,3.0,Suburban,45.6,1,8444.7,8.64,461580.88
3,2449.3,3.0,Suburban,37.5,1,12936.3,6.53,430552.15
3,2528.8,2.5,Urban,1.9,3,8768.9,7.71,615409.5
3,2116.0,1.5,Rural,24.5,2,10755.8,4.17,282278.93
4,1953.4,2.5,Suburban,30.2,2,11855.4,2.81,424157.87
2,1218.6,2.5,Rural,3.3,1,1691.6,7.34,186843.35
1,1246.9,1.0,Suburban,2.5,2,1717.6,8.25,184259.06
4,3327.4,3.5,Rural,23.2,3,2609.4,8.22,456129.29
3,1729.0,2.0,Downtown,0.1,1,3282.0,7.31,482241.74
2,671.5,1.0,Urban,2.3,3,12360.2,1.82,282956.81
2,1363.7,1.5,Urban,8.3,0,7098.2,2.61,322357.39
5,2878.4,4.0,Urban,45.5,0,3593.7,5.25,605136.53
4,2576.7,3.0,Urban,38.3,2,8445.2,5.32,568531.62
4,3279.2,4.0,Suburban,22.5,1,11686.8,5.14,637317.05
3,2123.3,2.0,Suburban,24.0,1,2960.9,8.35,358561.12
3,2369.2,2.0,Suburban,34.3,2,5821.6,1.69,434024.65
5,3719.6,4.0,Suburban,23.7,2,3721.2,8.03,697460.35
5,2512.0,4.0,Suburban,3.2,0,10049.2,0.71,563988.37
2,1409.4,1.5,Suburban,36.9,1,2915.7,3.57,246371.47
4,3599.7,3.0,Urban,2.9,0,11935.3,2.37,828971.18
2,1401.5,1.0,Urban,24.3,3,3909.5,5.5,323770.26
2,1533.4,2.0,Downtown,43.1,2,1820.4,5.48,340478.26
3,2244.4,2.5,Urban,5.9,3,13752.2,5.31,594321.55
3,2390.4,2.0,Suburban,35.3,2,5665.0,3.24,437860.83
5,2015.4,4.0,Downtown,2.3,2,8038.4,5.46,674053.53
2,1423.6,1.5,Urban,49.7,2,2413.9,7.2,252918.46
3,1946.3,3.0,Suburban,34.1,2,7712.5,4.24,377076.52
5,3974.5,3.5,Suburban,48.4,2,4115.9,9.32,703771.29
5,3441.4,3.5,Downtown,33.4,1,12765.3,1.15,938041.6
2,1265.1,1.0,Suburban,12.1,2,10992.6,9.88,271682.79
3,2053.5,2.5,Downtown,46.3,2,10286.3,7.73,530598.24
3,1880.9,2.5,Downtown,31.3,2,11937.7,6.14,585086.01
2,1155.0,1.5,Suburban,28.8,1,5112.1,2.43,215652.57
5,3034.6,3.5,Urban,21.5,2,7351.1,6.46,738950.9
5,3547.1,4.5,Downtown,14.2,0,2212.0,8.12,962820.89
2,1523.8,1.5,Downtown,26.5,2,1949.0,2.91,402933.49
2,1563.6,2.0,Downtown,18.3,2,5607.3,0.88,443581.3
2,1695.2,3.0,Suburban,42.7,2,12518.4,4.71,346356.48
5,3573.1,3.5,Suburban,1.4,1,9367.3,3.39,664484.34
2,1443.5,1.5,Suburban,26.5,2,6943.1,3.22,247549.66
3,2221.3,2.0,Rural,41.8,0,14537.9,7.39,304083.96
3,1226.2,3.0,Downtown,1.4,1,7190.4,1.91,428638.07
3,2074.1,2.0,Suburban,14.1,1,7564.3,6.68,383326.96
2,1162.7,1.5,Rural,2.6,2,14895.4,1.08,229259.69
2,1878.1,1.5,Downtown,29.8,1,2839.1,9.24,417690.15
5,3091.3,3.5,Urban,15.8,1,4578.6,6.07,700976.32
5,3333.8,4.0,Suburban,48.0,2,7346.3,9.34,632244.52
4,2106.1,3.0,Rural,30.8,2,8998.1,8.74,299860.78
1,1143.5,1.0,Rural,28.1,0,3073.2,8.76,133401.43
3,2451.6,2.5,Suburban,45.9,0,5603.5,1.64,427881.65
3,2371.5,2.0,Downtown,11.2,0,4083.7,7.11,615101.05
3,1909.0,2.0,Suburban,28.1,3,12898.5,4.3,397887.92
5,2755.9,4.0,Rural,27.1,2,12684.7,4.86,418693.33
3,2006.7,2.5,Suburban,4.1,3,4357.7,3.15,417150.73
2,1234.2,2.0,Rural,46.6,2,7089.0,1.83,178758.34
5,3630.2,4.5,Urban,35.0,3,10123.0,3.41,883182.8
5,2230.5,3.5,Suburban,44.4,1,1674.3,5.72,429925.43
2,1532.8,1.5,Urban,49.1,2,13370.5,4.4,347287.65
3,2789.4,2.0,Downtown,24.0,2,8154.3,7.19,713172.33
3,2123.0,2.0,Suburban,40.2,0,4171.5,8.47,358809.61
3,2154.8,2.5,Suburban,28.9,0,6554.6,2.5,416141.09
2,1895.1,2.0,Suburban,48.9,0,13623.4,1.03,351922.17
3,1350.0,2.0,Suburban,12.4,2,1347.0,9.91,271351.14
5,2812.1,3.5,Suburban,0.7,1,2999.1,8.89,561403.18
3,2157.4,2.0,Urban,9.3,2,3698.3,3.02,511015.63
2,1679.5,1.0,Urban,6.4,2,1841.6,2.04,384324.11
3,2364.7,2.0,Rural,21.8,2,4153.6,9.53,303857.91
3,1719.8,2.0,Urban,3.9,3,12440.2,2.71,464021.37
4,3200.5,3.0,Urban,11.0,2,8379.1,2.61,745073.19
3,1828.2,2.5,Suburban,4.8,1,9476.1,1.54,395679.79
2,1810.6,1.5,Downtown,24.3,1,3182.4,3.24,453762.3
2,1365.8,1.5,Downtown,13.3,1,4896.4,8.49,353013.18
4,2588.8,3.5,Suburban,23.6,1,13844.8,5.91,537642.88
3,2000.6,2.0,Urban,4.4,1,3946.2,1.37,479987.3
4,3150.3,2.5,Urban,25.8,0,13694.4,9.69,704440.88
2,1389.5,2.0,Rural,6.5,2,10285.0,5.63,229566.42
3,2089.2,2.0,Suburban,5.0,2,8038.8,4.46,419987.98
3,2261.3,2.5,Suburban,15.5,2,3435.3,7.95,402056.72
5,3592.1,4.0,Rural,43.7,0,10430.4,5.82,502592.25
5,3752.5,4.5,Suburban,39.4,0,13409.6,9.01,661543.2
2,1376.6,1.5,Suburban,48.0,2,3236.9,7.17,224300.99
3,1951.7,1.5,Rural,23.0,0,1086.5,6.85,257175.28
2,1469.8,1.5,Suburban,15.6,2,11360.9,3.71,314002.92
3,2122.3,2.0,Urban,48.5,3,9406.5,9.9,468161.91
3,2317.9,2.5,Rural,19.1,2,8043.2,6.69,333148.93
5,3319.4,4.0,Suburban,0.5,2,7384.6,4.7,683673.0
5,3179.0,3.5,Downtown,41.0,1,7966.4,1.9,842694.58
3,1619.8,2.0,Urban,8.5,2,6244.2,5.78,422563.64
3,2253.5,2.0,Urban,35.9,2,2152.6,6.83,463440.93
4,2771.8,2.0,Downtown,0.8,2,11860.1,4.03,780299.88
4,3100.3,3.0,Suburban,5.5,2,7549.7,1.11,628200.72
1,991.7,1.0,Suburban,24.2,2,12549.4,8.08,202783.53
3,1605.1,2.5,Urban,3.4,2,14751.1,6.71,455065.24
3,2177.0,1.5,Suburban,44.4,2,3404.5,7.0,372926.74
2,1496.2,1.5,Suburban,37.5,2,12108.8,2.83,329227.22
2,1524.0,2.0,Suburban,16.4,1,14685.3,1.74,347983.55
1,622.9,1.0,Suburban,29.9,1,11142.1,4.79,145227.69
3,2202.9,2.5,Rural,35.8,0,4443.6,2.79,295011.45
3,2012.0,2.5,Rural,37.8,2,13550.8,7.92,322900.34
2,1165.8,1.0,Downtown,19.8,3,12105.1,5.55,378683.05
2,1516.5,1.5,Suburban,44.9,3,7290.3,1.75,278558.38
4,2591.8,3.0,Downtown,47.1,2,9015.9,2.36,705276.27
4,2604.2,2.5,Suburban,9.8,0,11106.9,8.93,513502.23
3,1944.9,2.0,Urban,45.6,2,2743.3,6.5,394284.04
3,2045.9,1.0,Suburban,35.6,2,13977.8,4.31,412149.05
5,3652.6,3.5,Downtown,44.4,1,14824.2,7.35,942549.44
2,1123.3,1.5,Downtown,21.2,2,5627.5,8.18,315925.88
2,1318.2,2.0,Downtown,33.1,2,11011.2,1.59,392143.75
3,2537.5,2.0,Suburban,11.8,2,6898.3,8.5,453446.13
2,1829.9,1.5,Urban,37.6,1,1388.3,9.49,339423.36
3,1537.7,2.0,Suburban,29.1,2,14422.0,1.36,343534.84
5,2725.9,3.5,Downtown,24.0,2,2992.5,3.58,746800.17
3,1947.8,2.5,Urban,34.6,0,2049.2,2.1,397268.32
3,2194.0,1.5,Rural,27.6,2,12720.6,4.58,352163.44
5,2191.7,4.0,Suburban,38.3,2,1474.1,2.59,408311.99
1,938.1,1.0,Suburban,42.9,1,10630.4,3.94,134141.35
2,1699.7,2.0,Downtown,40.0,2,14021.1,2.8,490148.53
3,2086.0,1.0,Downtown,15.4,1,6686.6,0.53,558955.85
3,2656.1,1.5,Urban,48.8,2,1956.9,0.68,509865.89
1,1123.9,1.0,Suburban,32.5,2,4056.1,5.39,178990.47
3,2082.1,2.5,Suburban,16.2,2,14276.5,5.38,457374.14
3,2522.6,2.0,Rural,2.1,0,7515.4,0.84,362168.71
3,2579.6,2.5,Urban,49.4,0,8579.0,7.14,537544.05
3,1847.4,2.5,Suburban,30.0,2,3184.9,0.76,361565.96
3,2080.8,2.5,Suburban,11.4,1,13852.2,5.12,434640.58
2,1345.6,1.5,Downtown,24.6,2,8239.8,4.25,359537.13
3,2123.3,2.5,Urban,19.9,2,8404.0,8.89,500205.04
2,1761.6,1.5,Downtown,47.6,2,9064.7,5.98,421968.32
5,2699.2,3.5,Downtown,24.6,0,11743.3,8.31,768131.53
3,2016.4,2.0,Downtown,24.2,2,3841.3,9.98,526539.56
3,2200.9,2.0,Downtown,39.7,1,14192.6,2.19,593797.65
4,2329.3,3.0,Suburban,19.5,2,3455.7,1.1,470118.06
3,2081.3,2.0,Rural,9.8,0,3763.8,7.86,278105.32
3,2574.8,2.0,Rural,38.4,2,1173.7,6.5,317107.94
4,2695.8,3.0,Urban,45.5,2,1275.6,6.52,552781.49
4,2929.4,3.0,Downtown,2.3,0,7003.8,3.5,802596.71
3,2549.8,2.0,Suburban,43.0,2,3561.6,1.47,441841.47
1,1144.5,1.0,Downtown,21.9,2,3966.6,7.35,300401.18
3,1860.4,2.5,Downtown,14.5,2,14831.0,5.66,578773.95
4,2288.5,3.5,Suburban,2.0,3,14010.4,5.26,572339.07
2,1880.9,1.5,Rural,10.3,1,5514.3,7.49,284766.48
2,1709.5,1.0,Urban,16.6,2,5804.2,9.89,355781.64
4,3412.3,3.0,Urban,3.5,1,5089.4,7.53,764701.85
1,903.7,1.0,Suburban,9.4,0,13351.2,9.38,165404.27
4,1892.9,2.5,Suburban,36.8,2,2376.0,4.29,354681.72
3,1435.9,2.5,Rural,34.3,0,9177.2,9.03,212975.94
3,2156.2,2.5,Urban,38.5,2,3608.2,7.41,464991.82
1,964.0,1.0,Suburban,8.3,2,11614.1,4.03,213770.11
4,2951.7,2.5,Suburban,2.2,2,9839.0,5.33,592802.49
3,2124.3,2.5,Downtown,23.4,2,6429.8,2.42,598043.96
3,2126.2,2.0,Urban,17.1,2,2373.5,1.27,486849.35
3,2092.5,2.5,Downtown,38.8,2,11743.7,4.94,598920.15
4,2498.2,3.0,Suburban,26.9,2,2078.5,9.94,459022.95
5,3435.0,3.5,Suburban,46.6,1,4832.4,8.77,583151.12
3,1764.8,2.0,Urban,3.1,2,4551.0,0.66,430100.64
3,2029.4,2.5,Downtown,18.2,1,9099.3,9.71,548548.76
5,2887.8,3.5,Downtown,20.3,1,8192.3,4.95,789512.25
3,2051.9,2.0,Urban,6.3,2,4916.4,2.2,475709.64
3,2467.3,2.5,Suburban,29.2,0,7025.3,9.19,427168.79
2,1277.0,1.0,Downtown,2.0,2,7109.1,9.29,379789.73
4,3047.0,2.5,Rural,35.6,2,9029.8,8.55,411006.64
3,2562.8,2.5,Urban,1.9,3,13575.3,6.4,658093.72
3,2391.6,1.5,Suburban,43.7,3,2987.1,2.75,437922.3
3,2218.6,2.5,Urban,3.3,0,8807.8,2.79,544825.05
2,1389.5,1.5,Downtown,22.8,1,1257.3,9.67,307787.95
3,2351.5,2.5,Rural,7.8,0,10775.1,3.15,353171.55
2,1270.0,1.0,Rural,6.7,2,9965.5,4.51,203017.56
3,2360.5,2.5,Suburban,36.1,0,10716.2,7.65,434878.96
3,2218.0,2.0,Urban,38.7,3,7649.2,8.32,493750.89
3,1971.9,2.5,Urban,37.0,0,3616.0,4.41,410643.68
4,2974.4,2.5,Urban,20.2,1,7273.1,4.26,671092.79
4,2510.4,3.5,Suburban,49.5,2,1330.4,3.89,451460.77
4,2602.6,3.0,Suburban,17.0,3,6340.1,4.19,505924.31
1,992.0,1.5,Suburban,12.3,2,12740.1,7.7,200656.49
2,1722.4,1.0,Suburban,49.8,2,5740.2,1.09,302534.89
3,2764.8,2.0,Suburban,48.9,2,9284.6,8.1,494214.98
5,3998.2,4.0,Suburban,29.6,1,4655.6,2.54,741286.64
4,2661.8,2.5,Urban,10.5,1,2879.0,2.03,625506.24
4,2878.6,2.5,Suburban,11.9,2,8292.9,1.65,599653.83
3,2478.1,2.5,Suburban,26.0,2,1500.7,2.74,446234.09
3,2042.2,2.0,Downtown,38.8,2,13662.7,8.42,542818.26
3,1775.8,2.5,Suburban,3.9,0,11880.5,5.61,396123.48
2,2121.4,1.5,Urban,34.4,0,14970.9,3.06,489917.07
1,684.7,1.0,Suburban,5.2,2,14904.6,2.27,193804.55
5,2847.8,4.0,Suburban,42.2,2,11205.8,7.81,590178.67
2,1387.3,1.0,Urban,26.6,2,11873.7,5.3,329547.22
2,1521.9,2.0,Suburban,49.5,2,8393.3,1.64,289343.97
2,1234.7,1.5,Suburban,37.6,2,4059.6,4.06,217838.89
5,3080.1,3.5,Downtown,24.9,0,12317.7,4.73,854988.98
3,2349.4,2.0,Suburban,7.1,2,4775.7,3.86,441387.56
3,2345.3,2.5,Urban,27.1,2,10099.8,3.02,573236.95
5,3114.9,3.5,Suburban,5.7,2,11232.3,3.63,630284.39
3,1925.8,2.5,Suburban,45.3,2,8900.1,7.52,347974.19
3,1763.8,2.5,Suburban,11.5,1,10278.2,9.55,387259.29
1,925.5,1.5,Downtown,43.3,1,5100.8,0.75,256644.58
2,1242.8,1.5,Downtown,15.2,2,11647.2,6.45,378273.45
4,2711.8,3.0,Suburban,11.1,1,14209.7,1.19,595889.35
4,2647.8,3.0,Downtown,15.2,1,7776.1,2.42,760294.04
3,1683.5,2.0,Urban,35.4,0,2693.7,5.67,350625.8
3,2195.3,2.5,Rural,26.3,3,9676.1,8.04,321569.83
3,2060.0,2.5,Downtown,5.4,1,5779.8,4.64,602580.96
1,919.5,1.0,Rural,6.9,2,6867.5,8.85,139400.45
2,1879.2,1.5,Urban,18.9,3,3122.8,7.3,419542.72
2,1023.5,1.0,Rural,16.9,3,9761.0,2.34,150210.38
3,2110.7,2.0,Downtown,42.6,2,12021.5,7.02,551994.68
4,1888.1,3.5,Rural,28.6,2,11730.2,3.52,311407.0
3,3008.6,1.5,Rural,9.3,1,14914.3,7.78,428140.07
2,1508.1,2.0,Rural,1.4,2,3970.8,2.69,236206.33
3,2452.0,2.0,Urban,5.1,1,13798.0,1.87,600095.61
4,2097.9,2.5,Downtown,35.0,0,11256.7,6.56,566627.03
2,1793.0,1.5,Downtown,42.4,1,10904.8,6.36,430519.63
2,1523.6,2.0,Rural,39.1,1,10572.6,5.95,190129.12
3,2014.4,2.5,Downtown,39.5,2,8537.1,2.81,543431.66
4,2318.7,3.0,Suburban,13.0,1,6301.1,2.46,471404.85
3,2006.6,1.5,Downtown,49.5,1,14206.8,9.17,513281.89
4,1535.3,3.0,Suburban,4.3,0,3115.2,5.56,330256.83
5,3394.8,3.0,Suburban,41.1,2,3463.7,4.36,619723.49
4,2841.1,3.0,Rural,4.8,2,1234.0,8.28,394739.28
3,2079.1,2.0,Rural,13.4,1,11351.4,0.98,323107.13
3,2037.7,1.5,Suburban,24.8,1,13515.8,6.92,369919.29
1,955.7,1.5,Suburban,2.7,1,3604.6,1.9,194183.67
6,4437.8,4.0,Suburban,19.7,1,1481.9,2.65,776679.65
3,1594.0,2.0,Downtown,17.5,3,4417.5,6.57,443162.49
2,1581.9,1.5,Rural,32.4,0,13371.4,3.16,208112.79
3,2822.4,3.0,Suburban,35.9,2,1226.6,7.89,498800.22
3,1791.4,2.0,Suburban,4.5,0,2416.2,5.43,345623.23
3,2283.4,1.0,Downtown,1.9,1,1349.8,3.57,592993.22
3,2703.2,2.5,Urban,38.8,2,14204.1,8.71,590365.53
3,2548.5,2.0,Suburban,26.4,1,2897.0,6.47,453069.81
4,2712.9,3.0,Suburban,26.7,2,13605.9,4.5,544942.39
3,2365.4,2.5,Rural,49.0,0,7628.1,4.81,332381.22
3,2041.6,1.0,Downtown,21.9,2,6528.0,3.05,533048.47
3,2031.0,1.5,Suburban,9.8,2,6971.2,1.53,434179.23
3,2115.0,2.0,Urban,34.0,2,6861.4,3.37,520749.68
4,2755.6,2.0,Urban,40.8,1,5784.2,3.01,591694.53
3,2219.1,1.5,Urban,25.1,3,12351.2,3.69,563130.52
3,1916.8,2.5,Rural,34.6,2,8111.9,4.96,277525.94
2,1309.8,1.5,Downtown,25.7,2,14873.7,1.1,439568.53
5,3317.6,4.0,Rural,20.4,1,8248.8,1.51,494808.82
3,2658.7,2.5,Downtown,1.7,1,12458.6,7.43,753725.07
4,2709.1,2.5,Suburban,8.7,2,11431.4,2.24,570169.57
1,829.1,1.0,Downtown,24.0,2,6615.4,3.72,230984.41
2,1915.3,2.0,Rural,19.8,2,12040.9,6.55,266403.92
3,2124.1,3.0,Suburban,42.1,1,3169.6,9.78,346545.66
4,3361.2,2.5,Suburban,5.4,1,3846.8,1.76,645867.12
3,2057.2,2.5,Downtown,2.5,1,9664.3,7.7,599600.2
5,3808.7,4.0,Downtown,4.4,0,10961.9,5.17,1061851.33
3,1763.2,2.5,Suburban,33.9,1,10013.6,1.39,352667.1
3,2028.6,2.0,Downtown,29.7,3,8132.2,2.11,566036.67
2,1343.8,1.0,Suburban,31.6,1,2926.5,7.1,210952.51
4,2418.1,4.0,Urban,7.8,1,6218.6,8.85,572700.75
2,1204.8,1.5,Suburban,25.8,2,9468.5,0.62,257911.37
4,2267.7,3.0,Urban,38.4,2,4165.0,2.62,520335.98
5,3649.0,4.0,Suburban,34.2,2,9929.7,3.9,706372.46
5,3607.5,3.5,Downtown,21.9,2,4279.9,9.89,931758.48
3,2007.4,2.5,Urban,5.2,1,2370.0,6.7,486840.56
3,1969.7,2.0,Urban,43.5,2,5540.7,3.93,420168.41
4,2663.4,3.0,Suburban,26.3,1,4818.6,2.42,519040.99
2,1259.1,1.5,Urban,44.5,1,12346.2,2.65,299147.03
3,1984.5,2.0,Suburban,21.9,3,7770.6,0.97,412391.29
1,1211.5,1.0,Downtown,11.9,2,1896.6,9.95,300052.82
3,3009.0,2.5,Suburban,15.4,2,12417.9,9.83,568966.3
2,1530.9,1.5,Downtown,20.9,0,4761.6,0.61,385155.03
2,1733.8,1.5,Suburban,30.7,1,8950.2,3.07,315583.65
3,2153.2,1.5,Downtown,38.4,2,8581.3,0.69,567571.06
3,1901.1,2.5,Downtown,12.1,0,14602.2,3.37,548020.95
3,2743.8,2.5,Rural,9.4,2,4569.1,9.06,380477.25
2,1270.4,2.0,Downtown,10.1,0,3032.6,8.81,339195.17
3,2363.4,2.5,Downtown,46.7,2,4617.9,7.01,576729.95
2,1479.1,1.0,Rural,8.2,2,9070.5,9.88,221523.38
3,1671.6,2.5,Suburban,17.3,2,4045.6,7.59,343477.35
3,2307.2,2.0,Suburban,24.3,1,5766.6,2.79,427872.4
3,1722.6,2.0,Urban,27.8,1,10212.8,8.43,378131.81
4,3013.8,3.0,Suburban,42.9,2,2630.7,5.33,556743.89
3,1829.7,3.0,Downtown,5.6,1,14234.3,5.29,627964.91
4,2535.9,3.5,Suburban,5.4,2,8452.9,8.41,553243.8
3,1927.1,2.5,Urban,15.8,1,7770.4,5.58,462216.96
3,2847.4,2.0,Rural,20.7,2,6082.6,3.61,379617.88
3,1806.1,2.0,Suburban,18.7,2,4439.3,9.32,366682.74
1,1077.2,1.0,Suburban,19.6,2,7767.6,1.2,223671.15
3,2708.6,2.0,Suburban,42.6,2,7807.8,6.75,489056.13
3,2437.0,2.5,Suburban,41.8,0,1785.7,7.96,380897.35
3,2237.1,3.0,Suburban,40.3,0,12863.4,0.99,445080.37
2,1748.1,1.0,Rural,37.8,2,12490.7,2.73,253895.0
2,1720.0,1.0,Rural,2.0,0,7269.3,2.62,267301.28
5,3634.7,3.5,Urban,7.5,0,5714.6,8.95,825749.51
3,2135.2,2.5,Rural,36.6,0,7985.0,6.68,289964.94
2,1400.9,2.5,Suburban,29.7,1,4100.1,2.56,298819.86
3,2087.7,3.0,Urban,33.7,2,1011.8,9.14,445195.39
3,1736.3,3.0,Urban,35.8,0,5960.2,2.82,422497.45
4,3151.7,2.5,Suburban,45.6,3,1252.1,6.79,553352.44
1,1176.4,1.0,Suburban,31.8,1,1569.8,4.8,189644.47
2,1416.7,1.0,Suburban,13.8,1,1412.6,1.43,301743.72
4,2640.8,2.5,Urban,4.2,1,13320.8,7.66,617667.98
1,911.3,1.0,Rural,21.6,2,3010.5,3.61,105411.02
2,1495.3,2.0,Suburban,35.5,0,4560.7,3.92,275243.25
5,3267.5,4.0,Urban,14.1,0,7863.7,2.54,789714.19
3,2383.7,2.0,Suburban,6.0,0,8410.4,8.14,449480.0
3,1949.5,2.0,Urban,49.9,2,2709.0,2.02,424827.55
2,1311.8,1.5,Suburban,20.9,1,13733.2,2.57,270942.91
1,1086.6,1.0,Downtown,10.8,1,4235.1,4.36,311403.07
2,1282.0,1.0,Rural,8.2,3,14196.2,1.91,255424.59
4,2104.2,3.5,Suburban,43.1,1,4596.3,1.57,435122.02
3,1844.3,2.0,Urban,41.0,0,1036.3,5.46,335432.88
4,2483.2,3.5,Suburban,30.7,1,14606.1,9.56,519632.91
5,4270.6,3.5,Rural,27.4,1,7772.0,8.12,579699.5
3,2486.4,2.5,Downtown,47.6,0,13302.5,2.18,675691.18
2,1568.0,1.0,Suburban,11.4,1,11280.8,6.08,315176.43
3,2411.6,2.0,Downtown,20.8,2,3506.3,8.04,595409.5
5,3714.5,4.0,Downtown,1.2,1,12833.8,1.88,1076838.38
4,2322.4,3.0,Suburban,20.9,2,1715.1,1.28,435131.14
2,1237.4,1.0,Suburban,19.2,1,8105.8,8.97,246620.25
3,1948.8,2.5,Urban,47.5,3,4557.6,2.83,434330.83
3,1832.3,2.5,Suburban,17.9,2,6062.2,5.23,372003.95
5,3634.3,4.5,Suburban,41.7,2,11598.4,2.48,718144.49
2,1385.0,2.0,Rural,38.3,2,10567.4,0.95,211723.19
3,2609.8,2.0,Urban,7.4,2,7161.2,5.38,627882.24
4,2193.3,3.0,Downtown,48.1,2,1642.9,4.63,554622.49
3,2229.9,2.0,Downtown,31.5,1,1558.8,7.4,536271.78
3,1710.4,2.0,Downtown,29.8,1,10830.9,8.65,474641.36
2,1564.2,1.5,Downtown,0.6,2,14283.6,1.85,512009.03
3,2324.1,2.5,Suburban,35.0,1,12861.7,2.13,443567.06
3,2029.2,2.5,Urban,2.8,2,2710.6,9.53,444862.52
5,3497.8,3.5,Downtown,9.3,0,2697.2,4.47,931708.56
3,1575.9,2.0,Suburban,4.9,2,9547.4,9.55,329105.73
3,1433.1,2.0,Suburban,18.9,3,10206.6,3.72,363129.76
3,2374.9,1.5,Suburban,39.8,2,9630.8,3.8,423096.26
2,1802.9,1.0,Rural,35.4,1,13395.5,7.22,262455.88
3,1701.6,2.0,Rural,5.3,2,4234.1,1.42,273994.92
4,2978.0,3.0,Suburban,39.9,2,3412.1,4.42,562020.55
4,2459.4,3.0,Suburban,23.0,1,13798.3,4.11,516158.1
3,1593.8,2.0,Urban,1.6,0,11110.1,0.84,438526.85
3,1893.8,2.0,Urban,11.2,2,10964.2,3.47,471394.64
2,1419.6,1.5,Suburban,39.3,1,5695.3,4.29,257395.39
5,3157.8,3.5,Urban,36.7,2,9790.2,1.05,763934.97
2,1147.0,2.0,Suburban,9.4,2,11173.8,0.69,292057.7
4,2118.2,2.5,Rural,1.9,1,9403.9,6.2,354871.67
3,1793.2,2.0,Downtown,14.8,2,11307.1,2.46,554022.65
5,3212.1,3.5,Suburban,39.7,1,9260.7,3.94,628584.93
4,2657.1,2.5,Suburban,46.9,2,14748.4,1.26,526176.58
4,2774.6,2.0,Urban,28.6,1,7888.0,1.46,637769.21
2,1808.9,1.0,Downtown,4.6,1,1174.6,1.97,461324.07
3,2485.0,2.0,Suburban,25.1,2,3286.8,0.78,489100.17
3,2197.7,2.5,Urban,49.9,2,14498.2,7.74,499382.38
4,2697.1,3.5,Suburban,46.9,0,7573.3,9.11,478849.34
2,1733.1,2.0,Suburban,49.7,2,2687.3,5.46,276197.31
5,2814.1,4.0,Suburban,35.0,1,3181.5,8.26,522493.21
4,2676.2,3.0,Urban,21.3,2,1405.3,1.79,607101.96
3,2070.9,2.0,Suburban,44.7,0,4168.8,4.77,375049.12
4,2157.8,3.0,Rural,44.8,2,14813.0,1.86,374401.55
3,1794.7,3.0,Urban,7.2,2,5603.4,9.96,450681.55
3,1408.5,2.5,Downtown,38.8,1,4503.5,1.05,410788.78
3,2793.6,2.5,Suburban,46.0,3,10346.7,4.72,516023.53
3,1814.1,2.0,Downtown,44.9,2,10438.8,1.57,506450.65
4,3379.5,3.0,Suburban,35.3,2,14549.7,1.15,681768.57
3,2069.0,2.5,Suburban,26.9,1,11214.4,7.48,402109.42
3,2110.5,2.5,Rural,38.8,2,2539.5,1.26,276399.85
3,1917.6,2.5,Downtown,25.8,0,14798.4,0.73,573550.75
4,2629.8,3.0,Suburban,16.1,0,11503.3,9.52,500441.53
2,1467.2,1.5,Downtown,12.9,2,4629.0,2.26,414593.12
4,3146.7,3.0,Rural,27.0,1,4656.7,8.52,428384.8
3,2269.4,2.5,Suburban,22.8,2,14440.0,9.55,469499.69
3,1878.3,3.0,Urban,26.2,2,3696.9,7.64,448809.29
2,1646.6,2.0,Suburban,13.0,2,4186.2,1.49,337223.98
3,1744.0,2.5,Suburban,29.5,0,6025.0,2.12,347584.42
4,2853.6,4.0,Rural,33.1,2,10512.6,2.2,457776.12
3,2488.9,1.0,Suburban,40.3,1,7016.1,6.71,425441.44
4,3311.0,3.0,Suburban,29.5,2,5357.7,2.21,631590.1
2,1457.1,1.5,Suburban,37.8,2,4746.7,0.78,255186.51
3,1941.3,2.0,Rural,8.5,2,2751.3,4.86,289623.37
6,2833.1,4.0,Downtown,6.1,2,8647.6,6.1,867612.87
4,3128.0,2.5,Suburban,9.0,0,4827.8,4.87,609121.13
2,1293.9,1.5,Urban,42.3,0,5640.8,5.15,219722.26
3,2134.5,2.5,Downtown,27.8,1,1109.1,4.84,546516.83
2,1372.6,2.0,Suburban,22.8,1,8437.4,3.02,289961.43
3,2152.1,2.0,Suburban,38.1,1,10749.9,9.58,399993.55
4,2545.1,3.0,Downtown,6.2,2,13985.5,8.46,741001.47
4,2822.8,3.5,Suburban,0.3,1,3759.8,3.57,567304.11
2,1039.2,1.0,Urban,15.5,2,13871.1,0.88,337438.79
5,3364.2,3.5,Suburban,12.4,2,6055.8,8.65,634886.79
3,1386.5,2.5,Downtown,15.4,1,12233.5,7.55,455327.55
3,2632.3,2.5,Suburban,48.7,2,13555.2,1.27,492906.87
3,1798.3,2.5,Rural,28.4,2,14459.1,7.13,314471.99
3,1598.6,1.5,Downtown,29.5,2,5556.2,4.8,440555.57
3,1701.0,2.0,Downtown,32.8,2,4646.4,1.74,469923.32
3,2004.6,2.5,Rural,19.9,2,7153.9,7.38,287381.13
3,2543.6,1.5,Rural,48.9,1,8765.1,3.88,323246.34
2,1547.6,2.0,Urban,48.7,1,10669.1,9.15,320138.52
4,2763.5,3.0,Downtown,38.5,2,10686.3,0.91,749417.55
3,2475.5,2.5,Downtown,10.6,1,2633.1,9.4,626390.03
2,1520.8,1.5,Downtown,44.0,2,9565.4,1.34,375150.37
4,3270.2,3.0,Suburban,5.0,3,3350.2,0.84,654993.27
5,3511.1,3.5,Suburban,31.5,0,10959.2,6.03,651978.24
5,2573.4,3.5,Downtown,22.9,0,14672.1,6.3,741765.33
3,2584.6,2.5,Suburban,2.0,0,11792.6,2.38,498975.68
2,1177.5,1.0,Rural,45.2,2,10726.3,8.82,164634.36
3,2360.2,2.5,Urban,48.1,0,2084.8,8.12,481589.74
2,1357.1,1.0,Suburban,45.4,1,3584.9,3.18,209772.37
5,3177.6,4.0,Downtown,9.6,0,5973.4,4.71,895758.93
2,1782.7,2.0,Rural,16.6,1,14068.7,7.94,280764.47
3,1774.8,1.5,Suburban,47.8,2,5632.5,8.42,299854.41
3,1843.7,2.0,Suburban,5.3,2,12392.8,8.06,430005.84
3,2643.8,1.5,Rural,29.2,2,2452.5,3.05,319097.94
4,2658.0,2.5,Downtown,24.3,3,10268.0,7.77,740665.53
3,2788.2,2.5,Suburban,7.6,2,11907.5,6.51,550119.75
2,1526.4,1.5,Urban,44.3,2,8600.9,5.5,334830.49
3,2117.8,2.5,Downtown,6.7,3,11735.8,9.65,618271.6
3,1672.9,2.5,Suburban,29.6,1,11131.3,6.18,355891.8
2,1469.2,1.5,Rural,15.9,1,7677.7,8.75,184432.41
3,1788.7,2.0,Downtown,20.9,2,13117.3,7.65,538188.86
3,1915.1,2.5,Suburban,10.6,1,5782.8,0.93,388417.78
4,2580.7,3.0,Urban,31.2,2,6955.7,3.04,612646.13
5,3018.4,3.0,Suburban,49.4,2,8558.1,6.29,550459.79
5,4362.1,3.5,Suburban,41.7,0,2829.8,4.66,735997.83
5,2580.5,2.5,Downtown,34.2,2,8214.4,9.58,713881.32
2,1544.3,1.0,Downtown,37.8,1,5537.6,6.04,379766.97
2,1762.6,1.5,Rural,42.0,1,4593.3,9.33,192009.44
3,2209.2,2.0,Urban,23.6,2,9075.7,2.46,525861.43
4,2873.8,2.5,Suburban,28.4,1,5614.4,9.03,525908.17
5,3048.7,4.5,Suburban,44.8,2,12977.1,5.6,616737.36
4,2881.6,3.5,Suburban,34.8,2,6739.7,2.53,556032.53
2,1783.6,1.0,Suburban,6.8,1,6782.5,4.21,347751.27
5,3068.3,4.0,Urban,39.0,1,14747.2,9.7,734853.63
3,1789.5,2.5,Downtown,1.1,2,5781.4,9.62,519809.67
1,1149.4,1.0,Rural,42.4,2,2840.8,0.71,148072.82
3,1781.7,2.5,Suburban,39.4,2,13272.2,3.42,370444.98
1,754.2,1.0,Rural,41.5,2,13838.0,9.04,107026.37
3,1994.1,2.5,Suburban,1.2,0,4170.3,0.81,392273.49
3,2403.3,2.0,Urban,48.6,0,13349.1,9.59,487698.92
3,2825.6,2.0,Urban,30.7,2,7923.8,4.19,621109.93
3,2156.2,2.0,Suburban,40.0,2,1608.0,1.59,357707.26
4,3004.9,3.5,Suburban,28.3,1,8683.6,3.36,555728.13
3,2347.5,2.0,Suburban,17.0,1,12882.8,8.18,454039.11
3,2481.5,2.0,Suburban,14.8,2,6553.1,9.99,460165.84
4,2798.0,3.5,Suburban,3.5,2,8714.0,1.77,575185.31
5,2964.4,4.0,Suburban,27.1,2,2968.6,6.56,600680.76
2,1400.5,2.5,Suburban,7.2,2,12790.8,9.29,314209.38
3,2040.3,2.0,Suburban,28.4,1,2496.5,9.05,341740.87
3,1785.6,2.0,Downtown,31.2,2,2322.0,4.14,451210.22
1,808.0,1.0,Rural,22.1,2,14069.8,8.72,151627.45
3,1863.1,1.5,Suburban,7.8,3,13228.6,2.32,444962.82
4,2594.3,3.5,Suburban,21.6,3,9048.2,6.51,522597.31
2,1835.6,1.0,Downtown,43.9,2,2486.2,6.18,416211.71
4,2448.0,3.0,Suburban,22.9,1,8643.8,7.94,482675.01
4,3041.2,2.5,Downtown,17.1,2,13887.6,2.68,846329.11
5,3129.2,4.0,Urban,31.5,2,9573.0,6.47,749564.27
3,1829.0,1.5,Downtown,30.9,0,3775.3,6.3,412406.71
5,3643.7,4.5,Urban,4.5,1,13681.6,1.3,910417.21
3,1631.0,2.0,Suburban,11.8,3,13116.4,3.64,368962.19
3,2116.0,2.0,Urban,24.7,1,8652.2,2.47,485463.83
2,1141.0,1.5,Downtown,18.3,1,12931.4,10.0,340687.05
1,905.4,1.0,Downtown,16.0,3,1789.1,9.91,251358.67
4,2327.3,3.5,Downtown,22.3,1,7456.5,2.9,669406.05
3,1951.5,2.0,Suburban,14.5,1,3493.2,8.18,345650.48
3,1462.4,2.0,Suburban,17.4,3,12725.6,8.26,338330.91
2,1046.9,1.5,Downtown,38.7,1,14596.7,9.39,265351.8
3,1208.5,2.0,Suburban,25.5,2,14029.8,1.73,313332.37
1,1097.7,1.0,Urban,43.6,2,8046.9,6.84,207260.69
4,2840.4,3.5,Suburban,47.4,2,8154.0,2.46,569316.34
2,1488.3,1.5,Rural,46.1,0,13715.2,6.75,211976.95
2,1214.4,2.0,Suburban,12.7,1,11104.5,8.79,267082.48
3,1991.6,1.5,Suburban,23.6,2,2044.5,1.27,363855.51
3,2318.9,2.0,Urban,26.8,1,2796.8,6.55,478518.27
3,1461.7,2.0,Suburban,42.6,1,14324.1,5.61,295254.1
3,2101.6,3.0,Suburban,28.0,1,6122.5,2.17,411178.81
5,4301.3,3.5,Rural,12.6,3,3623.0,2.76,603037.49
3,1732.1,1.5,Suburban,27.4,0,11297.5,5.44,338535.59
1,839.0,1.0,Suburban,2.2,0,13315.6,8.67,210995.09
3,2709.6,2.0,Urban,41.7,0,3891.8,6.91,529815.44
4,2608.2,2.0,Urban,28.3,2,4520.1,0.76,605167.04
3,2180.2,2.5,Suburban,32.6,0,13599.2,1.7,410131.89
2,1420.0,1.0,Downtown,10.0,2,1184.4,8.89,358934.64
4,2634.1,3.0,Rural,27.9,2,13711.3,6.7,402456.66
3,2476.3,2.0,Suburban,26.5,0,1549.7,0.67,407589.95
3,1996.0,3.0,Suburban,31.0,1,2335.6,6.16,362302.18
2,1213.2,1.5,Rural,42.4,1,13071.9,2.1,196762.43
2,1282.8,1.5,Rural,38.2,1,4477.9,9.24,116217.56
3,1865.4,2.5,Suburban,27.3,2,4145.7,1.66,366747.35
2,1483.9,1.0,Suburban,44.7,0,12817.8,1.23,259800.13
3,1994.6,2.5,Urban,17.9,2,8590.7,6.63,491777.74
3,2320.0,2.0,Suburban,24.6,2,5908.7,8.03,439196.66
3,2397.9,2.0,Suburban,32.5,1,10999.3,3.1,461432.77
5,3537.2,3.5,Rural,22.0,2,12336.4,3.36,543889.41
4,2715.9,2.5,Suburban,18.1,1,13078.8,3.89,562577.62
4,2115.9,3.0,Urban,5.6,2,2670.9,7.78,515911.24
2,984.6,1.5,Urban,31.8,1,9155.6,2.99,209128.47
2,1513.6,1.0,Urban,9.6,0,10495.1,1.34,374508.72
3,2441.7,2.5,Rural,6.9,0,2630.6,3.44,324699.53
2,1240.8,2.0,Suburban,9.1,1,9541.8,9.68,269605.3
5,2948.0,3.0,Urban,34.4,3,1447.1,4.63,643362.84
2,1532.5,1.0,Urban,6.9,1,5782.0,5.82,336660.03
3,2062.5,2.5,Rural,48.8,2,3408.2,7.74,275996.14
3,2410.5,2.5,Urban,37.9,3,8856.9,5.81,545377.38
3,2437.2,2.5,Rural,19.6,1,3675.3,6.74,307245.47
2,1645.3,1.0,Downtown,29.7,2,12048.0,8.86,410130.38
3,2171.7,3.0,Downtown,0.4,2,2696.0,4.04,642474.54
3,1695.3,2.0,Downtown,42.2,2,11609.6,1.56,479989.72
4,2884.0,3.0,Downtown,13.6,0,2384.7,1.4,749359.7
1,1012.0,1.0,Downtown,3.6,1,7193.5,7.94,272906.15
5,3470.4,4.5,Downtown,37.9,1,10779.5,6.72,914843.94
4,2910.5,3.0,Rural,16.5,2,3260.6,5.88,409754.23
3,2114.6,2.5,Suburban,28.4,0,11532.8,9.33,416054.62
4,3690.4,3.0,Suburban,42.2,2,14347.8,6.46,672949.22
1,937.0,1.0,Urban,38.8,1,6227.6,0.95,165118.74
5,3803.4,3.0,Downtown,16.8,2,1002.5,4.95,984534.45
3,1896.1,2.5,Suburban,43.4,2,7675.6,2.54,368392.74
3,2296.8,1.5,Downtown,19.4,1,13634.2,6.4,624729.98
3,2163.8,2.5,Downtown,25.0,1,10310.1,2.28,610356.34
2,1783.3,1.5,Rural,30.6,2,10846.0,6.63,226941.35
6,5000.0,4.5,Rural,3.5,3,12094.5,8.89,733217.19
1,909.3,1.0,Rural,29.9,2,13714.9,1.23,158799.97
3,1714.6,2.5,Rural,28.9,2,2747.3,2.96,251132.87
3,2074.4,2.5,Downtown,43.7,2,9262.9,6.9,545145.25
5,3690.2,3.5,Urban,17.7,1,13456.2,7.26,880693.94
2,1246.2,2.5,Urban,12.1,2,11862.4,6.07,366475.4
3,2619.2,2.0,Rural,23.8,0,4485.2,1.82,356507.76
3,2119.6,1.5,Downtown,34.4,2,13244.5,2.81,580409.98
4,2553.1,2.5,Suburban,28.1,2,5117.4,9.12,434292.19
2,1404.7,1.0,Suburban,6.9,3,6752.4,8.28,282862.55
2,1502.2,2.0,Suburban,17.4,3,3599.0,9.53,292177.72
2,1807.0,2.0,Urban,3.2,0,13393.2,4.39,451728.92
4,2651.0,3.5,Downtown,37.0,2,2302.2,4.68,691963.34
2,1346.9,1.5,Suburban,44.1,2,14917.5,2.96,282275.31
3,1797.6,2.5,Suburban,2.3,2,5601.5,5.48,399835.26
2,1675.7,1.5,Downtown,26.3,0,10951.3,8.38,410006.42
4,2575.1,3.0,Suburban,28.3,1,2802.2,2.85,478179.09
5,3089.0,3.5,Rural,21.9,1,7830.1,1.84,482206.92
3,2021.5,2.0,Urban,25.1,2,1561.8,7.63,410491.7
3,2380.0,2.5,Urban,35.5,0,13297.6,7.09,527134.33
2,1564.0,1.0,Rural,24.2,2,7250.0,8.38,179861.47
1,1093.1,1.0,Downtown,46.0,0,11398.6,7.64,235175.98
3,2391.6,2.5,Downtown,27.0,1,13523.2,4.48,662501.09
3,1914.7,2.0,Downtown,3.6,1,1960.3,1.99,501017.23
3,3144.1,2.0,Suburban,47.7,2,8160.2,7.29,539703.38
5,3591.4,4.0,Suburban,7.3,2,3653.6,8.84,682195.51
3,2449.7,2.0,Downtown,39.2,0,1966.1,1.95,586869.64
3,2260.6,2.0,Downtown,26.3,1,9708.5,5.43,603598.22
3,2433.0,2.5,Urban,37.0,2,2597.4,3.62,513856.1
3,2277.6,2.5,Suburban,25.7,3,7887.1,5.43,448069.32
3,1629.6,2.0,Rural,2.9,2,3756.9,0.8,288813.33
3,2065.4,2.0,Downtown,18.7,2,3768.1,3.86,551373.63
3,1765.9,2.5,Suburban,31.0,3,8321.9,5.1,347827.54
4,2494.1,3.0,Urban,31.4,2,8775.5,1.93,584221.38
5,2927.9,4.0,Rural,48.7,3,1048.7,4.37,410203.72
3,2365.8,2.5,Suburban,30.3,2,8010.8,2.17,474808.56
1,979.0,1.0,Downtown,14.3,2,10376.5,2.55,300219.96
3,2136.0,2.5,Downtown,2.2,2,10499.2,9.79,609390.33
3,2397.7,2.0,Urban,39.4,1,12898.3,6.22,530998.39
2,1460.8,1.5,Suburban,44.5,3,13534.2,4.2,302619.29
4,2748.3,3.0,Suburban,30.7,0,9720.1,5.45,524153.85
6,4112.1,4.5,Downtown,24.1,3,7745.6,4.14,1111379.25
5,3883.6,3.5,Suburban,43.0,1,3857.5,6.22,687916.86
2,1397.0,1.5,Suburban,12.0,0,2774.7,0.5,266848.08
4,2342.7,3.0,Rural,19.9,2,9527.4,2.74,362724.54
4,2189.7,2.5,Urban,25.4,1,14252.2,9.89,550093.95
3,2594.5,1.5,Suburban,2.5,2,4895.0,1.57,504629.69
3,2711.1,1.5,Suburban,34.4,0,2392.3,1.25,435497.56
4,2027.5,3.0,Downtown,9.4,3,6934.1,5.19,636653.61
3,2264.0,2.5,Suburban,16.7,2,1006.8,3.26,399486.66
3,2743.0,3.0,Downtown,20.7,0,8750.0,5.57,708746.29
3,2175.5,2.0,Urban,31.9,0,1692.7,9.63,418181.6
3,2452.9,1.5,Suburban,3.3,2,14033.5,1.7,521080.03
2,1799.9,1.5,Suburban,17.0,3,13179.1,4.68,426149.36
5,2752.7,4.5,Suburban,13.7,2,2608.6,7.71,557962.4
3,2010.4,2.0,Downtown,0.1,1,3056.6,2.03,582929.29
3,2232.3,2.5,Suburban,34.6,3,14348.3,7.26,475103.84
2,1783.9,1.5,Rural,11.8,3,12389.7,4.3,266671.31
3,2455.6,2.5,Suburban,8.3,2,14188.3,6.4,532477.3
2,1601.8,2.0,Suburban,39.9,2,5683.0,5.49,278822.18
2,835.3,1.0,Suburban,2.0,0,2553.4,4.78,167520.32
3,1554.6,2.5,Suburban,45.0,1,9615.4,5.05,338224.95
3,1610.2,2.0,Suburban,34.3,3,14533.9,1.9,371509.55
3,2129.6,2.0,Downtown,8.6,1,2819.5,4.62,552453.47
2,1720.7,1.5,Suburban,17.5,1,12464.5,7.65,344107.51
3,2135.5,3.0,Urban,47.5,2,6034.6,9.02,439782.97
2,1210.8,2.0,Rural,30.9,1,2617.1,6.45,177092.29
6,4367.6,3.5,Downtown,30.4,2,7426.5,8.36,1116314.57
3,2303.4,2.0,Downtown,32.7,0,7842.3,5.32,534185.43
3,1542.6,2.5,Rural,23.1,2,1127.2,2.55,227447.16
3,1932.8,2.0,Suburban,8.4,2,7642.3,7.38,385958.47
2,1405.9,1.5,Rural,7.5,2,10064.7,7.17,234135.94
5,4335.0,3.0,Suburban,34.4,1,11705.3,0.57,782788.58
3,2736.2,2.0,Suburban,44.2,1,2379.8,5.06,455185.55
3,2080.1,1.5,Suburban,15.0,2,13271.5,9.4,406782.62
3,1730.6,1.5,Downtown,25.2,2,3348.4,9.85,432680.23
1,943.5,1.0,Suburban,49.6,1,10216.0,4.84,171459.74
4,2389.2,2.5,Downtown,12.9,1,8736.9,7.36,680712.77
3,2128.7,2.0,Suburban,19.5,1,13320.1,0.67,459283.2
3,1426.8,2.0,Urban,18.2,1,1541.0,3.05,324439.46
2,1653.9,2.0,Suburban,1.6,2,3681.9,7.36,335198.86
2,1451.1,1.0,Downtown,25.5,2,2707.5,6.7,355686.64
4,2778.2,3.5,Rural,10.4,2,5585.7,6.78,434660.26
3,1416.2,2.0,Downtown,6.4,0,5743.9,7.12,399661.41
2,1719.5,1.5,Suburban,35.5,3,2240.6,4.58,280083.84
2,890.0,1.5,Urban,38.3,2,8200.5,9.41,219474.14
3,2685.3,2.0,Suburban,44.4,1,2627.4,3.98,465571.47
3,2063.5,2.0,Urban,46.7,0,2040.9,9.07,390295.64
3,2133.6,2.0,Suburban,43.5,2,1464.4,1.07,357350.84
3,2058.0,2.5,Suburban,6.1,2,14008.0,8.57,479742.93
2,1257.0,1.5,Rural,11.2,2,6554.3,3.38,204443.73
3,2135.7,2.0,Suburban,6.1,2,4971.6,6.77,408757.51
5,3624.4,4.0,Suburban,17.7,1,7751.8,1.02,727481.06
2,853.9,1.5,Suburban,6.2,1,3207.7,1.26,220560.79
3,1757.8,3.0,Suburban,32.7,0,6686.2,1.04,323301.81
3,1945.1,2.5,Suburban,35.8,3,3667.6,5.11,379453.53
3,2115.9,2.5,Downtown,8.0,2,5261.5,4.45,620469.57
3,2541.6,2.5,Downtown,31.1,3,13939.0,3.53,718847.25
4,2146.9,2.5,Suburban,1.1,0,3081.8,4.74,427088.28
3,2112.3,1.5,Downtown,21.7,2,7633.8,3.48,566710.21
3,1342.2,2.0,Downtown,14.3,2,10252.0,8.78,445812.13
3,2498.8,2.5,Suburban,49.9,0,13852.0,5.85,432648.46
2,1374.9,2.0,Urban,46.1,2,13922.2,3.45,337909.86
2,1504.6,1.0,Downtown,7.4,2,4461.6,4.82,441246.68
4,2686.2,3.5,Suburban,45.9,3,14204.2,8.74,527986.83
2,1611.0,1.0,Suburban,20.9,0,5639.5,4.39,255052.29
3,1927.6,2.5,Urban,28.8,2,13528.9,4.56,489316.22
3,3024.1,2.5,Suburban,26.7,3,2304.9,3.71,563862.94
3,2203.5,1.5,Rural,36.3,2,3776.9,2.97,290919.14
3,1977.8,2.5,Suburban,16.7,1,2106.0,4.98,366141.49
3,1819.3,3.0,Downtown,3.5,0,5186.4,7.5,525251.18
2,1285.6,1.5,Suburban,20.9,3,13233.9,4.0,335505.4
3,1874.3,2.5,Urban,27.2,0,3229.8,2.65,410318.38
3,1846.0,3.0,Suburban,27.7,3,4147.9,6.77,403579.58
3,2176.9,2.0,Suburban,39.6,1,4026.6,8.18,373717.81
3,2138.1,2.0,Urban,2.2,2,4845.8,0.71,513063.46
3,1953.9,2.0,Suburban,49.4,2,1261.5,6.51,349288.66
2,1754.4,1.5,Rural,49.5,3,6933.9,9.06,218706.43
2,1401.7,1.5,Suburban,5.0,1,14668.1,1.34,304280.13
1,760.2,1.0,Suburban,17.2,2,7273.2,9.04,158090.88
4,2273.7,3.0,Rural,29.5,1,12386.8,1.62,348898.51
2,1225.7,1.5,Urban,18.7,2,9000.0,9.97,326824.88
2,1647.0,1.5,Suburban,24.4,2,1208.4,5.36,294544.8
3,2067.6,2.0,Rural,16.3,0,9197.1,7.43,285328.81
2,1785.5,1.0,Suburban,35.6,2,14251.2,1.1,363318.76
3,2416.6,1.5,Suburban,18.2,1,8749.1,1.47,457095.31
2,1337.1,1.5,Rural,21.5,2,8391.1,9.65,201302.06
2,1469.5,1.0,Downtown,28.8,2,10383.2,9.89,345068.89
3,2545.6,2.5,Suburban,48.5,1,13192.4,3.13,455078.59
3,2242.7,2.0,Suburban,32.1,0,8906.6,3.75,410839.51
4,3142.5,3.0,Urban,4.8,0,6690.1,0.59,711026.01
3,1945.9,2.0,Downtown,15.9,1,1519.1,9.58,476327.28
3,2381.7,2.0,Urban,21.0,1,2554.9,9.22,509699.15
3,1434.1,3.0,Suburban,37.0,2,10082.1,1.6,331943.95
2,1025.5,1.0,Downtown,22.3,2,9665.1,3.97,329542.27
3,2005.0,1.5,Rural,33.0,2,4346.4,9.68,260759.84
3,1759.2,2.5,Downtown,42.0,2,11064.9,1.69,498416.13
3,1788.3,2.0,Suburban,5.2,2,4915.3,8.8,381765.01
3,2107.6,2.5,Downtown,38.3,0,5269.6,2.42,528180.2
4,2975.7,3.5,Urban,37.3,2,1859.6,1.15,646421.12
6,3420.3,4.0,Urban,41.0,0,8703.9,1.85,810688.07
3,1541.6,2.5,Rural,47.8,1,5027.7,7.24,206950.58
3,1909.0,2.0,Suburban,15.5,0,12465.1,1.8,409367.18
2,1107.9,1.5,Suburban,21.5,2,12220.5,0.54,268965.08
3,1539.5,2.0,Urban,13.1,1,2798.2,7.87,370301.84
3,1785.4,2.5,Suburban,16.4,0,3239.9,6.73,343932.48
3,2106.2,2.0,Urban,16.5,0,5493.9,8.84,449707.41
5,2975.8,3.5,Urban,43.5,1,9132.0,5.99,670903.98
3,2361.6,1.5,Downtown,3.1,2,5795.2,0.93,663273.73
3,1495.1,2.5,Downtown,10.1,2,5903.6,0.71,481135.67
3,1999.0,2.0,Urban,30.5,0,2960.8,7.96,404496.64
4,3405.6,3.5,Suburban,38.3,0,5698.4,8.95,586856.64
3,1704.5,2.0,Suburban,34.9,2,7585.7,8.1,320425.62
3,1937.9,3.0,Suburban,2.3,3,14786.1,4.05,443952.98
3,1551.1,2.0,Suburban,22.7,2,12731.5,6.79,346791.93
4,2099.7,3.5,Suburban,9.2,2,12101.7,1.24,481100.74
1,1018.8,1.0,Suburban,49.4,2,8837.5,7.32,167303.37
4,2703.6,3.0,Suburban,49.9,0,6041.3,2.87,477145.88
3,2148.4,2.0,Downtown,2.5,3,12997.2,9.38,647655.65
3,1579.3,2.5,Urban,33.4,0,5864.0,3.71,360401.27
3,2242.2,2.5,Urban,40.7,2,9299.1,3.72,520017.07
3,2588.7,2.0,Suburban,16.2,3,4600.5,3.22,480938.63
1,1103.9,1.0,Suburban,34.7,1,11869.7,6.52,199586.99
4,3110.5,2.5,Downtown,9.4,1,8203.5,1.42,844812.77
3,1634.0,2.0,Downtown,6.4,2,13532.4,1.01,531976.03
3,2117.6,2.5,Downtown,46.3,2,8964.6,7.11,533787.83
2,1731.6,1.5,Downtown,32.1,3,3300.3,9.48,411943.83
3,1662.4,2.0,Urban,40.8,2,14901.3,7.57,412236.3
3,1661.8,2.0,Rural,26.6,1,8027.5,2.87,233107.87
3,2458.2,3.0,Downtown,7.7,2,4509.9,3.94,700018.39
3,2221.3,2.5,Downtown,18.8,2,5610.0,2.43,605504.71
3,1707.6,2.5,Rural,44.1,2,2697.3,7.0,229433.64
5,3693.6,3.5,Urban,0.8,0,2035.2,2.75,845039.98
3,1920.9,2.0,Suburban,10.4,2,7307.9,5.93,369604.61
4,2947.3,2.5,Rural,12.7,3,14326.2,8.47,471036.28
2,1700.4,1.5,Suburban,13.1,2,2721.7,5.41,302925.33
3,2324.0,2.0,Urban,4.9,0,13638.1,6.14,578527.44
3,2698.2,2.5,Urban,42.4,1,12154.3,9.7,587056.94
3,1778.0,2.0,Downtown,8.0,1,12290.0,3.53,516616.71
4,2819.7,3.5,Suburban,41.5,2,10939.3,8.08,539569.25
2,990.1,2.5,Downtown,17.8,2,9285.7,7.02,325302.95
2,1830.3,1.5,Suburban,22.9,0,2699.4,1.58,338731.78
4,2746.6,3.5,Downtown,23.1,2,9059.1,9.9,759746.34
2,1441.3,2.0,Suburban,35.7,2,5927.7,7.05,237623.61
3,1765.4,1.5,Suburban,36.6,1,2474.3,0.63,330006.39
3,2293.9,2.5,Suburban,32.0,0,12253.6,7.36,436962.17
4,2921.3,3.0,Downtown,38.7,2,8651.7,1.77,788199.08
2,1208.2,1.5,Urban,0.4,2,11429.4,3.29,354675.02
2,1804.5,1.5,Suburban,25.2,2,7713.1,3.81,320437.08
3,2022.1,2.5,Urban,26.2,2,8724.0,3.44,514853.86
5,3768.7,4.0,Urban,12.0,1,10972.8,7.57,880494.68
3,2078.0,2.5,Downtown,27.8,3,4457.3,7.66,579355.83
3,2268.9,2.0,Suburban,23.4,2,12858.7,5.52,453495.97
3,2212.2,2.0,Urban,23.6,1,6893.3,5.89,488453.12
5,3663.7,3.0,Suburban,5.9,3,10918.9,3.48,713813.2
4,2879.2,3.0,Rural,21.8,3,5565.1,0.72,418854.13
6,4435.7,4.5,Suburban,38.3,1,10834.6,3.84,858121.24
1,700.5,1.0,Suburban,20.5,2,1609.3,0.59,149756.33
2,1606.5,1.0,Urban,24.4,0,14009.7,8.72,363071.94
3,1705.4,2.5,Downtown,48.4,1,12016.5,6.59,469308.2
4,3427.6,3.0,Suburban,43.6,1,10307.3,9.8,607738.95
3,1971.9,2.0,Downtown,46.4,1,5534.4,2.24,480817.51
2,1424.3,1.0,Suburban,3.9,2,12796.2,6.75,300435.35
4,2763.7,3.0,Downtown,30.9,2,11747.6,2.29,769488.63
2,1191.9,2.0,Suburban,11.2,3,7343.2,6.57,276411.99
3,2204.3,2.5,Urban,20.2,1,3764.3,5.17,481087.3
3,1967.1,2.5,Downtown,34.0,2,3457.2,6.81,506931.35
3,2853.5,2.0,Urban,28.9,2,7834.7,7.39,616094.48
4,2212.0,3.0,Downtown,25.3,2,11967.7,5.47,653487.65
3,1894.7,2.0,Downtown,40.7,2,11002.5,5.19,490328.44
3,1650.6,2.0,Rural,34.1,2,7909.9,1.16,235950.97
3,2362.2,2.0,Downtown,41.1,2,3862.0,3.96,577789.56
3,2006.1,2.5,Downtown,46.6,3,4349.2,3.37,492964.93
3,2029.6,2.5,Downtown,35.6,2,1806.9,6.44,524970.7
3,2571.0,2.0,Suburban,19.8,2,3475.1,3.12,492369.55
2,1345.4,2.0,Suburban,10.6,1,1178.6,2.71,276495.06
2,1647.9,1.5,Downtown,13.5,3,10442.9,8.56,480986.66
2,1426.5,1.5,Suburban,19.8,2,9235.4,8.37,265829.25
3,2069.2,2.5,Suburban,37.0,2,14831.4,3.62,432194.68
4,2196.8,2.5,Suburban,2.0,0,11678.8,1.31,495600.62
4,2471.3,2.5,Rural,40.7,2,4447.4,5.23,321940.11
4,2797.4,3.0,Suburban,37.9,2,10910.5,4.79,580092.63
3,2525.5,2.0,Suburban,25.0,2,1170.4,8.76,448532.36
3,1677.2,2.5,Suburban,20.0,0,14806.2,5.7,346055.55
3,2698.3,2.0,Downtown,5.6,2,9602.1,9.46,710397.56
2,1683.2,1.5,Urban,14.5,0,2675.4,5.09,343408.44
2,1452.6,1.5,Suburban,5.5,0,7979.3,6.84,283585.19
3,2602.1,2.5,Downtown,40.9,1,14168.6,5.06,679254.48
6,4077.6,4.5,Downtown,25.5,0,12895.8,3.55,1074022.38
2,1446.5,1.0,Suburban,12.3,1,5184.9,0.76,260700.57
1,1075.0,1.0,Urban,0.9,2,6546.0,8.04,265861.66
4,2591.4,2.5,Urban,26.2,2,12949.8,9.08,617653.62
3,1877.0,2.0,Suburban,37.6,1,13600.2,7.47,377066.39
4,2839.8,2.5,Downtown,38.3,2,13804.4,3.09,766568.63
4,3162.4,3.0,Suburban,10.7,2,14270.5,8.26,637982.33
5,4042.8,4.0,Urban,49.8,3,8007.6,6.32,894330.47
3,2358.6,2.5,Suburban,28.4,0,13061.3,6.99,434681.9
3,1788.2,2.5,Downtown,16.6,0,5857.6,1.13,511706.0
3,2150.4,2.5,Downtown,19.6,2,12733.5,6.03,632474.14
3,2260.0,2.0,Suburban,6.2,1,5864.5,5.83,468473.71
3,2631.4,2.0,Downtown,24.7,2,9516.5,6.79,703916.88
2,1401.8,1.5,Urban,37.7,2,7558.5,7.83,281298.67
3,1962.5,2.0,Suburban,20.5,2,13501.1,4.34,428758.39
3,1858.2,2.0,Rural,43.3,0,1931.3,1.97,211630.31
4,2878.6,3.5,Suburban,23.8,2,14283.1,9.28,604640.09
4,2303.8,3.0,Suburban,45.0,1,7469.3,7.88,420817.1
3,2435.7,3.0,Suburban,35.2,1,7739.5,5.63,456977.9
2,1568.9,1.0,Suburban,2.8,1,12589.4,3.87,352278.65
4,3248.6,2.5,Downtown,3.4,3,10326.5,9.85,901935.16
3,2215.2,2.5,Rural,40.0,1,14351.9,1.39,342405.56
4,3167.8,3.0,Suburban,17.8,2,8652.6,9.38,593043.04
5,3774.5,3.0,Downtown,9.5,2,8821.1,4.34,1010998.4
2,1458.9,1.5,Suburban,43.3,2,14603.8,1.42,300493.87
4,2361.2,4.0,Downtown,49.2,2,13970.2,4.1,699544.41
1,654.2,1.0,Suburban,40.4,2,3921.7,7.62,97980.18
3,2278.4,2.5,Downtown,36.3,1,5297.2,4.54,599310.12
3,1745.9,2.0,Downtown,0.0,2,9754.7,5.18,552589.66
2,1938.5,1.5,Urban,5.3,2,14151.3,8.32,476538.7
4,3340.4,3.0,Urban,33.5,1,8887.0,6.35,728685.74
1,716.0,1.0,Suburban,20.5,2,11259.5,6.85,156066.95
2,1526.8,2.0,Suburban,1.0,2,2316.0,1.96,326961.79
3,2295.1,2.5,Downtown,37.0,2,8316.7,2.9,607747.12
4,2844.5,3.0,Downtown,20.9,2,3066.4,4.41,757628.02
5,3951.3,3.0,Suburban,32.9,1,4648.8,1.54,734622.22
4,2024.1,2.5,Urban,23.4,2,3328.3,3.15,491722.65
3,2009.9,2.5,Downtown,1.3,0,3322.8,8.42,535695.29
3,2012.4,2.5,Suburban,31.8,1,14883.9,0.71,419211.25
1,713.3,1.5,Rural,39.4,2,5175.4,0.98,125203.07
2,1354.1,1.0,Urban,7.8,2,8916.8,7.03,342616.85
3,2286.0,1.5,Downtown,44.6,1,1281.2,4.17,527359.02
3,2186.5,2.5,Suburban,9.1,2,12289.4,7.84,449860.89
3,1564.5,2.0,Rural,21.1,3,10523.2,9.35,233435.17
4,4215.4,2.5,Downtown,26.4,1,4202.9,3.03,1046821.13
3,2474.0,2.0,Suburban,15.7,0,1504.8,0.85,456509.57
2,1721.7,1.5,Suburban,25.0,2,4844.1,4.83,299275.9
2,1373.8,2.0,Suburban,35.9,1,9800.1,9.66,267444.92
4,3105.5,3.5,Downtown,35.7,2,1212.8,5.68,804714.9
4,2590.8,2.5,Urban,46.1,2,2055.0,4.09,542859.0
4,1819.7,3.5,Downtown,43.1,2,6730.9,5.74,522766.2
2,1207.1,1.5,Suburban,49.3,1,3464.0,2.07,226368.86
6,4226.5,4.5,Suburban,29.8,1,9845.3,7.64,821608.57
2,1907.1,2.0,Suburban,20.0,1,3445.2,6.96,326941.18
1,981.7,1.0,Urban,12.0,1,14910.6,7.38,253117.76
6,4592.0,4.5,Rural,12.2,2,7101.4,3.37,664110.92
3,2051.4,2.0,Rural,7.5,1,3076.4,8.23,290922.35
3,2094.0,2.5,Downtown,36.3,1,2033.7,8.98,508651.49
2,1978.6,1.5,Suburban,32.7,1,6887.8,9.58,313273.0
3,2691.8,2.5,Urban,14.6,3,12327.3,6.57,643183.94
5,4088.9,4.5,Suburban,44.6,0,7143.7,3.81,712265.43
3,1808.7,2.5,Urban,27.6,1,2975.1,4.18,419028.31
3,1837.6,2.0,Rural,3.5,1,7841.9,5.87,285323.68
2,1283.4,1.5,Suburban,3.1,3,5723.2,5.97,280921.28
3,2334.5,1.0,Urban,7.2,1,8026.2,8.03,508728.0
3,2136.6,2.0,Downtown,10.6,2,6475.9,1.31,603995.23
2,1571.6,2.0,Rural,44.4,1,10070.4,5.88,220567.14
3,2437.7,2.5,Urban,38.9,0,12250.7,3.81,524077.41
2,1919.7,1.0,Suburban,10.1,1,13410.3,8.42,359005.82
5,3236.8,4.0,Urban,12.4,2,11378.1,3.84,794369.85
3,1957.0,2.0,Urban,31.8,2,5970.3,4.94,403797.33
2,1796.8,2.0,Suburban,43.6,2,7278.4,2.66,355373.2
3,2543.5,3.0,Rural,15.8,2,9984.7,3.31,397866.05
3,2102.2,2.5,Downtown,26.3,0,4077.6,5.78,515868.8
4,2917.1,2.5,Rural,44.5,0,10824.7,4.55,396326.78
5,3627.2,3.5,Downtown,38.5,2,10097.1,2.41,953199.67
3,1993.3,3.0,Suburban,44.6,1,10190.8,5.0,391248.91
4,2448.8,2.5,Downtown,13.9,3,5666.6,2.07,740745.4
3,1818.2,2.0,Suburban,34.5,3,9421.9,8.88,372165.99
2,900.3,2.0,Suburban,5.7,0,3768.2,9.28,154863.05
3,1905.6,3.0,Downtown,30.8,2,3655.7,2.65,503931.11
3,1940.7,2.5,Rural,15.2,0,11759.3,1.0,283790.01
3,2475.5,2.0,Suburban,35.1,1,6313.8,9.31,419320.87
4,2863.9,3.0,Suburban,7.1,2,8624.4,3.46,582229.87
3,1721.5,2.5,Rural,33.3,2,5098.4,2.29,278105.06
5,2745.8,4.0,Urban,35.4,0,4302.0,9.23,590697.31
4,2989.9,3.0,Urban,42.9,1,11918.1,8.88,659683.55
3,2554.4,2.5,Downtown,34.4,0,12118.5,1.01,634763.18
3,2584.6,2.0,Urban,26.1,1,12708.0,2.47,579623.9
3,2411.9,3.0,Suburban,39.2,2,12962.2,8.22,447982.71
6,3029.2,4.5,Rural,14.2,2,6759.3,3.04,451565.76
3,2040.0,2.5,Urban,33.9,2,12325.5,6.85,501856.08
1,1144.4,1.0,Urban,36.2,1,5843.1,0.88,224297.34
3,2216.1,2.5,Urban,19.6,1,1735.3,8.5,478656.92
3,1615.3,1.5,Suburban,49.4,0,10650.7,4.51,264597.19
2,1526.2,1.0,Urban,17.8,3,3785.4,4.97,365538.37
1,1005.1,1.0,Suburban,4.2,0,7320.6,8.18,175254.61
3,1732.7,3.0,Downtown,15.2,1,3294.2,4.81,508775.15
3,1216.9,2.5,Suburban,5.0,0,6481.5,1.49,301935.77
3,2094.5,2.0,Suburban,17.0,1,13388.1,5.29,430461.17
3,2158.8,2.5,Urban,6.4,2,9584.1,4.84,550300.13
2,1220.3,1.0,Suburban,22.0,1,3073.9,4.78,199963.1
3,2169.7,2.5,Suburban,38.9,2,11157.0,2.33,405122.15
3,2297.6,2.5,Urban,3.4,3,12869.8,2.06,614167.0
2,1505.0,2.0,Suburban,28.2,2,3329.5,7.89,276335.6
3,1732.8,1.5,Downtown,2.2,1,11417.4,6.38,510497.99
3,2110.9,1.5,Downtown,44.2,1,8687.8,0.56,520316.88
2,1177.8,1.5,Downtown,46.1,2,9459.7,8.44,288085.07
2,1433.3,1.0,Downtown,24.6,3,14146.3,1.65,421721.21
2,829.9,1.0,Downtown,38.5,2,1511.9,7.51,198798.82
4,2652.2,3.0,Suburban,29.6,1,9943.1,1.41,513314.94
4,3207.7,2.5,Downtown,17.0,0,2140.9,9.73,761407.37
4,2227.8,4.0,Downtown,12.3,2,12054.2,9.05,704120.95
4,2976.2,3.0,Rural,37.9,1,13545.9,2.24,424389.45
3,2547.0,2.0,Rural,21.5,1,2211.4,0.58,334822.07
3,1081.8,2.5,Suburban,46.0,2,1361.8,1.07,233207.25
3,2009.7,1.5,Downtown,48.8,2,14379.4,8.18,504956.69
1,500.0,1.0,Urban,10.5,0,13971.4,1.23,160816.52
3,1948.6,2.5,Suburban,28.1,1,13932.5,7.89,366987.35
4,3097.5,3.0,Downtown,26.8,0,14155.6,8.29,819726.49
3,1325.8,2.5,Suburban,43.4,1,8001.4,3.42,259044.07
3,2882.2,2.5,Downtown,34.5,2,14676.6,7.48,792710.45
3,2438.4,3.0,Rural,30.4,2,13492.4,8.29,354678.27
3,1817.8,3.5,Urban,34.0,1,2367.3,7.92,417372.31
3,2594.9,2.0,Suburban,19.5,2,12377.9,2.32,501491.0
4,1997.1,2.5,Suburban,48.0,1,10974.2,4.77,399156.55
3,1489.4,2.5,Suburban,2.9,2,2877.4,1.15,358825.5
4,1547.4,2.0,Rural,1.5,1,11330.9,5.49,264920.15
3,2647.6,2.5,Suburban,20.8,1,7788.9,4.7,493323.25
4,2769.2,3.0,Downtown,7.7,0,12953.5,9.07,768276.4
3,2581.6,2.5,Downtown,27.2,1,12463.2,0.67,713326.98
3,2154.8,2.0,Downtown,0.5,0,14192.6,5.54,642567.12
3,2564.8,2.5,Rural,23.0,2,2053.9,7.46,336048.87
4,2659.8,3.0,Rural,14.7,1,10943.4,4.91,419303.97
5,3722.3,4.0,Suburban,10.1,2,6279.0,2.76,738063.54
2,1597.5,1.0,Downtown,22.2,2,11863.9,6.29,464167.95
2,1462.8,1.5,Suburban,42.7,2,9435.9,9.88,264579.82
5,3199.9,4.5,Urban,32.8,1,7938.1,0.89,743558.12
3,2268.6,2.5,Suburban,8.0,0,1059.3,2.36,432063.55
3,2387.1,2.5,Suburban,24.9,3,9500.4,5.16,476303.72
3,1634.9,3.0,Downtown,46.6,2,6885.3,6.18,443222.81
2,1180.1,1.0,Suburban,22.0,2,5655.4,6.43,232903.38
4,3096.1,3.5,Urban,23.5,1,14842.8,1.07,743558.62
4,2820.2,3.0,Suburban,47.1,1,10805.1,1.67,528850.01
3,2403.7,2.5,Suburban,6.8,2,8558.4,9.47,468186.35
3,1989.5,2.5,Urban,36.8,0,13162.1,1.22,484078.49
4,2157.8,3.0,Urban,15.0,2,4179.4,4.48,527955.6
2,1337.2,1.5,Downtown,43.3,2,9678.7,5.98,352229.58
4,2674.6,3.5,Suburban,2.7,2,13052.9,3.48,588268.63
3,2061.0,1.5,Urban,49.5,2,2730.2,2.93,423343.13
3,2451.1,2.0,Suburban,38.4,2,4305.2,3.26,427750.09
5,3595.1,4.0,Urban,14.2,2,2156.9,3.18,849478.05
3,2709.6,2.0,Suburban,38.0,2,14894.2,4.1,531206.36
3,1860.4,2.5,Downtown,46.1,1,9132.8,1.6,527279.22
3,1508.8,1.5,Downtown,5.6,2,7852.8,8.61,434426.19
3,2226.0,2.0,Suburban,45.7,2,5738.1,7.71,388614.98
3,1776.0,2.5,Suburban,18.0,2,7292.3,0.82,357985.46
6,4173.5,4.0,Rural,0.3,2,11862.0,7.73,612124.87
4,2439.6,2.5,Suburban,5.6,1,13834.0,8.37,519982.52
3,2824.4,2.5,Suburban,44.2,0,2469.2,9.26,450657.62
3,2696.7,2.5,Urban,49.1,2,5194.8,6.32,543506.41
1,751.5,1.0,Suburban,44.8,3,3647.8,8.6,127509.1
1,1006.3,1.0,Urban,22.1,2,7096.8,7.71,231352.6
3,2347.8,2.0,Urban,48.1,2,8426.8,0.74,480203.44
4,3309.4,3.0,Suburban,20.3,2,11097.9,8.2,650996.26
3,1942.9,2.5,Downtown,5.7,3,13259.2,6.02,621551.48
4,2351.3,2.5,Rural,17.0,2,8589.8,6.68,347796.79
1,684.0,1.0,Suburban,49.9,1,7842.8,8.91,75063.55
3,1948.1,2.5,Urban,31.3,2,9060.5,0.6,487094.96
2,1800.7,1.5,Urban,17.0,2,13437.7,1.52,448354.47
3,2240.0,2.5,Suburban,31.2,1,10079.6,5.95,423961.02
2,1517.1,1.0,Suburban,21.5,2,12023.2,4.39,309320.85
5,3572.3,4.5,Rural,2.5,0,11072.9,4.47,551500.74
2,1402.5,1.5,Urban,10.1,2,13929.1,3.47,392348.18
5,3776.9,3.5,Urban,1.0,2,12437.1,8.28,930305.19
3,2728.8,2.5,Suburban,12.7,1,5776.9,1.48,491429.83
6,3576.2,4.5,Rural,37.0,2,12961.2,5.56,532063.74
3,2507.9,2.5,Urban,9.7,0,7544.2,4.85,587631.89
5,2845.0,3.5,Urban,26.4,1,12861.1,5.74,726182.44
1,1066.1,1.0,Downtown,35.1,2,13680.4,0.98,333084.87
4,2802.9,3.0,Suburban,27.4,2,10593.8,6.9,556245.37
5,2971.0,4.0,Suburban,0.8,0,11064.4,0.63,647428.76
2,2072.2,1.0,Urban,18.2,2,2975.5,5.51,444083.68
2,1517.1,2.0,Suburban,22.1,2,5533.8,3.02,294585.48
3,2339.5,2.5,Downtown,17.1,2,8808.3,3.47,666607.18
5,2313.7,4.0,Suburban,27.3,2,1049.2,7.51,448763.28
3,2088.6,1.5,Suburban,25.7,3,12861.9,9.87,414783.16
3,2644.5,1.5,Urban,9.4,2,6172.7,5.02,585276.93
2,1379.2,1.5,Suburban,37.6,2,11127.6,6.86,274187.34
1,516.5,1.5,Suburban,8.1,2,11770.2,2.86,161388.73
4,2753.2,4.0,Urban,22.9,2,8673.2,5.76,672511.07
2,1392.0,1.0,Urban,37.8,2,12063.2,1.45,317354.24
3,2174.9,2.5,Rural,34.9,1,10553.7,8.58,299762.86
5,4249.1,4.0,Suburban,21.6,0,6037.8,4.83,794217.7
2,1324.2,2.0,Urban,39.4,2,12426.2,3.93,305490.45
3,1706.3,2.5,Downtown,35.7,1,9904.8,5.38,475270.46
2,1387.6,1.0,Urban,19.2,2,3242.9,9.17,313924.04
3,2142.3,2.5,Urban,44.8,2,11819.5,7.88,501692.56
2,1783.7,1.0,Urban,7.1,2,10466.6,1.95,441614.45
4,2353.6,3.5,Downtown,17.9,2,4985.1,7.8,675893.4
3,2074.5,2.0,Rural,34.9,1,12787.7,4.23,290649.08
3,2261.9,2.0,Rural,43.6,2,6236.1,4.25,314414.29
3,2391.4,2.5,Suburban,16.1,1,8738.4,7.7,476474.36
2,1399.2,1.5,Suburban,28.1,3,5804.2,4.87,278785.26
4,2989.6,3.5,Rural,0.6,2,11141.1,1.19,491509.09
3,1420.9,2.0,Suburban,18.5,2,9136.4,2.84,304192.24
3,2206.1,3.0,Suburban,16.5,1,7584.1,9.0,412536.4
2,1182.0,2.0,Suburban,42.1,1,1284.5,6.12,204207.29
3,2220.7,3.0,Suburban,3.7,2,9500.6,8.69,503134.77
2,1626.2,1.0,Suburban,3.1,0,9712.9,3.4,322047.62
3,2154.6,3.0,Suburban,22.1,2,3537.3,7.05,427224.09
2,1457.4,1.0,Suburban,20.4,1,5652.3,7.96,212115.06
4,2709.3,3.0,Rural,8.1,2,13303.0,2.24,444072.24
3,1651.7,3.0,Rural,13.2,2,8688.3,0.72,280003.54
4,2780.0,3.0,Urban,48.7,2,7091.1,6.53,637812.57
4,2664.6,2.5,Suburban,25.7,2,14103.5,5.98,548299.59
2,1378.2,2.0,Urban,4.4,2,12367.2,0.88,404010.11
3,2297.5,2.5,Suburban,2.5,2,2364.6,4.4,444381.84
2,1485.8,1.5,Urban,2.1,2,13025.0,5.85,422742.5
3,2191.4,1.5,Suburban,19.5,1,3096.3,2.51,415023.81
4,2704.6,3.0,Suburban,43.3,2,3447.2,1.42,487415.76
3,2035.0,2.0,Suburban,41.6,2,2054.9,8.11,362968.55
3,2406.7,2.5,Urban,18.4,2,7738.9,9.29,566882.68
3,2261.8,1.5,Rural,38.7,3,10025.7,4.75,323142.04
3,1459.1,2.0,Downtown,37.6,2,11552.0,1.77,453159.46
2,1561.5,1.5,Suburban,24.1,1,1374.2,4.5,276792.1
4,3525.9,4.0,Suburban,20.2,2,3490.1,3.15,652763.15
3,2083.9,2.0,Suburban,9.0,1,9697.1,5.16,425439.53
4,3009.3,3.5,Rural,13.9,1,8358.2,0.59,450095.62
2,1493.9,2.0,Suburban,16.9,0,1719.0,8.74,239965.71
3,1604.3,2.5,Urban,40.6,0,14095.7,1.05,389839.3
3,1707.0,2.0,Urban,27.6,2,11619.1,4.58,405239.06
1,1122.5,1.0,Downtown,10.0,1,6023.1,6.78,266609.19
3,1854.4,2.5,Urban,4.8,0,8509.6,6.69,447356.49
4,2276.2,3.0,Suburban,24.8,1,6239.6,3.33,468251.87
4,2512.7,3.0,Urban,33.3,2,7374.1,5.25,566080.06
3,2210.2,2.0,Downtown,40.9,1,9346.6,5.22,541674.85
3,1954.8,2.0,Downtown,39.9,1,6578.5,1.75,531479.4
1,894.3,1.0,Urban,41.2,2,9690.0,4.04,187137.46
4,2881.6,3.0,Suburban,22.4,0,7512.1,1.63,548198.86
1,1518.2,1.0,Rural,43.3,2,10201.7,1.04,211213.83
5,3856.9,4.0,Suburban,22.2,3,4671.1,1.03,746304.83
3,2148.7,1.5,Downtown,8.4,2,3396.7,4.63,570468.92
3,1806.9,2.5,Urban,19.9,0,1190.2,7.43,376025.86
5,3483.6,2.5,Suburban,17.0,2,9427.7,9.85,647912.61
1,962.4,1.0,Suburban,19.6,2,14730.9,5.93,224589.31
3,1943.6,2.5,Downtown,32.9,2,6885.4,3.34,516654.04
3,2392.4,2.0,Downtown,32.8,0,3976.8,2.47,599858.71
2,1484.9,1.0,Downtown,11.2,1,1183.5,7.1,331048.11
3,1937.4,2.0,Suburban,15.8,2,8179.0,0.99,406794.0
3,2273.2,1.0,Urban,29.8,2,14897.9,2.99,515340.41
4,2487.8,2.5,Downtown,4.2,2,14772.9,7.04,756146.89
1,923.5,1.0,Urban,34.4,0,2418.9,4.73,141059.39
5,3145.8,3.5,Rural,8.9,2,12429.7,5.25,501209.11
2,1254.1,1.5,Suburban,42.5,1,3426.5,9.77,205854.29
2,1515.9,1.5,Urban,20.1,0,12330.9,4.34,373930.05
3,1809.3,2.5,Downtown,11.0,2,12949.7,6.15,559129.68
1,996.3,1.0,Downtown,33.4,1,1108.3,9.99,209946.04
2,1861.8,1.5,Suburban,27.7,1,4321.7,7.02,316895.91
6,3401.3,4.5,Urban,8.6,2,1791.7,5.39,819668.25
3,2054.5,1.5,Urban,41.4,2,7984.7,3.58,458045.96
2,1114.1,2.0,Rural,22.7,2,1374.0,9.78,130401.81
2,1595.0,1.0,Suburban,7.6,2,9765.2,3.29,327510.8
4,2050.1,2.5,Suburban,39.8,2,8816.6,1.6,419720.36
4,2720.1,2.5,Urban,6.7,0,6311.5,9.3,601601.21
3,1775.9,2.5,Downtown,48.4,3,7465.2,3.53,488328.79
1,676.8,1.0,Urban,22.1,1,14861.3,6.09,220217.07
2,1674.3,1.0,Suburban,36.4,3,3347.1,6.64,272613.53
2,1480.1,1.0,Downtown,22.6,0,11234.5,2.98,406537.4
2,1436.7,1.5,Downtown,9.4,2,10034.3,4.52,426386.7
3,2100.5,2.5,Rural,37.9,2,10291.8,1.98,314202.17
2,1677.0,2.0,Suburban,14.5,3,5840.0,8.9,341703.94
3,1635.6,3.0,Downtown,34.1,2,4030.6,6.05,465359.7
3,2684.7,2.5,Suburban,12.9,1,10111.5,8.96,515342.13
5,2692.7,4.0,Suburban,12.1,1,13778.1,2.94,603828.96
5,2889.1,3.5,Downtown,22.9,1,14663.8,6.52,831346.19
3,2524.0,3.0,Downtown,40.8,0,7732.7,2.57,632990.64
3,2421.4,2.5,Urban,30.7,2,6958.6,3.25,566583.32
3,2208.8,2.0,Urban,3.2,3,5885.2,3.93,517426.41
3,1600.4,2.5,Rural,36.7,2,12339.7,5.72,249015.25
4,2376.3,2.5,Downtown,29.0,2,4575.6,5.78,626824.83
3,2011.1,1.5,Rural,31.2,2,8182.4,2.4,290702.75
4,2361.3,3.0,Suburban,17.7,2,5830.8,0.94,501296.34
5,4014.1,4.5,Suburban,27.8,2,13259.8,7.83,786368.66
3,1357.1,2.5,Downtown,18.6,2,4957.4,5.5,409913.04
3,1860.5,2.0,Rural,4.1,2,10610.8,3.48,319464.3
2,1240.5,1.5,Rural,42.2,2,9242.5,1.0,189568.29
2,975.2,1.5,Rural,33.9,3,5597.2,1.49,159535.47
3,1873.2,2.5,Downtown,33.5,2,4566.9,4.52,525335.2
2,1600.6,1.5,Urban,9.7,2,12253.0,5.1,427034.68
4,2684.8,3.0,Suburban,33.2,0,8147.0,4.09,540513.19
2,1827.1,2.0,Downtown,11.6,2,9560.5,5.88,492633.24
3,2731.3,2.5,Suburban,34.4,2,14469.2,8.23,539810.26
3,2095.7,2.5,Urban,16.7,2,6572.2,6.93,520017.38
3,2411.6,2.5,Urban,7.9,2,12399.9,8.74,581495.8
3,2183.0,2.5,Urban,45.3,2,9942.7,6.35,488912.22
4,1642.3,3.5,Suburban,5.2,2,9309.5,1.5,414062.7
3,1863.6,2.0,Suburban,38.1,3,1763.9,1.92,340665.73
3,1952.9,2.0,Urban,5.1,2,13773.0,4.21,514681.77
2,1701.5,1.0,Urban,34.2,2,4200.4,3.2,401744.18
3,2251.4,2.5,Downtown,5.5,2,7624.6,6.7,639984.45
4,2202.7,3.5,Urban,25.4,1,11528.2,6.45,563113.4
3,2450.3,1.5,Suburban,9.4,0,8312.5,4.89,458151.64
4,3335.5,3.0,Suburban,43.3,0,1060.7,6.61,556111.83
3,2354.6,3.0,Downtown,20.1,2,14286.5,9.16,662318.67
2,1827.3,1.5,Suburban,0.8,2,1286.8,5.17,360002.33
1,758.3,1.0,Downtown,31.4,2,2258.8,3.8,180430.95
3,2463.3,2.5,Rural,22.3,2,4137.9,5.02,321721.01
3,2124.0,1.5,Suburban,43.0,1,9385.4,1.88,385901.8
4,2812.4,3.0,Rural,21.7,2,14595.9,1.43,444686.31
3,2285.1,3.0,Downtown,20.6,0,13917.2,4.4,667263.4
3,2032.4,2.0,Urban,22.7,2,10118.7,9.27,456262.16
3,1621.0,2.5,Rural,43.0,2,11383.6,8.7,241606.21
3,1805.2,2.5,Suburban,29.3,2,10966.4,6.94,361889.74
2,1815.7,1.0,Downtown,33.5,1,10617.3,7.33,431896.8
2,1228.6,1.5,Suburban,36.0,0,12373.5,8.68,229391.63
2,1720.6,1.5,Suburban,46.9,2,5758.5,9.2,274803.35
2,1655.7,1.0,Suburban,41.9,1,4095.7,6.76,265403.82
2,1384.9,1.5,Rural,46.4,1,5867.1,4.17,161415.97
1,1332.4,1.0,Urban,17.2,2,1680.5,1.9,283340.57
3,2020.3,2.0,Suburban,10.7,2,14538.5,0.57,453293.43
3,2666.2,2.0,Downtown,10.2,2,11353.1,6.66,736842.53
5,3559.8,4.0,Downtown,42.9,2,3988.1,4.28,923387.37
2,1462.1,1.5,Suburban,41.5,2,4581.1,1.26,262338.71
3,1830.8,2.0,Suburban,32.5,2,14896.5,3.15,379798.16
3,2292.3,2.0,Suburban,3.1,1,11753.5,4.95,491983.68
1,1042.8,1.0,Downtown,15.9,2,6959.2,7.94,283959.31
4,2489.5,3.0,Rural,36.7,2,3893.1,3.49,335979.71
1,911.5,1.0,Suburban,12.4,2,1566.0,6.73,136332.56
5,2766.6,4.0,Downtown,31.2,2,10370.4,0.91,833564.02
4,2868.3,3.0,Urban,27.1,2,11919.7,9.64,649786.62
3,2313.7,2.5,Downtown,13.1,2,2508.4,9.73,604189.27
3,1847.0,2.5,Urban,46.7,1,1033.5,5.52,355955.15
3,2525.8,2.0,Urban,12.8,2,6004.0,6.75,572444.9
3,1603.1,2.0,Rural,44.7,2,10344.3,7.76,236257.17
3,2177.1,2.0,Suburban,27.0,1,13933.1,9.72,430434.17
1,890.2,1.0,Downtown,4.6,0,13313.5,5.67,280781.22
2,1324.2,1.5,Downtown,41.7,2,10639.4,7.68,348131.85
3,2326.2,2.0,Downtown,39.6,1,12396.7,2.33,598370.8
3,1797.5,2.5,Urban,41.5,0,5982.1,1.96,390702.76
4,2543.8,3.0,Urban,31.9,1,4431.5,7.27,561635.93
2,1556.7,1.5,Rural,35.6,1,2739.0,9.28,186131.98
4,2386.9,3.0,Suburban,45.4,1,3542.8,5.89,424466.49
2,1468.5,1.5,Urban,6.4,1,14481.0,5.58,373811.01
3,2403.8,2.0,Downtown,4.2,2,14019.4,5.93,681778.72
3,1876.3,2.5,Rural,6.3,2,1656.9,8.86,299224.04
3,1809.2,3.0,Downtown,43.5,0,7579.2,8.1,468423.81
2,1828.4,1.0,Urban,28.1,2,6226.7,8.12,414870.81
3,1556.3,2.5,Suburban,8.8,0,10125.0,1.51,354398.53
4,1790.2,2.5,Downtown,7.1,2,5597.6,7.72,549085.67
3,2147.5,2.0,Urban,22.3,1,4928.5,7.8,452450.96
3,1800.5,2.0,Rural,40.8,1,12328.4,1.76,289823.4
4,2674.6,3.0,Urban,40.3,3,14259.6,4.98,623705.89
4,2747.9,3.0,Suburban,42.6,3,3839.1,1.43,528318.43
3,2112.0,2.0,Suburban,38.4,2,4294.1,4.27,381388.67
3,1842.4,1.5,Downtown,3.1,1,6867.6,6.59,534102.13
4,3119.7,3.5,Urban,36.0,2,10888.2,2.57,728196.6
3,1658.2,2.5,Downtown,25.9,3,3338.9,1.76,484768.45
2,1703.0,1.5,Rural,36.3,1,7551.1,6.56,192401.57
3,2411.4,2.0,Suburban,24.2,0,12771.9,8.35,418517.06
4,2477.9,3.0,Suburban,24.2,2,4276.9,1.97,494797.78
1,704.9,1.0,Urban,6.3,2,1667.3,9.09,179835.58
6,4412.8,4.5,Urban,45.3,0,13695.6,7.5,986781.88
2,1421.1,2.0,Suburban,18.7,2,12025.4,6.94,306520.83
4,2579.1,3.5,Suburban,29.1,2,10783.3,1.65,539453.45
3,2340.4,1.5,Downtown,10.4,1,2222.6,9.33,575421.55
3,2046.5,2.0,Suburban,18.4,0,13590.7,5.0,418876.95
4,2156.2,3.5,Downtown,43.5,3,5273.7,5.59,587714.4
3,2570.1,2.0,Urban,10.5,2,3960.9,5.37,580093.32
3,2052.9,2.5,Downtown,10.3,1,7825.0,5.55,564800.1
1,839.2,1.5,Rural,13.0,1,13919.2,8.32,165296.67
1,768.4,1.0,Urban,28.7,2,14923.8,1.44,212455.24
2,1866.9,2.0,Rural,26.0,2,9597.5,5.1,269459.14
3,2706.3,2.0,Downtown,8.8,1,14377.1,6.33,754657.39
2,1061.4,1.5,Urban,34.6,1,7346.7,1.62,231395.36
2,1456.6,1.0,Rural,45.4,0,1415.3,6.02,140729.88
3,2129.4,2.0,Downtown,9.9,3,4859.1,5.34,630236.06
3,2002.9,2.0,Rural,33.6,2,5225.6,2.62,296438.67
4,3303.7,3.0,Suburban,29.3,2,11957.9,2.95,644375.79
2,1599.2,1.5,Downtown,16.4,1,2739.4,1.32,425189.43
2,1440.7,1.5,Suburban,30.9,1,3448.7,7.2,217468.47
5,4155.3,4.0,Downtown,10.5,2,9599.8,1.91,1153364.33
3,1455.2,2.0,Rural,41.7,2,2828.6,8.0,223454.79
4,2174.9,3.0,Suburban,1.1,2,7937.2,8.95,459736.3
4,2403.1,3.0,Suburban,28.4,0,1490.9,2.79,466803.75
4,3341.6,3.0,Suburban,15.9,2,10364.3,2.97,647903.52
2,1305.5,2.0,Urban,44.1,2,13717.2,1.67,338017.59
4,2401.7,3.5,Suburban,25.0,0,13248.6,5.64,472103.36
4,3499.8,3.5,Urban,40.1,2,2030.7,9.66,737678.43
3,2041.6,2.5,Downtown,46.2,2,9274.1,2.82,551133.94
3,1643.5,1.5,Urban,16.7,1,2453.8,2.02,371608.45
3,2008.1,2.0,Rural,44.0,2,1749.3,6.26,243425.93
2,1648.8,1.0,Downtown,36.3,0,9545.4,8.64,382193.07
3,1720.6,2.5,Downtown,5.4,2,9014.4,8.77,516062.87
3,3122.7,1.5,Suburban,5.2,2,2313.7,3.78,577180.51
3,2349.8,2.5,Downtown,40.9,2,6038.0,7.97,592444.97
3,1818.2,2.5,Downtown,23.4,2,5433.1,6.13,498306.11
3,1825.2,1.5,Downtown,24.8,1,5794.5,7.46,478019.91
3,1619.9,2.0,Suburban,44.6,3,5664.7,6.93,298481.41
5,3214.0,4.0,Downtown,45.2,3,12545.2,1.71,927155.8
2,2621.1,2.0,Suburban,5.6,0,5950.5,3.9,475337.6
3,2518.6,2.0,Suburban,18.7,2,5626.1,7.75,434472.21
2,1505.0,1.0,Urban,44.8,1,1414.6,7.72,270318.58
3,2139.5,1.5,Rural,41.0,1,12065.7,1.66,298867.05
4,3395.3,3.5,Suburban,36.1,2,10238.3,4.89,651063.88
5,3947.9,4.0,Suburban,5.1,0,5780.1,8.76,742281.23
3,2731.4,3.0,Suburban,31.1,0,7325.8,8.02,488683.74
5,3990.5,3.5,Suburban,29.1,2,12117.0,6.02,760678.53
2,1024.5,1.5,Rural,8.4,2,5819.1,2.46,220903.23
3,1690.5,2.5,Urban,38.7,3,7627.2,3.58,425667.41
2,1395.8,2.0,Downtown,15.6,2,1277.0,6.71,345823.89
4,2115.4,3.0,Rural,31.0,3,13856.4,7.92,321077.75
3,2170.7,2.5,Urban,18.1,2,6197.4,6.33,516162.85
3,1903.5,2.5,Downtown,4.2,1,5150.1,4.26,538720.88
4,3648.0,2.5,Urban,26.2,2,9527.7,5.98,820234.11
2,1982.1,1.5,Suburban,15.3,2,8373.8,0.54,396830.63
1,747.8,1.0,Suburban,3.6,1,6612.9,7.49,165015.18
4,3699.1,3.5,Suburban,9.9,1,13912.9,8.52,703007.13
3,2372.0,2.0,Downtown,30.9,2,6081.8,0.94,630923.29
2,1573.7,2.0,Urban,5.1,2,14977.2,4.29,442997.21
3,1414.7,2.0,Urban,4.4,2,12047.8,8.56,385332.77
3,2059.2,2.5,Downtown,47.2,3,13646.6,6.17,563778.58
1,869.4,1.0,Downtown,5.4,0,4958.6,5.09,256423.34
3,2191.6,2.5,Suburban,18.8,2,1983.3,1.33,431271.53
1,1010.1,1.0,Urban,6.7,3,6868.8,7.5,254995.14
3,2177.6,2.5,Downtown,47.0,1,5387.4,7.05,518360.43
4,3027.0,3.5,Urban,24.1,1,1849.4,6.1,664308.75
6,3242.2,4.5,Rural,5.6,1,2000.8,1.07,502468.31
3,2033.7,3.0,Suburban,38.4,0,3439.8,6.61,336128.38
2,1452.5,1.5,Downtown,39.0,2,6289.1,0.99,378894.84
5,3315.4,3.5,Suburban,45.1,2,14093.4,8.31,607679.2
3,2220.8,2.5,Downtown,35.3,2,10208.8,8.76,590192.35
2,1211.6,1.0,Suburban,2.7,0,6577.8,5.54,260832.65
5,3186.8,4.0,Urban,27.5,1,12191.6,8.56,736850.85
4,2690.0,2.5,Downtown,19.2,2,8958.9,4.31,742674.3
4,2652.7,3.5,Suburban,37.4,2,6844.3,3.26,513233.36
4,3256.0,4.0,Suburban,29.5,0,3021.2,5.1,571701.12
2,1406.4,1.0,Rural,36.3,0,13978.6,5.81,186605.29
2,1466.5,1.5,Downtown,9.0,2,9734.4,7.78,409928.38
3,1901.3,2.0,Urban,21.9,0,7149.6,6.22,409719.16
2,1833.5,1.0,Suburban,21.6,2,7136.0,8.63,329688.84
3,2025.3,2.0,Urban,49.0,0,11710.5,9.39,426328.89
4,2875.8,3.5,Rural,1.0,1,3512.3,5.46,419569.61
4,3813.1,3.5,Downtown,40.8,1,6845.6,7.32,961142.29
3,1995.6,2.5,Suburban,4.9,2,1882.2,5.07,410311.34
4,3363.0,2.5,Urban,4.0,2,2118.9,9.11,767695.31
4,3165.4,3.0,Rural,16.4,0,8368.1,0.79,451555.68
3,2530.2,1.5,Downtown,35.0,0,6331.3,7.33,572466.88
2,1712.1,1.0,Suburban,33.9,2,11073.2,5.22,315094.41
3,2006.5,2.0,Downtown,31.4,1,14814.2,1.08,606892.42
3,1734.6,2.5,Urban,38.7,0,13032.0,7.58,388837.18
2,1451.3,1.5,Rural,11.6,1,7186.6,4.23,230371.34
3,1956.4,2.5,Suburban,31.7,1,6290.0,5.51,352156.61
2,2004.8,1.0,Downtown,31.9,2,9191.0,7.27,488780.07
3,1876.7,2.0,Downtown,32.7,2,2283.1,2.89,476219.13
5,2722.1,3.0,Suburban,29.7,1,14827.2,3.24,547713.33
2,1646.4,2.0,Rural,11.1,1,14733.9,3.89,282533.55
4,2848.4,4.0,Urban,45.7,1,13921.4,7.6,685581.47
3,2207.9,2.5,Urban,48.8,1,10270.8,9.83,482951.97
2,1620.3,2.0,Suburban,34.5,3,8043.7,3.95,322503.37
5,3294.3,3.5,Rural,22.2,1,10893.7,6.3,461287.24
3,1547.2,1.5,Urban,26.9,0,5401.5,3.58,341842.39
3,1640.7,2.0,Suburban,5.4,2,12931.2,8.83,378834.1
4,3409.9,3.0,Urban,18.2,2,2884.6,9.39,738776.12
3,1948.0,2.0,Suburban,48.8,2,12248.7,2.3,398533.31
3,2379.2,2.0,Urban,27.4,3,13144.7,6.71,565491.29
1,725.4,1.0,Rural,28.0,1,3382.3,9.11,75000.0
4,2327.0,2.5,Downtown,47.7,1,7700.0,5.01,609417.71
3,1901.6,3.0,Urban,44.3,1,13483.1,3.69,476534.34
3,1958.4,1.5,Suburban,28.4,2,14430.1,9.1,409867.93
2,1432.2,2.0,Rural,13.4,2,12359.1,2.95,253772.19
3,2074.5,2.0,Downtown,5.8,2,14172.8,2.47,627807.13
4,3032.2,3.0,Urban,43.2,1,14118.0,8.87,638506.55
3,1624.1,2.5,Downtown,46.0,1,14716.1,6.52,436301.54
3,2098.0,2.5,Downtown,24.7,2,6787.6,2.26,576546.35
3,1704.6,2.0,Suburban,4.7,2,5017.2,6.61,373991.58
4,2430.0,3.0,Suburban,30.3,2,9861.2,8.82,498011.65
3,2188.0,2.5,Rural,18.4,1,3643.9,1.35,308411.03
4,2679.9,3.0,Downtown,7.9,3,8798.2,2.94,804256.12
4,3140.1,2.5,Downtown,46.0,0,9110.0,6.24,742920.47
3,2798.1,3.0,Downtown,12.0,2,12290.1,1.59,822952.42
2,1819.9,1.0,Suburban,35.6,2,6065.1,9.1,298709.79
3,1723.6,2.0,Downtown,21.5,2,9425.6,6.13,507782.5
4,2188.2,2.5,Rural,41.4,1,13645.8,6.06,332025.33
2,1729.6,1.5,Suburban,35.0,2,6904.5,1.03,329050.6
3,2241.4,2.5,Urban,6.2,0,9004.1,4.5,516937.97
4,2459.2,2.5,Urban,22.5,2,12023.3,2.35,602486.55
3,1769.8,3.0,Urban,13.0,0,4495.0,8.18,431324.83
3,1912.9,2.5,Rural,35.7,1,2447.2,3.69,266540.42
2,1617.4,1.5,Rural,27.2,3,10545.2,4.33,231565.93
2,1489.5,1.0,Downtown,17.0,3,6186.7,6.59,412683.07
4,3092.8,3.0,Rural,16.5,1,6342.5,7.32,418322.88
2,1923.0,2.0,Suburban,5.7,1,14021.3,8.0,378291.35
3,1729.4,2.5,Suburban,10.7,1,6710.2,2.16,358362.41
4,3005.6,3.0,Suburban,35.7,2,14351.5,2.99,593530.15
3,2158.9,2.0,Suburban,30.5,2,2489.2,1.38,378516.01
5,2730.0,3.0,Suburban,17.8,1,5801.7,8.64,540800.82
5,3059.4,3.0,Urban,41.8,1,10701.2,3.5,687884.11
3,2410.6,2.5,Downtown,24.2,1,2764.0,1.7,618858.58
1,751.3,1.0,Downtown,39.7,1,6418.6,3.46,182868.87
4,3211.3,3.5,Rural,39.1,3,12924.4,1.04,508427.39
3,2331.0,2.0,Suburban,42.4,0,11664.7,8.45,416869.97
2,1396.6,1.5,Suburban,42.5,2,4949.5,3.23,243647.39
4,3213.2,3.5,Rural,34.0,2,5990.3,3.83,437216.31
1,721.0,1.0,Rural,37.5,2,8071.2,9.43,75345.94
4,2313.1,3.5,Downtown,38.8,1,11238.0,2.3,646241.82
2,2026.3,1.5,Suburban,8.5,2,3126.3,2.44,379091.89
2,1384.1,1.0,Rural,15.0,3,8387.1,5.82,233712.75
2,1506.2,1.5,Downtown,5.2,0,2027.1,9.74,364840.42
5,2594.0,3.5,Suburban,9.5,3,6569.4,9.06,538936.84
3,2258.0,1.5,Suburban,38.9,0,3673.9,6.13,367374.53
4,3028.1,3.0,Urban,47.4,0,5326.6,8.22,643070.28
3,2242.4,2.5,Downtown,33.7,2,5640.8,5.13,573713.64
3,2221.1,2.5,Suburban,44.3,2,11781.8,4.63,434526.77
2,1731.7,1.5,Downtown,15.9,0,4712.2,4.3,426348.68
3,2453.1,3.0,Suburban,42.3,1,10292.7,4.82,461629.05
3,1737.9,3.0,Downtown,16.9,3,8465.9,7.22,548398.96
3,1617.1,2.5,Downtown,44.7,1,12259.2,8.3,463407.69
3,2164.5,2.5,Rural,39.9,0,5502.0,5.97,280941.31
5,2353.5,4.0,Rural,49.2,1,14925.2,8.75,381203.79
2,1630.0,1.0,Urban,41.4,2,5140.8,6.57,329066.31
5,3206.1,3.5,Suburban,19.9,3,9113.7,8.13,622739.42
1,1081.7,1.0,Downtown,5.5,1,9851.1,7.05,309033.43
3,1857.9,2.5,Suburban,43.7,1,8534.4,7.85,375900.65
3,2481.8,2.0,Suburban,28.6,1,13023.8,0.68,481084.1
3,1658.8,3.5,Urban,42.9,2,2581.7,8.74,371013.84
3,2598.4,2.0,Suburban,19.4,2,9361.7,8.92,481930.51
3,2523.4,2.5,Rural,1.4,1,8088.7,8.49,361650.17
3,1611.5,2.0,Urban,2.6,0,6841.0,7.44,372250.89
4,2834.1,3.0,Rural,33.5,1,5847.1,7.98,351397.27
3,2955.3,2.0,Suburban,5.7,1,3140.4,2.22,528601.53
4,2715.7,2.5,Suburban,37.3,0,10099.6,0.95,501954.79
2,1345.8,1.0,Suburban,21.0,3,2648.0,3.25,266157.42
3,2506.6,2.5,Suburban,28.2,1,12610.1,4.7,478861.45
3,1859.4,2.0,Rural,40.1,2,7268.2,3.07,267049.66
3,1365.3,3.0,Downtown,12.7,2,9475.9,8.77,433659.31
3,2423.6,2.0,Suburban,20.6,3,2089.3,9.66,411371.17
3,1309.5,3.0,Suburban,36.5,0,2307.5,7.82,244084.86
2,1600.0,2.0,Rural,45.9,0,4302.6,5.03,202921.03
2,1564.8,2.0,Downtown,14.5,0,11916.4,1.88,474031.68
2,1662.2,1.5,Urban,31.1,2,7801.7,8.78,378701.59
3,2047.2,2.0,Suburban,47.6,1,5352.0,8.5,362176.08
3,2549.0,3.0,Rural,32.4,2,12892.5,2.04,394783.68
5,3157.5,3.5,Suburban,44.6,2,3686.7,0.96,582627.81
4,2223.3,3.0,Downtown,47.0,2,4632.8,9.04,572864.11
2,1403.0,1.5,Urban,46.5,2,11874.2,8.31,306481.9
4,2611.4,2.5,Urban,37.9,1,1378.6,9.38,529748.88
4,2117.5,3.0,Suburban,27.6,0,4084.4,3.9,409556.05
3,2184.7,2.5,Urban,4.8,1,8298.7,6.75,547159.21
3,2262.0,2.0,Downtown,11.1,0,13810.5,8.71,631203.72
5,3073.4,4.0,Rural,12.8,3,4722.3,3.74,474293.93
3,1899.8,1.5,Downtown,1.7,2,3983.3,5.01,531912.55
5,3498.4,3.5,Downtown,5.1,2,14648.8,5.55,1018797.53
2,1820.4,1.5,Suburban,14.7,2,8343.2,0.78,384581.44
2,1586.9,1.5,Downtown,4.5,2,1875.1,8.37,445186.5
3,2056.0,2.5,Suburban,8.5,2,4870.9,9.47,407270.16
3,2224.1,2.5,Suburban,2.7,2,8471.3,4.46,462143.33
4,3030.5,3.0,Suburban,20.8,0,2007.8,6.31,541372.08
6,3746.2,4.5,Downtown,41.1,2,10695.7,5.65,1041745.63
3,1808.3,2.5,Downtown,40.6,2,8314.8,3.81,506643.66
1,875.9,1.0,Urban,45.2,2,10936.1,1.28,198752.07
4,2915.0,3.0,Urban,37.3,0,5784.4,5.44,622527.95
3,2657.1,2.0,Suburban,12.2,1,6879.5,2.82,499896.87
2,1271.1,1.5,Suburban,35.1,2,13993.9,6.7,255400.28
3,2643.2,3.0,Downtown,37.7,3,3949.6,5.6,670889.07
4,2693.1,3.5,Urban,27.2,2,1553.2,6.11,590012.16
4,2827.1,2.5,Rural,40.4,2,14751.0,6.22,407468.69
3,2705.3,2.0,Suburban,3.6,3,1103.8,8.91,516149.51
3,2366.0,2.0,Urban,29.7,1,13435.5,1.9,569719.78
5,2872.3,4.0,Suburban,24.0,0,12563.6,8.15,577888.86
3,1936.8,2.5,Downtown,40.3,1,7826.8,9.57,517134.76
3,2477.1,2.5,Suburban,6.4,2,10874.8,7.35,501574.73
3,2237.8,3.0,Suburban,10.6,1,2471.1,1.82,434329.67
4,2476.9,3.0,Urban,27.9,0,11691.3,8.58,543607.31
2,1563.0,1.5,Urban,47.4,2,11972.6,8.02,344112.91
2,1729.6,1.5,Rural,4.2,1,1718.8,8.7,218491.73
3,2475.8,2.5,Suburban,37.2,2,7961.4,5.12,480974.85
3,2209.8,2.5,Suburban,10.3,0,14274.1,8.29,428904.61
3,2990.4,2.0,Suburban,5.3,3,14316.0,1.96,630853.04
2,1859.6,1.5,Suburban,19.7,2,14783.2,5.98,382817.38
3,1991.5,2.0,Suburban,29.2,2,10193.3,5.74,374878.37
3,2053.0,2.5,Urban,41.4,2,2975.6,9.02,405819.77
1,854.0,1.0,Downtown,31.7,2,6780.5,8.7,215077.67
2,1664.7,2.0,Rural,24.6,0,11177.1,7.3,222424.91
5,3262.9,4.0,Urban,14.3,2,4973.7,2.16,756557.92
4,3481.6,3.5,Urban,14.6,2,12342.0,8.16,848146.34
2,1930.7,1.0,Rural,38.5,0,13059.1,6.34,261587.45
4,2894.8,3.0,Suburban,5.7,2,11689.7,8.26,572796.5
3,1971.0,2.5,Downtown,7.3,2,5789.4,9.41,529023.82
5,3068.2,3.5,Urban,36.0,2,11380.6,4.78,748485.08
3,2495.6,2.0,Rural,48.1,1,2012.0,7.57,279889.17
3,2096.2,3.0,Downtown,6.0,2,5693.1,9.74,598054.03
2,2112.6,1.5,Downtown,30.5,3,11718.4,2.53,583976.55
3,2067.0,1.5,Downtown,12.0,2,12127.5,8.55,574940.63
5,3205.3,4.0,Suburban,1.3,1,5462.9,1.85,639851.24
3,2291.9,2.0,Rural,41.6,3,14444.4,0.66,319048.96
3,2135.7,3.0,Downtown,25.4,1,4825.9,8.55,564727.59
2,1566.6,1.5,Urban,1.2,1,10240.1,9.62,418864.38
4,3095.7,3.0,Rural,44.8,3,13305.5,0.81,439774.89
3,2015.5,2.0,Urban,26.8,2,8719.6,8.52,448058.49
3,2412.8,2.0,Downtown,36.9,2,6774.9,7.14,615033.01
5,3222.6,4.5,Urban,21.2,0,3959.7,7.15,699113.94
1,951.7,1.0,Rural,9.2,1,3750.2,4.87,122600.58
3,1774.9,1.5,Downtown,23.3,0,3224.9,4.46,439809.94
5,2751.6,3.5,Downtown,14.4,2,7202.3,4.04,786904.07
3,2485.5,2.0,Rural,14.8,1,8670.9,4.13,363140.42
3,1887.8,2.0,Suburban,32.2,0,12746.7,9.4,359648.51
3,2600.5,1.5,Suburban,4.7,1,4042.9,8.25,467702.82
4,3015.5,3.0,Rural,19.9,2,11572.9,3.48,440998.44
2,1104.3,1.0,Urban,27.3,1,10717.5,7.54,251122.18
5,2934.6,4.0,Suburban,35.5,3,9883.3,6.74,598139.45
4,3072.1,3.0,Suburban,31.6,1,5750.9,8.54,555015.55
2,1411.9,1.5,Downtown,44.3,2,5451.9,1.37,378466.13
4,2501.6,2.0,Suburban,49.6,2,11625.1,7.15,471769.24
3,2274.6,2.5,Suburban,46.9,2,4843.5,2.83,403977.56
3,2077.7,2.5,Suburban,38.2,1,5616.1,2.8,391140.53
4,2228.2,3.0,Rural,34.3,2,14512.7,7.2,359182.44
5,2998.3,3.5,Downtown,1.8,0,14978.5,9.0,862391.96
2,1751.8,2.0,Suburban,26.7,2,1024.0,5.4,318841.24
3,2445.8,2.0,Urban,33.2,2,10614.7,4.92,550187.28
3,1589.3,2.0,Urban,20.6,1,8497.0,8.24,384710.83
3,2135.7,2.5,Suburban,19.2,2,7442.4,0.74,452005.22
3,2188.6,3.0,Suburban,27.1,2,4859.2,7.22,433466.48
2,1762.7,1.5,Rural,45.3,1,8100.1,1.03,219189.87
3,1921.3,2.0,Suburban,13.0,1,7392.1,2.82,369954.19
3,1733.5,2.0,Urban,20.0,2,6618.4,6.84,442025.18
2,1411.3,2.0,Rural,32.7,2,12897.4,4.11,252398.98
4,2218.4,3.5,Downtown,9.3,1,4789.0,3.3,661418.0
4,2095.2,2.5,Rural,41.7,1,9364.7,5.29,296972.16
3,1811.4,2.5,Urban,33.3,0,13099.0,8.57,418915.01
3,2313.1,1.5,Suburban,17.6,0,14706.0,4.55,433149.61
3,2463.3,2.5,Suburban,36.1,0,9438.5,5.56,446595.37
3,2213.9,2.5,Rural,14.0,3,8280.5,2.0,347297.28
2,1424.6,1.0,Downtown,38.7,0,12767.2,4.72,356425.85
4,2800.0,3.5,Suburban,3.5,1,3638.3,0.66,546412.89
1,678.3,1.0,Urban,21.3,3,9820.2,8.46,203498.75
2,1500.2,1.5,Urban,13.1,3,1898.5,2.46,365841.32
1,732.2,1.0,Downtown,40.8,0,10240.3,9.24,164132.56
2,996.2,1.5,Downtown,37.6,2,12141.3,3.9,279892.81
2,1521.9,1.5,Urban,42.1,2,1882.2,8.44,268606.35
6,4680.0,4.0,Suburban,32.6,0,12877.9,4.2,854825.46
3,1671.8,2.5,Downtown,39.8,2,2727.0,1.95,457408.22
2,1842.7,1.5,Downtown,21.9,3,3461.7,5.29,469949.41
2,1637.1,1.5,Suburban,33.9,1,12709.6,2.98,301954.65
5,3229.8,3.5,Suburban,1.6,1,2745.8,3.57,643621.31
3,1556.0,3.0,Rural,44.0,2,10434.0,3.5,243625.16
3,1794.4,2.5,Downtown,34.2,2,5127.4,3.79,494319.85
4,2855.2,3.0,Rural,43.3,2,4477.1,5.23,372795.3
3,2297.7,2.5,Rural,38.5,0,10102.2,1.71,319858.47
3,1960.9,2.5,Suburban,14.3,2,2494.7,2.95,410393.57
2,1731.2,1.0,Downtown,13.6,2,9044.7,6.51,486028.51
3,2487.5,2.0,Rural,40.0,0,13943.3,7.68,322728.61
3,1994.5,3.0,Downtown,9.2,0,12919.7,2.82,601645.43
3,2127.4,3.0,Suburban,5.5,2,12915.6,2.99,489475.26
3,2877.7,2.5,Suburban,0.8,2,5240.9,5.04,555826.88
3,1577.4,2.0,Urban,14.9,3,10818.0,9.82,422070.6
2,1402.8,1.5,Suburban,5.0,1,11921.5,5.73,326611.03
2,1379.0,1.0,Suburban,40.1,2,13619.7,8.23,264812.59
3,2299.0,2.0,Rural,24.2,2,4697.9,9.23,302335.26
5,4093.0,3.5,Rural,12.6,2,11652.0,6.55,613216.14
3,2122.5,2.0,Suburban,30.1,2,4251.8,5.43,375948.48
3,2463.4,2.5,Suburban,3.5,2,1389.1,7.76,464413.93
3,2944.9,2.0,Urban,36.3,0,7745.7,3.53,599787.58
2,1371.7,1.5,Urban,25.1,2,11722.5,9.74,313397.97
2,1818.6,2.0,Suburban,0.3,1,4001.2,5.02,353427.42
3,1804.3,2.0,Suburban,16.0,1,1680.3,9.32,326844.56
2,1689.8,1.5,Downtown,37.5,2,6233.1,7.72,407198.34
2,1462.7,1.5,Suburban,9.4,2,3840.3,2.51,310520.18
4,2719.0,3.5,Urban,48.1,2,6349.2,2.6,604972.75
1,1130.0,1.0,Downtown,44.8,2,13891.6,3.82,309725.32
3,2188.5,2.5,Suburban,38.9,1,11414.6,4.03,400913.68
3,2491.6,2.0,Suburban,3.9,2,6221.2,0.64,532734.79
3,2503.3,2.5,Urban,17.7,0,5550.7,8.63,528260.66
3,2330.1,2.5,Urban,14.9,3,13896.7,2.78,579186.92
3,1656.4,2.5,Suburban,6.9,2,13443.8,8.34,378927.87
3,1561.7,2.0,Downtown,50.0,1,9457.2,5.09,408284.98
4,2570.3,2.5,Urban,7.4,2,6006.2,6.12,626775.13
4,2956.1,2.5,Suburban,15.8,2,12092.7,5.6,602746.61
2,1535.9,2.0,Suburban,44.0,1,10292.3,9.47,282085.5
2,1840.9,2.5,Suburban,7.2,1,8905.4,4.47,392739.24
4,2502.6,3.5,Suburban,23.5,1,11339.8,4.19,532167.56
3,2249.5,1.5,Suburban,48.8,1,2882.5,6.34,362521.19
3,1863.9,2.5,Rural,12.4,2,14022.1,4.13,304189.39
3,2337.1,2.0,Rural,35.2,2,14620.9,6.27,342486.98
2,1661.3,1.5,Downtown,4.0,0,5962.3,5.94,427048.53
3,2174.5,2.5,Suburban,30.0,3,14255.2,7.86,465102.44
3,2466.9,2.5,Suburban,17.0,2,12141.6,9.9,504866.46
2,1498.5,1.5,Suburban,35.0,2,14174.4,9.78,312465.76
3,1558.2,2.0,Suburban,21.6,2,13844.4,1.68,341478.96
4,2122.9,3.5,Suburban,14.9,2,3812.6,4.8,461302.06
3,1440.9,2.0,Urban,27.3,2,4640.4,4.51,339223.58
2,1336.7,2.0,Downtown,7.0,1,4648.3,2.31,399806.36
3,1987.0,1.5,Suburban,40.7,1,2320.2,7.57,334900.62
4,2520.0,3.0,Downtown,37.5,3,6567.6,9.7,649839.31
4,2648.5,2.5,Urban,27.2,1,6076.7,1.95,613231.67
3,2254.8,2.0,Rural,18.4,2,5815.5,3.09,303055.56
2,1341.4,1.5,Suburban,45.8,0,5885.2,8.62,202996.11
4,2051.3,3.5,Suburban,31.7,3,1869.0,3.4,434501.47
3,2338.5,3.0,Downtown,14.2,2,3603.7,4.69,661193.52
1,904.7,1.0,Suburban,40.3,2,5142.7,7.53,155691.4
3,2169.6,2.5,Suburban,31.8,2,13445.7,1.7,440262.8
3,2490.3,2.5,Downtown,6.4,2,13971.4,5.51,721085.81
3,1994.2,3.0,Urban,5.7,2,4992.9,1.54,511907.58
2,1927.8,2.0,Suburban,46.9,1,10718.2,3.4,347699.47
3,2254.3,2.5,Urban,14.4,2,12908.7,2.75,586607.49
5,2843.2,4.5,Suburban,33.2,0,8086.5,7.44,554668.09
4,2135.9,3.5,Rural,1.8,1,11577.6,1.93,361594.25
5,3205.5,4.0,Downtown,27.8,3,14662.1,6.79,928624.0
5,3744.7,3.5,Downtown,11.6,2,3271.0,5.97,1007852.21
1,900.9,1.0,Rural,7.0,3,1985.9,6.92,137271.84
3,2384.6,2.0,Downtown,38.7,1,9960.3,8.83,615033.6
3,2671.5,2.5,Suburban,40.5,2,8118.7,5.57,499304.75
4,2761.5,3.5,Suburban,35.8,0,5152.5,7.35,490510.13
3,1707.8,1.5,Suburban,0.6,2,13832.2,8.14,375265.3
6,4349.7,3.5,Suburban,14.2,2,12841.6,7.11,844080.68
3,2167.4,2.0,Urban,18.0,2,4701.6,3.53,497467.24
4,2423.4,3.0,Downtown,34.5,0,11838.7,9.63,660575.08
2,1266.8,2.0,Urban,37.8,1,12597.7,1.08,314364.08
2,1348.3,1.5,Suburban,31.4,2,5554.6,4.04,256120.66
4,2110.1,3.0,Suburban,39.5,2,2388.1,8.3,395547.64
1,834.8,1.0,Suburban,21.4,1,12905.9,3.82,196396.01
4,2532.4,2.5,Rural,27.1,1,2355.0,5.69,350749.52
1,584.7,1.5,Urban,3.2,1,7700.5,1.78,200499.6
3,2114.1,2.0,Suburban,21.4,0,3721.1,8.64,360172.79
3,1734.5,3.0,Urban,21.6,2,13984.5,9.35,456870.18
3,2630.3,2.0,Suburban,30.6,2,2499.7,9.85,452096.92
3,1792.2,2.0,Rural,18.9,1,2636.6,1.23,255606.72
3,1794.8,2.0,Downtown,11.9,2,10824.2,2.39,536500.56
2,1802.5,1.5,Suburban,11.9,1,3877.8,5.2,322043.4
2,1407.1,2.5,Suburban,6.7,2,2853.1,3.09,305319.07
3,1914.4,2.5,Urban,35.1,2,3354.7,6.6,440921.75
3,2375.4,2.5,Downtown,31.1,2,9342.5,8.53,612908.85
4,2073.3,2.5,Suburban,29.0,2,4116.8,1.71,395289.57
3,1920.7,2.5,Urban,26.6,1,6281.3,0.53,468174.42
3,2459.5,2.5,Downtown,18.4,2,12896.3,9.94,675527.78
3,2405.8,2.0,Downtown,38.4,2,3459.4,4.78,576224.22
1,985.6,1.0,Urban,46.1,0,12567.9,1.15,209535.91
3,1963.6,1.5,Rural,22.0,0,11855.6,6.09,266381.47
5,3704.3,3.5,Urban,20.5,0,12636.5,7.66,877889.97
4,3164.0,2.5,Suburban,8.1,2,5858.2,8.11,585198.85
3,2156.7,2.5,Downtown,33.5,1,7613.1,5.91,563874.26
3,2238.9,2.0,Urban,27.9,2,10898.1,6.96,525856.92
4,2481.0,2.5,Downtown,49.4,2,1524.0,5.02,618761.7
3,1966.1,1.5,Suburban,29.2,2,10292.7,6.39,361710.37
1,654.6,1.0,Downtown,14.4,2,2681.3,9.54,176230.4
2,1450.9,1.0,Urban,28.1,2,5033.0,9.88,273625.92
3,2279.3,2.0,Suburban,49.2,1,12337.0,6.46,414037.52
5,3582.9,4.5,Rural,36.2,1,9895.4,6.05,514687.36
3,1434.1,2.5,Downtown,6.4,2,9706.0,3.78,494185.82
2,1192.6,1.0,Urban,17.2,2,4176.8,3.58,284727.61
2,1512.5,2.0,Suburban,14.9,1,10350.3,9.28,303040.98
4,3532.8,3.5,Suburban,42.8,1,2843.8,6.82,610974.67
4,2080.4,3.5,Suburban,30.6,2,14507.1,4.86,440850.02
3,2143.5,2.5,Urban,40.5,2,4537.8,6.83,450649.25
3,1902.1,2.0,Suburban,8.8,2,12574.5,1.65,445244.97
1,816.8,1.0,Downtown,45.4,1,13882.1,9.46,204669.39
4,2416.6,2.5,Rural,2.9,2,3405.1,5.46,373260.15
4,3484.3,2.5,Suburban,18.7,2,1136.5,3.67,616685.12
3,2263.3,2.0,Rural,0.7,2,13240.1,0.63,383081.28
4,2148.9,2.5,Urban,9.2,1,11695.8,6.93,541173.8
2,2106.9,1.5,Urban,48.1,1,3159.8,9.71,360289.52
1,959.5,1.0,Downtown,3.9,1,12625.3,5.81,306768.51
2,1567.9,1.5,Suburban,7.3,3,12346.6,3.66,374972.34
2,1736.0,1.5,Suburban,46.2,2,7457.8,4.47,272232.24
3,1961.1,3.0,Suburban,35.5,2,14255.5,5.9,424659.73
3,2502.5,3.0,Downtown,20.3,2,9149.5,7.04,691796.59
3,1928.5,2.0,Suburban,3.4,2,7200.3,2.24,448879.49
3,2411.5,2.5,Downtown,39.3,2,1185.3,9.38,606965.57
3,2026.4,2.0,Suburban,24.6,1,14338.9,4.44,386326.57
1,1018.9,1.0,Downtown,16.2,2,2797.2,6.43,277848.33
3,2486.7,2.0,Urban,18.0,1,5146.6,9.16,526315.41
3,2000.5,2.0,Urban,25.3,1,11212.1,5.99,467038.31
3,2771.8,3.0,Rural,27.6,0,1074.8,6.99,346392.15
4,2068.4,2.5,Suburban,40.9,2,8596.2,6.52,392123.78
4,2073.1,2.0,Urban,38.6,2,3224.7,2.86,481515.53
4,2429.1,3.5,Suburban,38.4,0,1315.5,9.65,387320.13
3,2178.8,2.0,Suburban,36.5,2,9983.3,4.99,403439.77
2,1682.8,1.0,Suburban,37.9,2,9441.7,1.43,321692.14
3,1931.8,3.5,Urban,33.9,0,11280.1,9.98,422945.01
2,1610.9,2.0,Downtown,43.4,1,9655.1,6.68,401907.09
3,2294.5,2.0,Downtown,27.9,2,7187.8,6.28,580020.98
2,1532.2,1.0,Downtown,26.0,0,7700.7,9.21,361946.47
4,3173.7,3.0,Suburban,35.1,2,4081.7,5.65,574798.14
2,1995.8,1.0,Suburban,8.3,2,2172.1,3.92,374263.07
5,3302.3,3.5,Suburban,38.8,2,13051.9,2.16,620267.02
4,2506.2,3.0,Urban,46.8,2,10678.4,8.2,578252.32
3,2153.1,2.5,Suburban,14.8,2,2720.9,3.64,407484.2
4,2413.9,3.0,Urban,30.6,0,4699.3,5.41,555495.5
3,2053.1,2.0,Downtown,1.6,2,13085.2,5.33,619538.83
4,3038.2,3.5,Downtown,38.3,1,14437.6,7.53,806577.79
3,2044.1,1.5,Urban,28.0,2,12076.0,7.0,468226.25
4,2428.9,3.0,Urban,33.7,3,8979.4,4.52,599685.46
3,1483.0,2.0,Suburban,7.1,0,13168.1,4.55,345039.31
5,3415.0,4.0,Suburban,40.5,2,9775.3,3.07,663809.21
3,2358.8,2.0,Rural,12.8,3,10791.8,3.74,349880.89
3,2705.3,2.5,Rural,34.2,3,12577.3,7.26,373275.35
4,2753.9,3.0,Suburban,29.7,2,5955.7,5.84,532641.15
4,3692.6,2.5,Rural,32.7,2,11983.5,0.98,526558.03
3,1954.4,2.0,Suburban,2.5,1,3897.3,5.33,390341.66
2,1285.0,1.0,Suburban,37.1,2,3719.5,9.57,231354.51
3,1294.6,2.5,Rural,39.8,2,12358.7,1.54,212759.06
5,3115.7,3.5,Suburban,23.7,1,8893.2,1.5,648944.02
4,2964.2,3.5,Suburban,20.4,2,6794.6,6.84,581047.79
4,3439.3,3.0,Downtown,17.1,0,8328.3,9.6,865829.11
1,785.5,1.0,Downtown,46.4,2,14690.9,0.75,241324.76
3,1926.5,2.5,Downtown,37.8,2,13518.4,3.77,540626.22
3,2497.0,2.0,Suburban,34.9,2,8106.1,1.14,451387.23
4,2572.1,3.5,Suburban,46.3,2,8660.7,3.03,499527.97
1,617.4,1.0,Downtown,17.4,2,9599.2,5.77,219904.2
4,3031.9,3.0,Suburban,31.5,0,12071.6,4.7,560105.53
3,2594.4,1.5,Urban,34.3,0,13233.3,3.95,592657.43
2,1224.2,2.0,Urban,49.8,2,3051.4,2.5,258474.2
3,2110.4,2.5,Urban,21.4,0,9794.6,6.38,477809.79
3,1670.5,2.0,Suburban,20.0,3,4180.6,5.97,319454.88
3,1285.9,2.5,Suburban,4.2,2,9704.9,6.8,309268.35
2,1614.5,2.0,Urban,4.9,1,3398.3,8.04,391056.18
2,1240.6,1.5,Downtown,25.6,1,12311.5,7.43,380418.02
4,3353.3,3.0,Suburban,8.6,2,10253.1,9.59,657734.84
2,1714.7,2.0,Suburban,3.6,2,13123.9,2.11,389466.83
2,1328.5,2.0,Suburban,48.2,0,14222.1,9.54,219537.9
3,2238.2,2.0,Suburban,47.6,1,14075.0,2.14,384227.56
3,2204.4,1.5,Downtown,16.3,2,3032.3,8.51,557277.72
4,2991.2,2.5,Suburban,39.5,2,6275.5,7.99,528394.51
3,2275.8,2.0,Suburban,43.6,1,7763.3,6.83,388165.84
4,2910.8,2.5,Rural,23.2,2,12045.3,7.21,430797.51
3,2147.0,1.5,Rural,11.2,2,1207.4,7.07,272073.18
2,1240.2,2.0,Suburban,6.5,0,13956.2,5.53,308362.13
2,1635.4,1.5,Rural,7.0,1,6701.2,0.81,276054.96
3,2354.8,2.0,Urban,39.8,2,9835.5,6.01,530551.07
3,1835.6,2.0,Suburban,19.2,1,14728.6,4.2,387349.36
4,2043.5,2.5,Suburban,34.7,1,13357.2,3.09,414778.34
3,2046.6,2.5,Downtown,26.9,2,6070.5,5.16,551582.57
3,1763.0,1.5,Urban,19.7,1,7783.2,8.56,403579.36
2,1632.3,1.5,Downtown,6.2,2,11779.2,5.99,503319.13
2,1407.8,1.0,Urban,16.7,0,11409.8,9.67,320775.2
3,2466.3,2.0,Suburban,42.0,2,10867.2,4.5,475009.54
3,2458.7,2.5,Downtown,40.6,1,1149.7,2.1,600157.71
3,1890.9,1.5,Rural,1.4,3,3786.2,3.49,308603.8
2,1510.3,1.5,Rural,7.0,2,4103.5,1.87,230854.82
3,2420.8,2.5,Rural,37.8,2,4508.6,7.01,306303.21
4,3036.5,3.0,Urban,16.8,0,2346.6,2.02,687526.66
3,2114.6,2.5,Urban,32.2,3,12292.5,5.42,555685.17
3,1804.0,2.5,Suburban,28.1,0,5778.2,9.27,331226.02
5,2991.9,3.5,Downtown,32.6,0,11858.2,4.62,808712.74
3,1945.0,3.0,Suburban,2.7,0,14041.3,4.33,440698.8
3,2296.1,1.5,Suburban,46.6,2,5382.3,2.43,393197.18
2,1894.9,2.0,Suburban,1.0,2,7352.8,7.66,383192.72
3,1761.8,2.5,Suburban,0.4,3,2225.2,3.39,385296.0
2,1374.1,1.5,Downtown,11.3,0,5127.8,9.91,333263.81
5,3282.8,4.0,Downtown,49.7,2,8647.4,2.08,872061.77
4,3204.4,3.0,Urban,3.6,2,3522.6,0.52,751466.39
4,2105.6,2.5,Downtown,43.7,2,8518.0,5.62,566706.89
4,3403.2,3.0,Downtown,8.0,2,5380.3,1.15,930581.75
3,2039.2,1.5,Suburban,5.5,2,14860.7,4.01,445999.32
3,1988.3,2.0,Downtown,38.9,3,6260.0,4.79,536205.71
4,1991.5,3.0,Rural,42.3,2,1546.8,2.86,282069.45
5,3595.2,4.0,Urban,39.6,2,7621.4,9.79,789169.25
3,2139.0,2.5,Suburban,12.1,2,5676.3,3.78,415692.88
5,3335.6,3.0,Downtown,44.0,2,6180.4,1.87,880405.92
3,2160.6,2.0,Suburban,3.6,2,6187.5,0.85,437915.32
3,2089.2,2.0,Urban,17.1,2,13336.4,3.44,518587.09
3,1957.8,1.5,Rural,23.2,0,7975.7,8.3,281550.08
2,1602.9,1.0,Suburban,3.4,2,4539.8,2.84,311546.38
1,760.9,1.0,Urban,29.0,1,12095.0,6.19,154582.95
2,1331.6,2.0,Downtown,28.0,0,7208.3,9.9,335007.64
3,3052.8,2.0,Suburban,49.6,2,3035.0,3.76,500150.78
3,1879.0,2.0,Downtown,31.1,2,14979.0,6.35,535135.83
3,2088.3,2.0,Downtown,19.9,2,1383.0,6.2,532544.76
6,2653.4,4.5,Suburban,39.5,2,10929.3,6.15,534499.8
3,1409.4,2.5,Downtown,16.7,2,12865.8,9.56,429804.59
3,2087.1,2.0,Urban,26.6,2,5953.4,7.97,458009.57
2,1785.0,1.0,Rural,2.8,2,3202.8,0.58,268435.19
1,1355.4,1.0,Suburban,16.1,2,7111.8,0.77,263315.37
4,2911.5,3.0,Suburban,26.4,2,7754.7,0.88,565818.35
3,2056.5,2.5,Downtown,35.1,0,14995.8,3.96,570735.67
4,2267.7,3.5,Suburban,5.0,2,1272.5,4.68,483297.61
2,1923.5,1.0,Suburban,39.9,1,10182.4,8.17,323207.42
3,2706.9,2.5,Suburban,45.0,2,12262.3,6.54,498491.81
3,1994.0,2.0,Suburban,14.1,2,9650.7,10.0,389462.67
2,1678.3,1.0,Urban,38.3,2,9819.0,8.04,348616.88
1,1082.9,1.0,Downtown,9.0,1,13254.4,8.8,321958.04
2,1555.7,1.5,Urban,26.2,2,8912.4,2.23,392699.03
3,2324.5,2.0,Rural,39.9,2,13342.2,6.59,334553.83
2,1555.9,2.5,Downtown,19.3,1,3942.6,1.92,418918.38
6,3782.6,4.5,Suburban,1.3,2,8225.7,6.91,768836.3
3,2079.1,2.5,Suburban,27.0,2,1470.3,8.19,392879.63
2,1581.7,1.0,Urban,42.2,1,12248.8,3.35,345693.83
2,1663.6,2.5,Suburban,5.4,1,11882.0,2.09,351920.4
3,1997.8,2.5,Urban,1.5,1,8546.6,2.76,517924.48
2,1326.2,2.0,Suburban,40.5,1,6541.5,8.2,223023.52
4,2755.1,3.0,Suburban,13.4,1,6181.6,5.7,516267.22
5,3698.3,4.0,Urban,18.2,1,3815.5,5.6,834841.4
2,844.1,1.5,Rural,4.3,2,6990.5,5.98,144602.59
3,2415.2,2.0,Urban,4.8,3,5254.7,5.18,586554.61
1,603.2,1.0,Rural,30.7,1,9087.4,8.7,84765.74
3,2105.1,2.0,Suburban,27.6,1,12010.8,5.32,430059.58
3,1636.2,2.0,Downtown,14.6,0,10717.9,6.16,474954.32
3,1979.1,2.5,Suburban,22.6,1,8195.4,9.81,371404.63
2,1809.3,1.5,Downtown,19.4,1,14280.5,4.83,500842.61
3,2004.4,1.5,Urban,34.8,2,3762.5,2.28,428177.4
3,2424.1,2.5,Downtown,43.1,1,9959.6,5.85,623715.29
2,1361.5,2.0,Suburban,38.3,1,2232.6,7.19,204446.16
3,2231.4,1.5,Urban,0.2,2,10422.2,1.69,563370.72
3,2075.9,3.0,Suburban,5.0,1,11154.7,2.04,441519.61
4,2845.6,3.5,Downtown,21.5,1,11956.6,0.73,848816.22
2,1530.7,1.0,Rural,42.6,2,10292.6,7.57,211087.59
4,2946.8,2.5,Urban,11.8,2,2716.7,2.42,682186.4
3,1439.2,2.5,Suburban,43.9,1,1620.1,9.06,246257.44
2,1230.0,1.0,Urban,5.5,1,10999.7,5.4,295948.84
3,2255.3,2.0,Suburban,3.6,1,12175.3,9.57,452261.55
3,1429.5,1.5,Suburban,45.7,2,1457.0,4.14,251116.53
5,2876.8,4.0,Downtown,8.1,3,3099.1,9.58,812731.94
2,1512.2,2.0,Urban,23.2,1,12064.0,9.79,359275.8
3,2032.7,2.5,Suburban,16.3,1,14549.6,1.74,449835.8
3,1959.1,2.5,Urban,7.4,3,8287.5,1.69,523357.04
5,3313.2,3.5,Suburban,31.6,0,3146.4,4.52,603969.79
3,2525.0,2.5,Urban,48.2,1,5497.7,4.43,530434.53
5,2770.5,3.5,Downtown,32.9,1,11939.9,6.67,794150.49
5,3119.7,3.5,Suburban,17.7,2,8605.2,1.57,623319.37
3,1825.3,2.0,Urban,35.6,1,1809.1,7.69,401378.89
4,1784.4,3.0,Urban,7.2,1,5317.9,2.64,502666.56
6,3907.3,4.5,Urban,29.0,2,11539.1,1.93,933879.21
3,2306.5,2.0,Suburban,23.5,2,5560.9,8.05,433541.57
3,2170.1,3.0,Suburban,18.0,3,7052.6,1.26,487139.87
3,1915.6,3.0,Downtown,37.0,1,13670.7,7.26,566311.62
3,1780.0,3.0,Suburban,5.9,2,14785.0,1.56,408279.47
1,966.1,1.5,Urban,26.6,1,11600.8,7.53,230927.86
2,1707.2,2.0,Rural,42.7,0,4361.8,8.01,195528.06
3,2032.1,2.0,Suburban,10.1,1,4404.0,6.05,400197.01
3,2331.7,2.0,Urban,13.2,2,5259.7,3.84,552950.44
2,1877.3,1.5,Urban,33.0,2,3247.8,2.74,376438.09
4,2286.1,3.0,Rural,38.6,0,3503.7,8.18,292050.65
4,2691.8,2.5,Urban,14.2,2,4583.9,1.51,609721.12
2,1958.2,1.5,Suburban,18.0,2,10238.4,9.76,368156.38
3,1970.4,1.5,Downtown,37.0,0,9574.6,7.9,475278.55
3,1675.4,2.5,Suburban,14.3,0,5772.6,7.06,335980.99
5,3045.4,3.5,Suburban,33.3,0,3753.3,9.89,572420.58
1,579.6,1.0,Rural,7.9,2,9736.3,7.04,117753.18
2,1408.2,1.5,Suburban,20.6,2,2832.2,1.49,267708.58
5,2703.6,3.5,Suburban,34.4,1,3047.4,3.56,526068.94
5,3166.1,3.0,Rural,23.0,0,6367.1,6.06,435328.66
4,2568.3,2.5,Urban,1.0,1,8943.2,5.97,622252.46
4,1552.4,3.0,Urban,20.3,2,11196.0,0.6,460455.58
2,1612.8,1.5,Downtown,14.4,0,10617.7,2.97,428355.82
3,2266.3,2.5,Downtown,5.1,2,6298.3,7.49,629090.21
2,1559.5,1.5,Downtown,0.5,0,10165.1,6.77,430311.49
2,1265.1,1.5,Urban,2.3,2,3958.9,9.03,321267.61
4,2423.1,3.0,Suburban,47.5,1,7912.4,9.62,422778.04
2,1580.6,1.0,Downtown,37.5,0,9613.9,8.76,347880.7
3,2706.2,2.5,Urban,47.0,1,11421.7,5.75,571803.5
5,2911.3,3.5,Downtown,5.7,2,2114.2,5.66,802605.28
2,1447.1,2.5,Suburban,28.5,0,2416.0,4.01,283814.46
5,3223.4,3.5,Urban,4.2,2,2033.9,9.04,764079.68
6,2981.4,4.5,Suburban,1.3,1,8650.6,8.39,644479.3
3,2503.0,2.0,Rural,23.3,1,8980.8,7.9,337525.65
2,1721.0,1.0,Suburban,32.3,3,1154.2,7.89,283895.17
3,2293.0,2.5,Suburban,3.2,1,10193.8,8.56,485660.8
3,2000.1,2.0,Downtown,18.3,3,11686.5,9.23,574648.35
3,2627.9,1.5,Suburban,4.5,2,2632.5,8.3,458577.79
3,2598.4,2.5,Rural,18.1,2,5722.6,8.24,375478.4
5,4184.4,3.5,Rural,23.6,1,12899.6,6.77,587424.62
2,1709.5,1.5,Rural,16.9,0,10620.8,4.85,241950.56
4,2806.2,3.5,Suburban,28.8,0,5265.0,5.73,514746.45
1,893.2,1.0,Suburban,29.2,2,11391.4,5.59,182651.0
3,2209.5,2.0,Suburban,16.6,3,13421.7,8.33,464816.6
5,3315.6,4.5,Suburban,19.5,0,5330.5,3.03,640722.38
3,2580.4,1.5,Downtown,22.1,2,10580.0,3.95,689142.69
2,1807.7,1.0,Downtown,18.8,2,2307.9,5.79,455824.78
3,2373.5,2.0,Suburban,38.0,2,1821.6,9.86,419072.24
4,3568.5,3.5,Downtown,7.0,1,9207.6,5.15,952003.66
3,1535.4,2.0,Rural,42.9,0,7893.9,1.7,229723.18
3,2433.4,2.5,Urban,16.6,0,12341.2,6.9,581491.35
3,1905.6,2.0,Suburban,36.2,1,11924.0,6.36,384661.21
5,2366.4,4.0,Downtown,44.2,1,5013.7,8.54,636988.2
5,3019.1,3.5,Suburban,44.4,0,8171.7,8.62,545252.33
3,1761.9,2.5,Suburban,22.6,1,11580.9,2.96,352697.29
4,2561.4,3.5,Suburban,12.8,2,4793.3,0.93,530961.67
3,2043.3,2.5,Urban,30.3,3,6067.5,7.96,501615.87
3,2362.0,2.0,Rural,9.2,3,1838.1,6.7,340472.74
2,1264.3,1.5,Urban,39.5,1,2826.8,1.84,256247.88
3,2142.2,3.0,Suburban,35.6,0,9543.1,9.86,401583.44
3,2097.8,2.5,Suburban,39.8,3,7954.5,9.3,379200.06
1,1149.9,1.0,Suburban,21.7,2,3360.3,7.37,193165.95
3,1783.6,1.5,Rural,27.9,3,1101.9,1.01,265647.59
4,2193.0,3.5,Urban,5.1,2,3366.5,2.53,574671.15
3,1640.0,2.5,Downtown,34.4,2,11495.0,3.58,483852.62
3,1651.9,2.5,Urban,24.3,1,2311.6,1.03,416159.1
5,3787.2,4.0,Downtown,25.5,2,6634.3,8.36,977838.75
1,800.1,2.0,Suburban,42.3,2,4343.0,1.23,160200.48
3,2045.4,2.5,Urban,38.6,1,8691.6,2.45,481096.84
4,2880.0,3.5,Suburban,26.8,2,8161.7,3.53,587636.01
3,1563.8,2.5,Suburban,17.8,0,14761.3,3.65,353826.42
3,1987.4,2.0,Suburban,22.3,1,11820.3,3.02,414477.0
2,1746.8,2.0,Suburban,17.5,2,14136.6,9.8,361826.5
4,2092.0,3.0,Urban,7.6,2,9091.4,9.63,564386.29
3,1991.2,2.0,Urban,32.3,0,11328.9,6.39,450308.31
4,3002.8,3.0,Urban,34.6,1,13531.1,1.69,720422.58
3,1194.3,2.0,Suburban,48.6,0,1575.0,7.21,169780.11
3,2200.5,2.5,Urban,22.8,1,13816.3,9.77,520998.61
4,2767.8,3.0,Downtown,49.9,1,3964.8,9.98,669000.7
3,2449.3,2.5,Downtown,9.4,2,10870.2,6.36,703769.56
3,1750.2,2.0,Suburban,32.8,2,11826.8,2.29,356935.3
3,1419.7,1.5,Suburban,49.7,0,2530.6,8.4,184573.98
4,2849.6,3.0,Downtown,32.0,1,14343.4,6.42,752841.25
3,1966.4,2.5,Downtown,22.6,1,13971.8,4.8,563353.65
3,2105.5,2.5,Suburban,25.8,1,10163.7,1.92,464084.23
2,1553.6,1.0,Suburban,42.3,2,3174.6,2.78,212289.69
5,3622.9,4.0,Downtown,47.0,2,8924.7,6.0,946547.99
2,1877.0,2.0,Suburban,22.7,2,5818.0,2.98,355129.02
3,2243.5,2.5,Suburban,38.6,1,14030.7,5.04,436555.49
3,2079.4,2.0,Suburban,46.7,1,6693.2,7.3,355569.99
3,2004.2,2.0,Rural,14.1,2,10712.5,9.88,288204.44
3,2507.9,2.5,Suburban,24.7,2,9918.2,0.92,512799.69
2,1675.6,2.0,Rural,49.8,0,4794.2,8.07,169773.06
3,1784.2,2.5,Downtown,17.7,2,8497.0,1.71,568513.82
4,2993.1,3.0,Downtown,31.0,2,6739.7,9.46,779654.65
4,3364.7,2.5,Urban,32.9,2,6244.8,7.81,706989.1
2,1245.9,1.5,Urban,7.7,1,13096.1,4.28,333508.95
4,3086.0,2.5,Suburban,40.3,3,2956.6,5.37,568502.01
3,2156.2,2.5,Suburban,20.6,2,6745.5,6.93,399960.77
4,3041.2,2.5,Urban,25.0,2,1094.5,5.83,653744.03
3,2154.8,2.0,Rural,32.1,3,4666.5,9.81,293208.16
3,1675.0,2.0,Rural,20.5,2,9704.5,9.99,254764.09
5,3355.2,4.0,Suburban,16.3,3,2225.3,1.04,677026.8
4,1955.5,2.5,Urban,27.3,2,4796.5,7.41,470419.85
3,1972.9,2.0,Urban,17.3,1,13323.2,7.59,487761.2
3,2287.6,2.5,Urban,21.7,1,10685.7,8.01,547519.72
3,2683.1,2.0,Rural,5.4,1,1984.0,9.21,361076.91
3,2187.1,3.0,Urban,42.2,1,14893.3,6.14,511524.69
3,2190.1,2.5,Urban,20.6,1,14232.0,2.92,529505.22
3,2496.8,2.5,Suburban,4.1,2,2983.7,6.88,478689.96
4,2570.3,3.0,Suburban,39.5,1,13906.2,3.57,515547.15
2,1331.8,1.0,Rural,1.0,2,8699.2,3.75,192985.09
3,3114.4,2.5,Suburban,30.0,3,14011.3,6.32,604656.04
2,1664.1,1.5,Downtown,35.1,0,14552.7,3.25,430544.05
3,2640.3,2.0,Suburban,9.6,0,10709.9,7.1,481358.36
2,1739.0,1.5,Rural,6.6,2,5078.2,8.6,250862.51
3,1832.2,2.5,Urban,5.7,1,13945.2,9.86,447658.52
4,2672.9,3.0,Downtown,49.7,1,9028.7,2.1,718289.6
4,2658.5,3.0,Downtown,37.8,1,5781.6,4.83,699426.81
2,1680.9,2.0,Urban,15.6,1,7440.5,7.54,369390.79
3,1918.1,2.5,Suburban,16.8,2,6686.8,5.99,387134.75
3,1742.7,2.0,Downtown,32.4,2,14094.1,1.11,529793.5
4,2134.2,3.0,Rural,22.9,1,12477.7,3.81,330570.43
4,2595.6,3.5,Suburban,13.6,2,1439.2,8.04,495230.04
3,2279.4,2.5,Urban,2.9,1,1138.0,5.18,517132.06
3,2719.2,2.0,Rural,39.2,1,1971.2,7.1,334773.97
4,3230.0,3.0,Suburban,44.4,2,9545.4,6.58,589079.27
1,891.8,1.0,Suburban,10.3,2,12402.7,9.46,202669.92
3,2195.1,2.5,Suburban,3.2,1,8209.3,8.65,444268.36
5,3251.3,4.0,Rural,5.9,2,8486.1,3.77,499982.67
4,2942.4,3.0,Downtown,20.7,2,4365.9,5.23,787142.44
3,2240.6,1.5,Urban,15.0,3,7430.1,5.03,544928.26
3,2393.5,2.0,Suburban,3.7,2,4595.8,3.15,475873.69
3,2200.5,2.5,Urban,22.7,1,4836.2,6.4,515874.34
3,2127.7,2.5,Urban,10.2,2,6476.2,2.98,503392.95
3,2552.3,2.0,Downtown,3.3,0,1665.6,2.02,642544.56
3,1519.7,3.0,Suburban,32.9,1,14369.4,1.55,355145.84
4,3061.5,3.5,Downtown,28.6,2,13799.7,3.22,869288.94
4,2096.1,2.5,Suburban,41.3,3,12147.7,5.0,428617.39
2,1326.6,2.0,Rural,15.1,0,8959.2,1.6,218690.05
3,2387.7,1.5,Downtown,6.8,1,12382.4,6.92,657176.41
3,2506.7,2.5,Suburban,18.0,2,14637.9,8.77,522200.44
3,2387.1,2.5,Rural,38.9,3,4970.2,4.56,316177.69
2,1798.9,2.0,Rural,12.1,2,6099.9,8.8,260883.94
3,2171.5,2.5,Urban,12.8,2,11206.6,1.93,548058.45
4,3175.7,3.0,Urban,7.4,3,10000.1,1.24,795608.23
3,1794.1,2.0,Suburban,49.3,2,12547.5,8.23,348699.79
5,2821.1,4.5,Suburban,48.4,2,5857.7,9.76,532034.26
6,3761.0,4.5,Downtown,32.9,2,5347.7,3.74,1034952.84
2,1758.9,1.5,Suburban,10.7,2,9195.8,6.74,350329.46
2,1658.5,1.0,Suburban,38.3,2,3042.0,6.72,249803.24
5,3858.8,3.5,Suburban,29.2,2,1554.0,7.01,690949.99
5,3200.4,4.0,Downtown,37.5,2,4417.9,5.94,883067.47
2,1424.3,1.0,Downtown,43.0,2,3216.5,2.94,328484.11
1,954.6,1.0,Downtown,15.9,2,1093.5,1.27,255633.67
2,1610.1,1.0,Rural,45.7,1,11892.1,0.63,223875.54
6,3898.0,4.0,Rural,44.9,2,8605.0,2.21,556725.93
2,1996.8,1.0,Downtown,27.4,1,10365.3,1.64,535438.09
3,2562.2,3.0,Downtown,34.2,0,3282.7,0.86,650849.65
4,2662.3,3.0,Rural,20.6,2,4593.7,1.36,403520.64
1,831.0,1.0,Downtown,32.8,1,1841.6,0.96,184200.99
3,1657.7,2.5,Rural,27.4,2,14964.6,5.71,288374.57
3,1601.3,2.5,Suburban,16.1,2,2443.2,1.04,332369.71
4,2361.0,3.0,Suburban,16.1,2,2265.1,9.96,459150.33
3,2233.9,2.5,Urban,32.6,1,9598.4,5.27,539022.75
3,1796.9,2.5,Downtown,47.8,1,5646.4,9.06,460293.49
3,1978.1,2.5,Downtown,10.1,0,13426.1,5.13,581176.91
2,1684.2,1.0,Urban,19.6,0,12641.3,1.79,394051.19
1,901.0,1.0,Rural,40.3,1,13154.1,8.49,105559.87
3,2655.1,1.5,Urban,6.2,2,11291.8,2.76,626879.41
3,1589.6,2.0,Urban,49.7,1,2845.1,0.88,300134.98
4,2683.2,3.0,Rural,33.9,3,1890.6,2.31,395437.84
4,2565.1,3.0,Downtown,45.5,2,1904.8,6.2,628677.78
3,2399.1,2.0,Suburban,41.9,2,12224.9,4.63,449467.7
3,1343.6,3.0,Downtown,38.9,2,10199.6,2.04,423478.99
3,1756.3,2.0,Downtown,1.6,1,14733.8,5.56,571640.6
4,2628.5,3.0,Urban,20.3,2,10009.1,9.55,645944.77
3,2387.1,1.5,Downtown,10.1,2,4489.7,7.4,637637.43
3,2323.2,3.0,Downtown,43.6,2,2253.2,1.16,574349.92
3,1747.6,1.5,Suburban,34.0,2,6118.4,3.54,338498.33
3,1723.0,2.0,Downtown,5.4,3,3795.7,7.08,491096.54
3,2366.2,2.5,Downtown,18.0,2,9797.5,1.83,675354.36
3,1801.9,2.5,Downtown,3.5,1,2343.5,5.62,520510.63
2,1614.2,2.0,Rural,37.0,0,11815.1,5.69,220215.85
4,3064.7,3.5,Urban,20.9,1,10751.7,1.34,736012.05
2,1664.5,1.5,Rural,11.7,3,11309.0,6.26,256613.3
2,1752.4,2.0,Rural,25.9,0,14516.7,9.05,268371.56
3,1863.1,2.5,Rural,2.1,1,10107.8,6.69,297462.85
2,970.4,1.0,Downtown,12.9,2,12039.7,9.2,302983.92
3,2166.1,2.5,Rural,8.8,1,2194.3,6.33,311987.93
3,1947.6,2.0,Suburban,46.5,1,14203.3,7.64,379554.95
3,2224.0,2.0,Downtown,18.9,2,4060.0,8.98,550112.55
3,2445.6,2.5,Urban,29.2,2,7902.7,4.9,564094.19
2,1023.4,1.5,Suburban,25.1,2,14399.3,2.0,244565.63
2,1797.2,1.5,Downtown,33.0,1,3511.1,1.63,443963.21
4,2226.0,3.5,Downtown,14.0,2,1497.1,9.56,610156.58
3,2427.8,1.5,Suburban,6.0,2,5158.9,5.7,445504.71
3,2033.5,2.0,Urban,4.1,2,3189.3,6.99,466463.43
1,1009.1,1.0,Suburban,9.7,2,10352.4,6.31,222918.3
3,1735.8,2.0,Urban,24.1,1,4897.2,5.87,400433.13
3,1804.2,2.5,Downtown,11.8,2,1879.8,5.81,493883.71
3,2114.6,2.5,Suburban,21.7,2,13502.3,4.99,445073.27
4,2334.2,2.5,Downtown,1.5,2,1692.6,8.9,630908.91
2,1484.9,1.5,Rural,31.4,1,4797.8,1.65,195814.39
3,2383.0,2.5,Rural,43.9,2,4364.1,7.3,305258.25
4,3236.9,3.0,Suburban,2.4,3,1329.1,6.97,608152.46
5,3560.8,3.5,Rural,10.9,1,3313.3,1.09,493479.33
2,1893.3,1.5,Urban,15.9,3,12407.9,2.56,477239.38
3,2667.0,2.0,Downtown,14.4,1,1525.4,7.98,667008.52
2,1583.2,1.0,Suburban,2.0,1,1325.2,2.72,294745.1
2,1094.5,1.0,Urban,5.3,2,9876.3,5.99,295274.44
3,2274.4,2.5,Suburban,45.6,1,2244.9,1.3,406618.22
2,1043.8,1.0,Suburban,35.6,2,6202.1,2.62,191995.97
4,3646.6,3.0,Suburban,47.9,1,1030.0,8.96,604314.83
3,2797.8,2.0,Suburban,22.0,2,6073.3,3.94,490353.38
2,1841.6,1.0,Downtown,44.0,2,5452.6,8.16,414519.38
1,1072.9,1.0,Suburban,40.8,0,9577.8,5.05,168017.63
4,3072.6,4.0,Urban,43.7,0,7987.3,3.56,652222.16
2,1569.3,1.5,Urban,2.0,3,10499.4,5.88,412305.02
3,2174.8,2.5,Suburban,32.6,2,14102.0,5.57,406185.35
3,1814.1,2.5,Suburban,28.3,2,12132.4,9.86,363227.32
3,1313.6,1.5,Downtown,27.3,1,14069.7,3.77,414442.9
3,2026.1,3.0,Rural,25.2,2,1759.2,6.71,274421.18
2,960.7,1.5,Suburban,39.8,3,14864.7,7.05,213317.24
2,1850.8,1.0,Suburban,48.4,1,5508.8,6.45,263891.76
2,1897.1,1.5,Downtown,41.4,2,4874.1,5.05,455377.9
3,1380.6,2.0,Downtown,43.5,0,6649.3,7.94,330072.48
3,2354.7,2.5,Downtown,24.2,2,11966.2,7.8,650831.8
3,2110.9,2.0,Urban,34.5,1,14360.0,9.61,498634.2
1,634.1,2.0,Suburban,20.8,2,8759.3,9.78,136931.2
3,2065.3,2.0,Suburban,18.0,0,3161.4,2.54,395753.97
3,1955.3,2.5,Rural,44.8,1,3996.8,6.72,250828.79
5,3699.4,3.0,Downtown,45.3,0,6675.2,8.64,909256.16
3,1575.4,2.0,Downtown,34.1,2,6120.6,9.64,412196.99
3,2238.4,2.5,Downtown,41.9,1,4335.8,1.86,536020.71
3,1891.4,2.0,Suburban,18.0,1,12903.2,9.52,362744.17
5,3541.7,4.5,Rural,21.7,3,4921.6,2.64,526354.66
4,2754.3,3.0,Rural,41.1,0,9298.5,5.94,351559.75
3,1790.7,2.0,Suburban,19.9,2,7710.2,6.72,367678.93
2,1491.6,1.5,Urban,2.0,1,13928.4,8.86,400353.38
3,2774.3,2.0,Rural,17.7,1,9804.9,8.13,360032.33
3,1893.1,3.0,Suburban,19.9,1,5649.3,9.38,364415.16
4,2381.5,3.5,Downtown,7.7,3,9941.7,7.98,727533.56
3,2346.6,2.5,Urban,17.2,2,5464.7,3.72,558299.12
2,1456.1,1.5,Urban,46.7,0,2272.2,2.2,275219.39
4,2114.1,2.5,Suburban,42.9,0,7792.9,1.98,389189.24
4,3671.1,3.5,Suburban,22.3,2,13042.8,1.33,700894.98
3,2112.5,2.0,Suburban,35.5,1,13728.5,9.36,398390.18
3,1996.1,2.5,Suburban,7.6,3,8612.4,5.12,430991.6
3,2316.0,2.5,Downtown,37.6,2,10793.3,9.67,595044.32
4,3490.8,3.5,Suburban,23.8,2,9549.7,7.86,693842.71
4,1759.8,2.5,Downtown,36.1,1,12351.5,9.56,503687.34
3,1972.1,2.0,Suburban,32.2,1,2445.1,8.75,327181.56
3,2903.5,3.0,Downtown,11.6,3,6619.2,6.04,786034.02
4,2714.5,2.5,Rural,41.7,1,4543.1,2.65,376401.25
3,1754.0,2.0,Downtown,28.6,1,1092.1,2.91,461114.52
3,2085.4,2.5,Suburban,39.2,2,12618.9,4.03,426841.72
4,2781.8,3.0,Downtown,4.7,1,2878.6,0.73,781363.41
2,1771.8,1.5,Downtown,30.8,2,5527.3,6.83,420635.93
3,1867.9,2.5,Urban,14.6,3,13136.3,5.77,504661.86
4,3086.2,3.5,Downtown,43.0,1,11098.4,1.46,806560.54
4,2213.8,3.0,Suburban,47.5,1,8948.0,8.34,425178.96
3,1580.2,2.0,Downtown,2.8,0,5343.7,8.32,453294.37
2,1265.1,1.5,Suburban,36.2,1,8214.5,1.63,227583.13
3,2925.4,2.0,Urban,5.1,0,1787.3,2.44,615377.64
3,2106.7,1.5,Rural,42.9,0,11182.2,2.88,267263.75
2,1455.4,1.5,Suburban,6.2,0,4322.4,5.49,276054.87
4,2917.2,3.5,Urban,9.8,2,7708.8,9.48,692822.37
3,2425.1,2.0,Urban,12.6,2,2322.6,6.82,534621.91
3,1754.1,1.5,Suburban,36.4,3,10951.0,6.97,342688.25
3,2378.9,2.0,Rural,14.6,1,13541.6,3.27,386877.09
6,3273.5,4.5,Suburban,29.8,2,7383.1,6.43,672483.9
3,2931.5,1.5,Downtown,28.6,2,2165.2,2.51,705474.95
2,1414.1,2.0,Rural,20.1,2,14231.0,7.25,212425.72
2,1282.0,1.5,Downtown,27.0,2,7258.7,2.73,337940.94
3,2281.3,2.0,Suburban,5.9,1,2124.8,0.63,411156.63
3,2259.4,2.0,Suburban,43.8,1,3638.0,5.48,387077.73
3,2225.9,2.0,Suburban,10.4,1,2677.8,3.33,414521.0
3,2486.5,3.0,Urban,44.0,1,3765.4,6.48,536241.07
2,1452.3,2.0,Downtown,25.9,2,3181.0,7.59,385584.7
3,2657.1,2.5,Suburban,30.7,0,13920.3,8.23,457680.56
3,2227.5,2.5,Downtown,12.9,1,3927.0,9.82,564445.22
2,1749.8,1.5,Downtown,11.1,0,7187.5,5.78,427273.51
2,1466.2,2.0,Urban,24.5,0,11218.3,5.08,341942.65
2,1459.9,1.0,Urban,13.4,1,10477.6,2.83,361137.36
2,1733.5,2.0,Suburban,21.2,2,14390.5,7.6,363006.06
3,2292.3,3.0,Downtown,22.0,1,14524.4,5.09,663718.01
2,1636.5,1.5,Suburban,13.5,3,8989.7,3.61,327736.76
3,2073.6,2.0,Suburban,14.6,1,11532.3,4.6,455173.92
2,1308.0,1.0,Urban,48.6,0,6404.6,4.02,244607.03
5,4069.1,4.0,Downtown,29.4,0,7009.5,9.8,1046994.02
4,2652.4,3.5,Suburban,41.6,2,2461.2,2.65,507684.39
2,1541.5,1.0,Suburban,2.3,2,10427.9,4.44,337950.0
3,2155.3,2.5,Rural,0.1,3,4788.5,3.42,350830.62
2,1037.5,1.5,Downtown,26.0,0,2118.1,2.13,249010.79
3,2303.4,2.0,Downtown,41.3,1,2375.2,3.35,537923.13
1,1010.4,1.0,Rural,30.5,2,11113.3,5.15,149650.26
3,1935.2,2.0,Suburban,30.9,2,4205.0,6.5,352952.91
3,2154.8,2.5,Urban,7.0,1,11779.8,6.36,500644.44
4,3048.5,3.5,Urban,48.9,2,13682.9,7.84,695684.94
2,1336.4,1.5,Suburban,26.5,2,5771.9,1.18,275070.72
4,2842.6,3.0,Downtown,5.1,1,12114.3,3.49,801120.98
4,2493.6,2.5,Suburban,20.7,0,7002.5,3.85,456994.86
2,1636.9,1.5,Urban,3.6,2,11811.0,7.08,420930.66
3,2140.8,2.0,Urban,20.9,2,5294.1,2.47,502642.72
2,1834.6,1.5,Urban,35.6,1,14040.8,2.54,420482.65
3,1487.7,2.0,Suburban,16.2,1,14820.9,1.4,354136.47
3,1740.7,2.0,Suburban,15.7,0,6406.1,5.57,336721.8
3,2403.5,2.5,Suburban,25.7,2,3785.0,7.4,433541.18
3,2184.0,2.5,Rural,24.9,0,10594.6,7.13,310091.11
5,3279.8,4.0,Rural,23.4,2,9170.3,7.56,487130.53
2,1268.3,1.5,Suburban,25.8,2,14880.6,2.11,291154.47
5,3130.0,4.0,Suburban,2.4,2,12362.3,6.07,666297.13
2,1390.6,2.0,Urban,23.7,2,12691.5,1.39,382370.97
4,2512.7,3.0,Suburban,49.6,2,11170.7,9.68,486634.86
3,2273.0,2.5,Suburban,38.2,2,5911.0,1.5,433872.83
2,1575.3,1.5,Suburban,14.4,1,14101.8,8.84,287604.53
4,2452.9,2.5,Downtown,33.9,0,7519.4,0.86,623839.97
3,1797.1,2.0,Downtown,16.5,2,6592.2,5.55,517456.94
3,1563.4,2.0,Downtown,9.6,0,3719.3,8.6,402467.67
3,2427.8,2.5,Downtown,38.7,2,5255.4,6.53,627450.12
3,1628.8,2.0,Suburban,10.5,2,1031.6,5.19,300866.08
3,1865.3,2.0,Downtown,42.9,1,10238.7,1.71,511163.28
4,2733.5,3.5,Suburban,19.0,2,9476.5,6.76,539742.12
2,1658.5,1.5,Downtown,37.8,2,6642.5,6.22,427971.34
3,2139.6,2.0,Suburban,13.0,2,14539.5,4.86,443003.46
4,2594.7,3.0,Suburban,32.6,0,10703.5,2.73,486490.11
2,1362.7,1.0,Rural,10.6,2,4398.0,2.59,204896.14
2,1648.7,1.0,Suburban,1.1,1,6301.8,9.72,285140.61
4,2383.7,2.5,Downtown,40.7,1,8221.2,9.67,591011.13
3,1822.4,2.5,Suburban,42.8,2,8634.9,9.4,356162.31
3,2602.2,2.5,Urban,44.0,1,4858.9,5.4,558701.88
2,1367.2,2.0,Suburban,1.8,2,4492.2,9.89,279575.79
3,2358.9,2.5,Suburban,38.0,2,5191.9,3.33,425992.36
2,1798.3,2.0,Rural,41.8,0,14486.9,4.56,228508.36
3,2506.9,2.5,Suburban,15.6,1,6033.4,2.16,489135.62
4,3490.4,3.0,Rural,23.5,1,6238.0,4.91,471468.47
3,1590.0,3.0,Urban,20.4,0,11083.4,2.26,402647.08
3,2390.1,2.0,Urban,22.0,2,3278.6,1.13,539795.45
6,4453.1,4.0,Suburban,42.3,1,10004.3,0.59,812181.9
3,1851.0,2.0,Downtown,20.9,2,10325.8,4.1,541142.81
4,2691.4,3.0,Urban,15.1,2,1903.2,9.03,601405.19
3,2503.2,2.5,Suburban,6.5,2,3659.2,4.66,487051.28
4,2051.3,2.5,Suburban,33.7,1,7530.9,6.63,372206.36
1,1142.2,1.0,Downtown,4.2,2,12695.8,8.27,355907.12
2,1875.3,1.5,Suburban,3.1,1,11252.8,5.75,351981.37
2,1465.5,2.0,Suburban,34.1,2,13228.3,5.85,308616.83
3,2231.3,2.0,Suburban,34.7,3,12914.1,5.48,442808.48
4,2807.8,3.0,Suburban,10.0,2,8161.0,1.69,545577.85
3,1845.2,2.0,Suburban,47.9,1,9712.0,6.54,332868.57
3,1651.8,2.5,Urban,39.4,2,13891.2,7.37,426756.64
4,2908.2,3.5,Suburban,34.3,0,11375.0,0.5,558168.43
3,2267.7,2.5,Suburban,37.7,3,6010.3,1.29,418534.44
3,2344.1,2.0,Urban,20.6,3,5905.1,5.65,533715.84
3,1879.7,2.5,Urban,22.8,2,6132.7,8.47,408038.83
3,2094.6,2.5,Suburban,43.5,1,7932.8,5.56,386010.58
2,1071.1,1.5,Rural,1.3,2,6074.8,4.63,197448.57
6,2934.7,4.5,Suburban,40.1,1,3625.1,9.4,553701.49
2,1358.5,2.0,Suburban,22.4,1,9328.9,1.22,284094.08
2,1711.2,1.0,Urban,23.2,1,13168.9,1.81,421739.44
4,3122.2,3.0,Downtown,16.3,1,7895.7,7.01,849715.23
3,2133.3,2.5,Rural,30.4,2,4068.1,1.53,316713.46
3,2088.8,2.0,Suburban,33.8,2,12382.7,1.78,405075.64
3,2049.9,2.0,Urban,8.0,3,11580.4,8.78,539887.89
3,2085.2,2.5,Suburban,28.3,1,10803.0,2.5,426484.39
3,1629.2,2.5,Downtown,23.2,1,10446.1,6.41,481501.89
3,2035.3,2.5,Urban,39.1,0,11951.8,4.27,468678.28
3,2047.9,2.0,Urban,27.3,3,12623.7,1.8,535261.67
4,2296.8,2.5,Rural,21.5,1,13574.8,4.17,329933.19
3,1825.8,2.5,Suburban,26.4,3,9539.0,4.45,387012.1
5,3460.7,3.5,Suburban,24.5,2,6510.3,6.47,642749.45
1,866.5,1.0,Rural,46.8,0,2258.5,1.96,90413.36
3,1869.6,2.0,Suburban,15.6,1,11113.8,0.85,383136.61
3,2043.6,2.5,Downtown,1.9,1,2976.9,6.26,608791.4
5,4259.4,4.0,Downtown,33.1,1,13159.3,1.12,1148524.66
1,634.2,1.0,Rural,30.2,1,6682.2,1.96,75456.84
3,2296.1,2.5,Suburban,45.5,2,13265.9,9.82,445173.2
4,2228.1,3.0,Urban,5.9,2,8258.6,0.72,583723.16
2,1655.0,2.0,Suburban,26.1,1,7348.8,6.6,309445.45
4,2778.6,2.5,Downtown,7.5,1,6090.0,1.82,760099.03
1,817.0,1.0,Rural,22.8,2,1858.9,8.3,75000.0
4,2407.9,2.5,Suburban,40.0,1,1161.4,6.03,408781.31
5,3715.6,4.0,Suburban,42.9,2,8121.6,4.99,679573.29
3,2698.8,2.5,Downtown,41.7,1,13615.5,4.87,665972.22
3,1955.9,2.0,Suburban,27.4,1,9205.5,6.87,363994.07
1,778.2,1.0,Urban,31.7,2,13073.3,8.47,192525.27
5,4615.0,4.5,Suburban,27.6,2,14996.6,0.57,879764.76
3,2772.1,2.0,Suburban,28.1,1,3500.6,0.69,506455.04
1,978.8,1.0,Downtown,44.3,1,10234.1,3.09,246134.41
3,1750.5,2.0,Rural,10.5,1,6836.7,7.51,263541.22
3,2651.5,2.5,Urban,21.9,0,3923.3,2.34,578312.92
2,1063.6,2.0,Urban,30.5,2,4372.7,4.36,265993.1
2,1671.9,1.0,Downtown,38.3,1,4425.2,5.32,381469.32
2,1575.1,1.5,Suburban,38.1,1,11215.1,4.04,317349.78
3,2543.9,1.5,Downtown,5.9,0,5970.0,4.91,615188.78
3,2159.9,2.5,Suburban,11.1,2,4580.3,8.09,428550.98
3,1841.5,3.0,Suburban,45.6,1,13403.4,2.68,372050.35
4,3143.1,2.0,Rural,17.9,3,1480.8,3.6,453477.67
4,2751.6,2.5,Rural,0.1,1,11298.6,5.5,426108.77
3,1896.7,2.5,Suburban,10.0,1,14447.8,8.72,407293.11
1,924.5,1.0,Suburban,48.5,2,9759.0,2.45,189662.87
3,1952.4,2.0,Suburban,15.5,2,8674.3,5.49,394283.3
3,1876.1,1.5,Downtown,30.7,0,1860.3,8.82,429601.91
3,2003.8,2.5,Urban,36.3,2,8041.4,1.57,466043.77
3,1728.3,2.5,Urban,32.3,1,6059.7,7.35,393119.43
3,2508.3,3.5,Suburban,18.9,2,11893.4,2.63,557126.87
5,2940.2,4.5,Urban,21.5,0,12364.9,2.15,750901.85
2,1259.9,1.0,Rural,41.9,3,3346.4,2.75,174033.71
3,1453.1,2.0,Suburban,33.1,2,8311.4,5.28,276905.72
1,779.8,1.0,Suburban,1.2,2,13039.1,6.23,241405.74
5,3990.3,3.5,Rural,10.2,2,9743.4,2.35,568483.05
2,1481.0,2.0,Urban,14.3,1,7733.6,1.56,372353.09
2,1625.8,2.0,Rural,18.3,2,13572.9,4.8,271196.26
3,2449.4,2.5,Downtown,28.8,1,14530.8,1.05,697648.45
3,2278.1,2.5,Suburban,18.3,1,4293.8,5.62,414648.42
2,1307.8,1.5,Suburban,41.3,2,3559.1,6.99,231028.83
3,2561.2,2.0,Suburban,23.7,3,13107.6,9.49,480857.24
3,2322.5,1.5,Rural,25.1,1,4401.3,1.86,336729.07
1,1017.2,1.0,Suburban,21.4,3,12869.7,4.62,212703.26
3,2362.5,2.0,Rural,15.5,1,5216.6,2.94,324530.16
4,2527.0,3.0,Suburban,36.2,2,1268.6,2.57,477410.39
3,1823.4,2.5,Downtown,11.5,2,6907.1,5.44,534883.2
4,2351.7,3.5,Downtown,34.5,1,1565.1,1.86,646790.38
3,2577.9,2.0,Downtown,26.5,2,3911.9,0.65,682229.1
3,1904.1,2.0,Suburban,5.1,0,7711.1,2.04,394150.11
2,1486.6,1.5,Downtown,0.9,2,1538.9,3.69,405417.92
3,2391.7,2.5,Suburban,8.5,2,1465.0,0.6,464010.9
4,2832.7,2.0,Urban,38.1,2,3172.1,8.64,564274.24
6,4373.7,4.0,Downtown,19.2,2,7478.5,6.04,1154489.73
3,2653.3,2.0,Downtown,40.2,1,14636.2,0.76,698624.06
1,1017.9,1.0,Suburban,25.1,2,2307.8,2.67,193398.24
2,1553.5,1.5,Urban,1.6,2,9707.4,6.81,404327.38
3,1668.4,2.5,Rural,42.3,2,7959.0,0.78,249988.62
3,2031.3,2.5,Urban,46.8,1,1842.2,4.08,404835.61
2,1385.5,2.0,Rural,3.7,2,1478.0,1.42,230968.84
5,2745.2,4.5,Downtown,10.4,1,4105.7,4.22,789166.53
3,2535.7,2.0,Suburban,35.8,1,10586.5,9.7,460409.29
5,3162.8,4.0,Urban,49.9,1,14473.4,4.82,749655.32
4,2829.5,3.0,Urban,43.8,1,8785.1,6.33,636772.19
4,2403.5,4.0,Urban,4.9,2,1640.8,4.38,589822.12
3,2353.7,2.0,Suburban,30.4,2,4611.7,3.49,423445.24
3,1719.5,2.0,Downtown,33.3,2,14192.5,6.3,503442.81
3,2915.4,2.0,Suburban,31.5,2,1175.3,6.4,490129.92
3,2459.3,2.0,Downtown,28.4,1,9431.5,6.35,621262.54
3,2102.1,2.5,Downtown,14.6,1,3504.9,0.75,565748.18
6,3099.6,4.5,Urban,33.4,1,1927.0,7.12,692687.71
4,2456.8,3.0,Downtown,36.4,2,4562.1,6.92,632483.22
4,2965.7,3.0,Suburban,28.8,2,14117.8,1.17,611179.13
4,2804.8,3.0,Rural,24.9,2,11664.6,2.31,439227.01
2,1148.4,1.5,Suburban,11.0,2,3397.1,5.44,240259.99
2,1288.2,1.0,Downtown,27.2,2,1919.8,3.93,313908.75
3,1808.1,2.0,Urban,6.4,2,7904.0,5.97,455899.48
3,1708.1,2.0,Urban,3.6,1,1737.3,7.72,417186.87
4,3542.8,3.0,Suburban,38.9,2,6656.8,5.71,649641.75
3,1422.0,2.5,Urban,33.8,0,12203.5,4.86,317802.49
3,1962.2,2.5,Suburban,32.5,0,8009.3,3.0,357936.99
3,1658.2,3.0,Urban,46.4,2,13555.8,6.35,411832.02
1,635.2,1.0,Downtown,19.0,1,12077.6,8.36,223193.66
3,1364.3,2.0,Suburban,20.0,2,8773.8,2.99,316586.71
4,2586.9,2.5,Suburban,20.7,2,12065.7,7.99,495855.58
2,1734.9,2.0,Urban,23.3,1,2328.1,4.47,381390.48
3,2006.6,2.0,Urban,25.6,0,3819.1,1.56,479425.45
3,1807.4,2.5,Rural,38.9,1,10805.9,9.15,270967.74
2,1875.9,2.0,Downtown,10.9,2,1080.1,6.98,469381.68
2,1826.8,1.5,Urban,21.7,2,1065.5,8.49,395900.88
6,3594.4,4.5,Downtown,25.3,2,6324.8,6.72,996670.46
3,2543.2,2.5,Suburban,8.5,1,13139.1,1.67,513313.88
2,1671.4,1.5,Suburban,35.1,2,14731.9,5.65,333501.43
2,1599.9,1.5,Downtown,2.8,2,10097.7,6.52,471946.97
3,1809.9,2.0,Downtown,29.3,1,14303.9,2.98,517487.34
3,2140.8,3.0,Urban,10.1,1,12867.4,6.49,527655.89
3,1954.2,2.0,Suburban,0.4,1,3820.7,5.88,375938.25
2,1905.1,1.5,Suburban,15.8,0,6655.4,0.71,351455.1
4,2430.2,3.5,Suburban,21.5,1,9732.8,8.88,500586.94
3,2234.7,2.0,Downtown,40.9,2,3118.4,5.57,523910.54
3,1855.9,2.5,Downtown,20.4,2,5383.5,6.05,498141.61
3,1462.8,1.5,Suburban,45.8,1,11589.4,1.94,287899.1
3,2390.2,3.0,Downtown,42.1,2,5825.2,8.14,601096.36
4,1931.0,3.5,Rural,9.6,2,13963.1,5.55,339632.16
5,3126.4,3.5,Rural,7.8,2,6694.9,1.34,467471.04
3,2257.8,2.0,Suburban,12.2,2,4076.6,7.16,412686.78
4,2858.8,3.5,Downtown,18.0,0,3941.7,5.14,732776.67
4,2727.5,2.5,Suburban,29.2,1,10621.0,3.68,497166.78
5,3545.9,3.5,Downtown,6.2,1,6154.1,9.26,952370.14
2,1472.9,1.5,Suburban,26.6,2,4321.5,8.3,271329.61
3,2490.4,3.0,Downtown,29.0,1,10714.1,0.91,713406.31
3,2734.8,2.5,Urban,33.0,2,6899.6,7.14,602840.14
4,2897.3,2.5,Suburban,27.5,2,12843.9,2.14,574583.53
1,1243.8,1.0,Suburban,41.3,2,8685.7,0.66,233485.98
3,2134.6,2.5,Downtown,32.1,2,14610.5,2.58,617905.86
3,2334.3,2.5,Suburban,46.2,0,6242.4,0.95,397136.5
3,2385.0,2.0,Downtown,35.0,3,4949.5,6.56,615933.52
3,2204.6,3.0,Rural,21.8,2,10023.7,7.7,339506.87
4,2830.3,3.0,Suburban,10.5,2,10917.1,2.19,567143.55
3,1926.8,1.5,Downtown,0.5,1,1237.6,2.49,517075.09
4,3069.4,3.0,Suburban,4.5,3,10371.4,1.77,626905.49
3,2245.3,2.5,Downtown,9.5,0,3534.3,5.84,597844.68
3,2458.5,2.5,Suburban,10.8,0,14424.1,5.15,487497.51
3,2158.9,2.0,Downtown,37.1,1,9064.1,0.56,595363.9
1,667.6,1.0,Suburban,19.3,2,2773.0,4.01,149062.36
3,1920.3,1.5,Suburban,16.2,2,1738.1,1.34,348419.1
3,2474.3,2.5,Urban,2.6,3,13314.4,6.0,625557.34
3,2847.0,2.0,Suburban,26.9,1,12908.7,5.0,540176.76
4,2576.7,3.0,Urban,30.6,1,7077.3,4.86,589764.32
3,2286.1,2.5,Rural,43.9,2,2225.0,7.48,290448.93
2,1457.7,2.0,Rural,25.1,1,6459.8,4.86,210415.95
2,1255.6,1.0,Suburban,0.4,2,11647.4,5.12,288074.43
3,1949.6,1.5,Urban,3.3,0,10260.9,6.51,478366.47
3,1317.9,2.0,Suburban,13.6,2,13112.3,3.36,319781.96
2,1650.8,1.0,Suburban,7.0,2,11516.7,9.41,339110.03
3,1330.3,2.0,Rural,38.5,1,5621.9,3.17,199342.69
3,2091.3,3.0,Downtown,5.4,1,5775.9,9.18,603619.03
3,1770.6,2.5,Suburban,8.0,0,10068.6,8.23,364436.38
4,2326.1,4.0,Suburban,33.3,2,5342.4,9.11,461485.7
3,2616.6,2.0,Downtown,12.0,2,13147.2,2.24,747859.0
3,2217.1,2.0,Rural,48.5,2,5587.8,2.7,285106.56
4,2270.3,2.5,Suburban,43.2,3,7845.1,8.55,430734.33
3,1767.9,2.5,Urban,37.2,3,1605.2,9.59,373712.49
3,1747.4,2.0,Rural,17.2,0,2653.3,7.66,245607.39
3,1866.9,2.5,Urban,2.8,2,2846.5,6.56,481840.07
1,938.4,1.0,Rural,16.8,2,5817.8,8.19,104909.92
3,2539.4,2.0,Downtown,18.8,2,2632.8,0.9,674774.65
3,1450.8,3.0,Suburban,6.4,2,7399.5,8.62,334625.8
5,3263.5,3.5,Suburban,6.0,1,4768.2,3.17,661679.32
4,2730.4,2.5,Urban,33.4,1,4814.4,1.04,607244.19
3,2523.3,2.0,Downtown,11.6,0,7237.0,6.98,659510.83
3,2198.2,2.0,Urban,33.9,0,12953.8,7.65,484107.66
2,1807.9,2.5,Downtown,27.4,2,11664.2,6.46,514290.69
3,1901.7,2.5,Downtown,45.1,2,13372.2,3.83,554279.45
3,2102.0,2.0,Suburban,39.9,2,14862.5,1.61,462189.18
3,2567.3,2.0,Suburban,7.6,1,1155.4,7.81,448038.76
3,2355.0,1.5,Rural,30.5,2,10695.1,0.95,340595.58
2,1549.4,1.5,Urban,32.7,3,2677.6,7.72,317196.92
5,3866.3,3.5,Suburban,43.1,2,14115.5,9.6,719444.36
2,1674.9,1.5,Downtown,32.0,1,4175.8,9.97,375813.2
5,4135.3,3.0,Downtown,7.0,1,5899.4,4.26,1062287.44
5,3589.1,3.5,Suburban,12.9,2,14706.7,1.53,746413.16
3,1925.0,3.0,Downtown,31.9,3,13140.7,1.4,603916.84
4,2557.9,3.0,Urban,45.6,2,1660.9,5.17,535548.01
3,2122.1,2.0,Downtown,44.6,2,1656.1,8.02,478141.35
3,2059.7,2.0,Suburban,18.0,2,12463.8,0.95,450179.38
3,2590.0,2.0,Urban,41.5,2,1985.2,2.1,528154.33
3,2411.1,3.0,Urban,25.6,2,12924.3,6.09,621061.64
3,2133.4,2.0,Suburban,23.2,2,13944.7,1.31,446047.96
3,2216.4,2.0,Downtown,17.5,2,1333.7,8.84,557447.94
3,3094.5,2.5,Rural,33.9,1,4080.1,5.28,396411.15
3,1943.4,2.5,Urban,30.0,3,1324.7,4.17,424175.01
3,1644.1,2.5,Urban,18.7,2,2019.7,0.63,386651.72
2,1056.2,2.0,Downtown,38.1,2,8477.0,1.57,339886.86
2,1406.5,2.5,Suburban,19.0,2,11222.3,8.36,328295.1
3,2647.5,2.0,Downtown,29.2,1,7712.6,7.14,643655.01
2,1367.7,1.0,Downtown,19.6,2,6403.2,0.69,391534.61
2,1373.8,1.0,Downtown,5.8,3,3894.1,9.75,396754.81
4,2849.7,3.5,Suburban,8.1,2,4312.1,3.86,550759.37
1,996.3,1.0,Rural,32.8,0,9153.5,6.26,124321.27
3,2218.5,2.5,Suburban,40.6,2,12980.7,7.36,421831.84
3,2608.9,2.0,Urban,23.4,2,6664.0,9.59,567632.83
4,2791.7,3.5,Rural,16.3,2,14154.8,8.96,452291.36
3,2249.4,1.5,Downtown,16.8,3,1729.7,6.18,584094.73
3,2600.1,2.5,Downtown,29.9,1,12608.9,1.82,714502.86
3,2186.5,2.5,Downtown,23.4,1,5741.5,8.53,531605.25
3,1863.0,2.5,Rural,0.0,1,13162.7,8.26,319297.03
3,1669.9,2.0,Urban,38.6,0,13871.8,6.57,387794.35
2,1300.1,1.5,Suburban,7.1,1,10805.7,9.9,304846.4
6,3586.1,4.5,Urban,33.7,2,5970.7,5.52,847123.08
3,2389.6,1.5,Downtown,17.2,3,7397.1,2.53,647498.7
3,2154.7,3.0,Downtown,28.9,2,8724.9,2.91,639985.02
4,3036.5,3.0,Suburban,42.8,1,7469.1,4.36,549235.2
3,1686.3,3.0,Urban,7.7,2,12076.2,4.52,483101.06
4,3456.3,3.0,Suburban,38.9,2,11801.4,8.4,616537.29
3,2354.7,2.5,Downtown,1.9,2,1177.2,8.93,615033.08
4,2201.1,2.5,Suburban,46.1,3,3123.3,4.14,400260.52
2,1484.1,1.5,Downtown,10.1,3,6089.7,9.48,416709.61
4,3753.3,3.0,Urban,39.7,1,10413.9,9.32,779060.34
4,2565.7,3.0,Suburban,3.4,2,4215.8,4.4,495705.19
2,1533.0,1.0,Suburban,16.4,2,5519.1,8.75,281795.13
2,1533.4,1.0,Rural,31.7,2,7469.1,1.57,193688.65
3,1984.8,2.0,Urban,32.9,2,9253.8,5.36,471394.86
5,3106.7,4.0,Downtown,34.9,2,13625.2,7.27,908674.8
3,2173.2,1.5,Suburban,17.5,2,12264.9,3.78,441807.26
3,2365.0,2.0,Suburban,33.3,2,6029.0,0.72,444871.76
1,1297.9,1.0,Urban,21.4,3,11751.8,1.03,302573.88
3,1749.2,2.5,Urban,28.3,2,12657.2,9.0,448933.96
3,2034.9,2.0,Suburban,27.4,0,8312.7,5.43,373139.62
5,3050.6,4.0,Urban,8.4,2,5144.6,1.95,763733.72
3,2096.4,2.5,Suburban,42.3,2,14203.0,9.07,391719.47
4,3299.5,3.0,Urban,43.4,3,14471.5,9.45,746764.88
3,1928.6,2.5,Downtown,10.2,2,4144.3,3.6,571871.58
1,980.7,1.0,Downtown,20.8,2,11990.9,6.07,282298.77
3,2369.5,2.0,Urban,23.2,0,1584.6,3.6,485623.54
3,2168.2,2.5,Downtown,27.4,3,1033.4,7.39,573234.96
5,3860.9,4.0,Urban,1.1,1,5922.0,9.51,897277.22
4,3294.8,3.5,Urban,37.9,2,7475.5,0.76,764843.4
2,1304.0,1.5,Urban,43.1,3,8648.7,4.97,293559.05
2,918.0,1.5,Urban,7.1,0,6295.7,8.09,225312.7
2,1927.5,1.0,Suburban,44.8,3,2803.2,7.05,297095.34
5,2235.2,4.0,Rural,42.5,2,5827.1,2.23,334468.07
4,2737.4,2.0,Suburban,27.1,3,12505.6,4.23,530925.21
4,1795.8,2.0,Suburban,13.7,1,5699.9,4.95,365679.84
3,1918.8,1.5,Suburban,10.4,2,9292.3,7.58,410000.16
3,1925.5,1.5,Rural,24.5,2,10532.3,4.86,305593.37
3,1796.9,3.0,Downtown,25.4,1,11254.1,3.48,546241.34
3,2273.8,2.5,Urban,32.6,2,7831.8,4.44,507769.71
3,2229.9,2.0,Downtown,40.1,2,2760.0,9.69,511607.25
1,813.3,1.0,Downtown,46.7,2,13607.1,0.94,236542.44
2,1659.8,2.0,Rural,39.8,2,4644.3,3.67,230306.18
4,2166.7,3.0,Downtown,45.5,0,5745.4,2.38,568827.78
4,2697.2,4.0,Urban,25.0,1,11832.9,4.3,669202.15
3,2137.2,2.0,Suburban,1.9,1,11689.3,6.06,441129.21
3,1857.2,2.0,Urban,2.6,1,13549.4,2.35,501314.05
3,1690.3,2.0,Urban,13.4,2,1472.5,4.55,390614.27
4,2589.2,3.0,Downtown,30.7,2,13243.1,8.36,704327.17
4,3345.1,3.5,Suburban,16.8,2,12091.2,6.6,656907.74
4,2978.9,3.0,Downtown,8.3,2,8351.3,6.95,828453.21
4,2490.6,3.0,Suburban,42.5,1,3232.8,9.43,434437.29
2,1396.4,2.0,Urban,49.2,2,8629.9,4.39,290218.11
3,2342.5,2.5,Downtown,0.8,2,3715.2,9.98,631019.49
3,2456.4,2.0,Urban,4.5,2,14509.4,4.13,608916.97
3,1316.2,2.0,Downtown,25.0,2,10923.4,2.24,445862.78
4,2239.6,3.0,Downtown,16.9,1,9347.3,8.17,646590.49
3,1834.4,2.5,Downtown,39.1,1,12387.1,5.34,465252.71
2,1279.0,1.0,Suburban,32.7,1,8454.3,3.78,236119.25
3,2112.1,2.0,Suburban,3.4,3,1843.6,2.84,408487.51
5,3875.3,3.5,Downtown,27.2,1,4626.4,8.3,956428.85
2,1526.2,1.5,Rural,16.8,2,14743.6,5.86,214429.97
3,1553.8,3.0,Rural,48.3,0,12911.4,6.43,244520.42
3,2608.6,2.0,Suburban,23.8,0,13984.2,4.89,506722.13
2,1654.3,1.5,Suburban,46.4,2,2369.6,2.54,252394.26
3,1712.6,2.0,Rural,1.5,2,4472.0,3.71,289979.62
4,2642.8,3.0,Urban,5.2,2,1885.4,1.72,665938.51
3,1765.9,3.0,Downtown,19.3,2,12510.3,3.74,558613.83
4,2866.2,3.0,Urban,44.3,2,3434.6,9.17,591075.22
3,2433.4,2.0,Downtown,27.2,2,6740.7,5.96,626886.44
2,1809.6,2.0,Suburban,41.2,2,4773.0,0.94,345316.81
5,3693.6,4.0,Suburban,14.2,2,14025.0,7.76,763932.81
3,2097.4,2.0,Urban,5.6,2,9517.3,7.79,514267.44
3,1880.5,2.0,Downtown,12.3,1,12193.1,7.72,529693.06
4,2947.5,3.0,Downtown,32.3,2,9430.0,6.36,790395.96
3,2625.4,2.0,Rural,43.6,1,9575.7,0.8,353250.31
4,2678.9,3.0,Urban,22.7,1,6360.8,4.14,619833.98
2,1344.4,2.0,Suburban,9.7,1,4346.0,3.59,269377.2
3,1612.8,2.0,Urban,31.9,2,5877.4,0.7,393464.06
2,1675.7,1.5,Urban,9.8,1,5128.0,1.31,363406.92
4,2679.0,3.5,Suburban,28.5,1,10677.2,4.49,538882.94
2,1500.2,1.5,Suburban,5.1,2,6915.9,8.87,319934.08
4,3163.4,2.5,Suburban,40.6,2,8702.3,9.64,562530.23
5,3049.7,3.5,Rural,40.3,1,11793.2,7.56,441125.51
3,1986.4,2.5,Urban,27.1,2,4731.8,2.64,442404.23
3,2221.2,2.5,Suburban,1.9,0,6931.1,9.26,435378.76
3,1972.1,2.0,Downtown,14.0,3,8272.8,9.79,573184.09
3,2065.9,3.0,Rural,6.9,1,1753.3,4.59,330212.91
3,2387.8,1.5,Suburban,26.2,1,3130.6,5.46,374954.31
3,1872.6,2.5,Suburban,5.1,3,1889.1,3.79,401171.33
6,3951.5,4.5,Downtown,43.5,0,11531.6,8.59,1007023.62
5,3332.8,4.5,Urban,42.5,1,5198.7,3.33,760720.28
4,2922.1,2.5,Suburban,7.8,1,6916.3,1.53,562076.6
4,3023.5,3.0,Suburban,34.7,1,10412.5,4.83,576028.29
3,2155.7,2.0,Suburban,34.8,2,14530.6,2.11,443655.48
3,2407.1,3.0,Urban,19.8,2,12354.6,4.59,597916.83
4,3120.2,2.5,Suburban,7.6,2,1809.2,6.06,572685.88
3,1882.7,2.5,Suburban,6.6,3,5280.3,8.12,398127.41
5,3430.0,3.5,Downtown,37.0,2,1687.1,7.07,881168.62
3,2160.5,2.5,Urban,11.0,2,1863.4,7.52,497603.84
3,2201.1,2.0,Downtown,30.2,1,2784.4,6.11,547817.71
4,2558.0,3.0,Suburban,43.3,2,5495.1,1.27,464498.89
5,3527.5,3.0,Suburban,29.7,1,4241.0,8.86,630954.28
2,1556.5,1.5,Urban,48.7,1,5930.4,7.13,292385.56
4,3062.9,2.5,Urban,32.3,2,12508.1,8.0,706503.93
3,2254.9,2.0,Urban,15.7,1,12167.6,9.44,533208.57
3,1722.8,1.5,Downtown,42.6,0,5910.3,9.7,381886.48
4,2550.7,2.5,Suburban,15.5,2,10237.5,9.65,508832.53
3,2077.8,2.5,Suburban,48.6,0,6217.3,3.06,359879.94
3,2139.4,2.5,Suburban,23.9,2,6403.4,8.59,413969.43
3,2134.7,2.5,Suburban,47.7,3,10460.1,9.61,407726.62
3,1705.5,2.0,Downtown,9.2,1,6380.5,7.21,480999.01
3,2475.4,2.5,Suburban,0.6,1,8689.6,7.3,470440.1
3,1932.3,2.0,Rural,9.8,3,2613.2,8.9,305730.84
2,1460.6,2.0,Urban,4.9,2,8543.4,3.23,407738.24
5,3231.5,4.0,Urban,36.7,0,11388.0,2.32,755647.87
3,2333.4,2.0,Urban,13.2,1,13437.2,4.65,571692.29
4,2488.5,3.5,Suburban,32.0,2,3061.6,9.52,475806.05
3,1425.2,2.5,Urban,33.4,2,6750.0,1.07,356954.18
3,2007.5,1.5,Downtown,34.4,1,7806.6,4.7,525898.22
3,1963.8,1.5,Downtown,41.6,0,13667.4,7.06,465736.35
3,1928.0,1.5,Suburban,7.4,2,4603.7,6.69,349029.75
3,2093.3,3.0,Downtown,2.5,2,3319.3,8.19,583195.97
3,1925.8,2.0,Suburban,1.5,0,2980.9,3.06,378024.51
3,1371.4,3.0,Downtown,5.2,3,3168.3,2.72,467092.98
2,1928.3,1.0,Rural,19.0,1,13173.3,8.36,271031.42
3,1766.9,2.0,Rural,48.4,1,9677.3,8.34,235690.09
2,1399.8,2.0,Rural,17.7,1,6890.2,2.86,209821.66
2,1767.6,2.0,Urban,22.6,2,13134.3,4.68,422023.12
5,3534.6,4.0,Rural,40.7,3,5172.4,4.79,481629.62
3,2080.3,2.5,Suburban,45.9,1,13990.0,5.38,381586.55
3,2259.3,2.0,Suburban,48.6,1,11624.0,8.45,382897.08
3,1795.6,2.5,Downtown,41.3,2,1288.1,6.23,425793.4
5,3651.4,4.0,Suburban,25.1,2,7476.9,5.42,682630.36
3,2207.8,2.0,Urban,11.5,0,12794.5,3.25,528075.17
4,2328.0,3.0,Suburban,29.9,3,6546.0,0.88,496750.55
3,1594.0,2.5,Suburban,9.8,2,14820.0,9.22,379097.27
5,2392.5,4.0,Suburban,2.8,1,12852.2,7.3,528758.38
4,2895.2,2.0,Downtown,46.0,2,11542.7,1.21,746692.21
4,2992.9,3.5,Urban,24.2,2,2897.1,3.33,711363.12
2,1439.4,2.0,Suburban,25.4,2,2510.1,6.65,258555.61
3,1411.9,2.0,Rural,30.5,2,9976.7,2.49,214677.03
3,1572.9,2.5,Rural,22.6,2,10260.0,1.5,261932.47
3,2150.2,2.5,Downtown,22.2,1,3065.3,5.73,545243.21
4,2725.7,2.0,Rural,45.8,0,12955.5,3.63,357906.87
1,983.5,1.0,Rural,40.8,2,13232.2,8.36,139619.14
2,1431.2,1.5,Suburban,10.6,2,6832.3,9.53,302580.62
3,2022.8,2.0,Urban,14.6,2,9508.2,6.08,473227.76
2,1586.8,1.5,Downtown,33.0,0,8150.3,7.27,386244.25
2,1428.1,2.0,Rural,28.6,1,1499.3,9.84,193678.1
4,3007.8,2.5,Suburban,38.3,3,2265.8,2.65,552448.17
3,2164.3,2.5,Rural,36.4,0,11916.9,9.1,313820.31
1,1233.5,1.0,Suburban,35.4,2,7836.4,5.81,223552.51
3,2397.0,3.0,Urban,44.0,0,9552.6,2.28,519015.73
3,2049.1,3.0,Suburban,38.3,2,9580.1,3.25,438762.56
2,1472.4,2.0,Suburban,12.1,2,6314.7,7.04,309113.25
3,2726.8,2.0,Rural,43.6,2,1411.8,9.26,367856.29
4,2365.3,3.0,Urban,16.8,3,12016.7,1.63,599048.64
4,3055.7,2.5,Urban,45.5,3,7558.2,6.57,702787.08
4,2553.2,4.5,Suburban,41.2,1,2944.7,4.08,499822.06
1,765.3,1.0,Rural,3.7,1,1295.1,3.56,119909.18
5,4009.9,4.5,Urban,38.6,1,1245.3,2.21,857023.06
4,1403.2,3.0,Downtown,25.0,1,1466.9,8.94,407344.81
5,2229.2,2.5,Urban,48.9,1,3170.3,3.96,503578.76
1,1096.0,1.0,Downtown,22.9,3,4240.5,4.71,264211.87
5,3656.0,3.5,Urban,3.4,2,4460.0,2.47,869333.51
4,2600.4,3.0,Suburban,14.7,3,9849.8,6.27,531486.26
4,2886.4,3.0,Suburban,21.5,0,4381.9,4.68,538067.36
2,942.5,1.5,Urban,29.6,0,10435.4,2.33,221532.68
4,3312.7,2.0,Suburban,7.6,2,12526.9,3.45,668888.42
5,3445.4,3.5,Urban,25.8,2,6387.1,4.22,792169.11
3,1628.0,2.0,Rural,24.2,1,11056.9,1.23,271101.67
3,2063.9,3.0,Suburban,41.8,2,2457.8,0.99,401549.97
5,3476.3,4.0,Suburban,15.1,2,5590.9,9.93,674703.12
3,2210.6,2.0,Downtown,22.5,2,10556.9,9.31,584233.79
3,1470.1,2.5,Suburban,19.4,1,14045.0,6.13,345887.87
3,2923.7,1.5,Downtown,31.6,1,9617.7,2.83,726079.37
5,3984.1,4.0,Suburban,41.8,1,6093.7,2.71,729821.75
2,1093.0,1.5,Suburban,33.8,2,5391.7,4.68,204256.6
3,1975.4,2.0,Rural,23.3,3,6481.7,4.17,269995.06
3,1912.9,3.0,Suburban,31.9,1,10140.6,7.46,381004.86
4,3159.3,3.0,Suburban,16.1,2,5577.9,4.37,594768.54
3,1335.0,2.0,Suburban,7.2,3,7580.0,9.58,311158.92
5,3061.7,3.5,Downtown,16.0,1,11626.0,2.9,878132.82
5,2378.8,4.0,Downtown,22.2,2,4328.9,0.75,705446.91
2,1420.1,1.5,Urban,22.0,1,11031.1,6.23,371977.66
3,2265.9,2.5,Suburban,36.9,3,11660.4,9.89,435199.02
1,853.9,1.0,Downtown,46.8,0,13091.4,8.59,193094.64
3,1628.4,2.0,Downtown,19.4,2,1334.2,0.55,483208.49
3,2027.1,2.0,Suburban,4.3,1,2592.7,5.96,371341.48
5,3761.0,3.5,Urban,1.7,0,14367.7,4.81,911875.54
4,2585.0,3.0,Suburban,0.2,3,2760.9,7.8,512777.91
2,1505.1,1.5,Downtown,46.9,2,7830.2,2.9,377446.5
2,1530.0,1.5,Suburban,49.8,2,3337.3,2.82,260666.43
3,2007.1,3.0,Rural,2.6,2,12366.4,3.51,361230.79
3,2063.6,2.5,Suburban,17.9,0,2351.0,2.84,366339.55
3,2253.0,2.5,Suburban,33.5,1,2198.6,0.71,410920.39
4,1688.5,3.0,Suburban,8.9,2,8065.8,6.47,377932.13
5,3137.1,4.0,Urban,29.7,2,4334.5,6.32,734615.58
3,2500.2,2.5,Downtown,40.7,2,10261.8,8.59,657530.32
4,2579.6,3.0,Suburban,42.9,2,10587.2,7.13,504892.18
3,2081.7,2.5,Urban,35.3,2,9204.7,6.59,469873.41
4,1649.7,2.5,Downtown,4.1,1,12684.9,2.7,540347.26
3,2102.6,2.5,Rural,17.4,2,10762.9,7.53,320090.74
2,1875.1,1.5,Suburban,48.4,1,3625.2,8.63,268127.94
5,3329.5,3.0,Suburban,9.6,2,2097.7,4.72,642811.48
3,1612.7,2.5,Rural,22.7,1,11468.7,5.63,280334.66
4,2581.8,2.5,Downtown,16.7,0,11360.3,7.95,686351.21
3,2318.1,2.0,Urban,10.3,0,12904.5,4.92,557790.79
1,1064.1,1.0,Urban,16.2,2,3832.8,6.83,220639.48
2,1311.5,1.0,Suburban,9.5,1,4124.1,2.54,272896.42
3,1990.8,2.0,Downtown,43.9,1,9073.4,6.05,517919.42
3,2622.0,2.5,Suburban,8.7,2,3178.7,0.85,506322.88
3,1965.9,2.5,Downtown,31.2,2,5148.7,2.49,547225.23
3,2629.8,2.0,Suburban,47.1,1,12374.0,9.25,472012.7
3,2167.0,2.5,Urban,47.6,1,5679.0,6.15,434582.26
4,3587.2,3.0,Suburban,30.0,1,1158.6,4.83,631986.4
3,1935.9,2.0,Suburban,13.5,2,10111.6,5.46,393275.42
5,3522.9,3.0,Downtown,12.4,1,3528.2,0.5,937110.41
3,2027.2,2.0,Downtown,37.4,3,3741.7,4.87,518677.37
3,1835.7,2.5,Rural,49.0,0,1231.4,1.87,230639.21
2,1473.3,1.0,Downtown,3.9,1,9092.4,8.65,420432.7
3,2265.2,2.0,Suburban,39.5,2,8866.7,4.43,402984.84
1,776.4,1.0,Rural,6.1,2,2350.1,2.7,97970.39
3,2795.7,2.5,Suburban,14.9,1,1706.0,5.36,493145.66
2,1141.8,1.5,Urban,28.3,2,7871.7,3.97,299222.15
3,2630.8,2.5,Downtown,14.9,2,11938.1,4.87,723639.29
4,3211.5,3.0,Suburban,32.5,1,14352.4,7.39,601947.89
3,1860.2,2.0,Suburban,20.9,2,2052.2,5.34,367662.94
2,1293.4,1.0,Suburban,11.0,1,10914.4,9.19,280781.93
2,1287.9,1.5,Rural,26.5,2,3680.3,2.94,194998.01
4,2654.0,3.0,Suburban,1.2,2,1475.7,3.6,534962.19
2,1438.6,1.5,Downtown,37.1,2,5686.8,7.89,368574.83
3,2429.6,3.0,Suburban,26.1,0,9034.3,7.94,445297.51
3,2590.9,2.5,Downtown,47.3,2,9418.9,9.78,653009.04
3,1999.2,2.5,Suburban,5.1,2,1688.8,6.47,383326.83
3,1937.7,1.5,Suburban,36.6,0,13989.2,5.95,384756.85
4,2431.0,3.5,Suburban,15.0,1,1764.2,6.09,487223.03
1,974.5,1.0,Suburban,18.7,1,4040.7,3.93,184874.18
3,1624.2,2.5,Rural,17.4,2,7055.1,4.16,257123.3
3,1646.5,2.5,Suburban,17.9,1,14239.1,3.16,384193.34
2,1886.2,1.5,Suburban,21.5,2,14877.3,6.17,381323.8
3,2171.6,2.0,Suburban,1.1,2,1004.9,8.48,401809.73
3,1963.2,3.0,Urban,42.3,2,4143.2,6.52,445299.36
3,2280.4,2.0,Rural,44.1,2,8018.9,4.99,280582.71
3,1858.5,2.0,Urban,2.0,1,10721.5,1.1,502686.36
3,1827.4,2.0,Suburban,38.8,0,10194.4,2.85,326887.49
4,2362.8,3.0,Urban,3.6,1,4521.2,8.53,575780.54
3,2453.7,2.5,Rural,40.4,1,3765.2,4.26,298084.16
3,2137.7,2.0,Downtown,30.6,3,1199.8,8.91,524502.42
3,1228.5,3.0,Rural,15.3,3,12800.0,2.81,258980.18
1,1017.8,1.0,Urban,30.7,2,6303.2,5.97,230521.45
2,1430.6,1.0,Suburban,25.3,0,13100.8,9.66,251249.24
3,1514.1,2.0,Suburban,31.8,1,5531.9,5.79,272317.07
5,3083.3,3.5,Suburban,23.8,2,11584.5,2.48,647838.16
4,2785.1,3.0,Suburban,38.6,1,1975.3,2.68,527034.64
2,1338.3,1.5,Downtown,2.3,2,12360.2,2.0,434577.35
4,3629.9,2.5,Rural,17.2,1,13474.2,0.7,483625.57
4,2285.1,3.0,Suburban,28.0,2,4708.3,7.08,466588.01
3,2094.8,2.0,Suburban,29.4,2,2986.1,7.94,371286.54
4,2400.0,2.5,Downtown,8.5,2,3746.0,8.29,643139.36
3,1801.7,2.5,Suburban,3.7,2,13149.0,1.2,426256.87
2,1967.1,2.0,Urban,1.0,1,5006.9,9.45,473216.36
3,2263.0,2.0,Downtown,20.7,2,4239.0,6.38,596456.5
3,2161.6,3.0,Suburban,16.5,2,14704.4,1.34,492395.57
3,2059.5,3.0,Downtown,28.4,2,10380.2,1.31,609202.83
3,1677.8,2.5,Suburban,22.5,3,12651.2,5.34,388492.8
5,2531.1,3.5,Rural,19.7,2,11458.8,2.82,438299.66
5,3199.4,4.0,Downtown,42.2,2,6236.2,2.77,847925.32
4,2850.9,2.5,Downtown,31.1,3,13078.4,0.61,821128.04
4,3505.1,2.5,Suburban,32.3,2,9234.4,5.08,641229.55
5,3761.2,3.0,Suburban,19.1,0,10203.6,1.32,710636.22
2,1468.1,1.0,Suburban,38.8,2,5565.1,1.23,244964.64
3,2347.3,2.0,Suburban,7.6,2,14736.3,2.01,506952.68
3,1942.8,2.5,Downtown,20.1,0,12964.4,0.6,580450.18
4,2166.6,2.5,Suburban,2.4,2,3073.6,1.48,451781.57
3,1817.3,2.5,Downtown,5.8,3,3854.3,6.15,561842.72
4,2282.2,3.5,Downtown,4.1,1,11480.2,2.94,713047.71
2,1353.6,2.0,Suburban,22.1,2,1360.5,1.15,234034.34
3,2593.2,2.0,Suburban,34.9,1,5696.3,1.79,468668.87
4,3179.5,3.0,Downtown,15.6,2,8455.3,0.91,861216.2
2,1521.0,1.5,Downtown,1.3,2,3868.8,7.88,442730.28
3,2073.9,3.0,Urban,35.4,1,13224.1,5.83,528940.97
3,1907.3,2.5,Suburban,10.4,0,13449.8,5.0,420585.0
3,1945.7,3.0,Downtown,36.1,3,14395.8,8.8,579327.65
4,3368.9,2.5,Downtown,0.4,2,3048.6,1.26,910332.33
3,2271.0,2.0,Urban,15.6,2,2110.0,0.85,506666.17
3,2857.3,2.5,Downtown,31.1,1,8785.3,4.53,737784.51
2,1677.5,1.5,Suburban,43.6,2,12094.1,3.01,307670.3
4,2961.5,3.0,Suburban,37.7,1,5074.8,5.02,561725.28
3,2333.1,2.0,Urban,22.5,1,4373.6,9.08,478939.38
3,2153.4,2.5,Urban,35.9,1,8248.1,4.74,458798.15
4,2302.1,2.0,Urban,26.9,0,7748.8,2.13,518630.87
2,1728.1,2.0,Suburban,40.7,1,7713.7,8.08,308591.82
4,3243.0,3.0,Suburban,38.6,2,6673.9,4.19,629318.59
3,2079.5,2.0,Suburban,48.8,0,11178.8,7.67,350447.94
3,2038.0,2.5,Suburban,5.2,1,9605.7,1.84,435352.59
2,1599.8,1.5,Rural,17.0,1,7829.4,3.7,232928.15
5,3745.5,4.0,Rural,9.6,2,11089.8,0.71,556891.35
4,2250.9,3.0,Suburban,31.5,2,4663.7,2.74,429836.69
2,1794.6,2.0,Urban,33.2,3,13485.7,6.65,410495.63
3,1783.1,2.5,Suburban,10.2,1,6378.3,3.28,395369.22
4,3149.0,2.0,Suburban,21.1,1,5586.3,1.82,562682.39
3,2482.8,1.5,Suburban,30.1,1,8591.8,1.03,422194.6
4,3271.8,2.5,Suburban,32.9,1,4785.7,6.23,568368.03
3,1916.0,2.5,Rural,5.1,2,4762.4,1.23,324124.57
4,2484.7,3.0,Urban,46.1,1,2090.2,8.09,523734.32
3,2286.4,3.0,Suburban,1.7,1,10127.1,3.89,490785.74
2,1229.5,1.0,Urban,48.6,0,13778.2,3.4,289252.7
3,1690.4,3.0,Urban,15.8,3,10593.7,6.44,482818.82
5,3714.9,3.0,Suburban,15.8,2,8948.3,5.79,672894.66
3,1957.3,2.5,Downtown,22.3,1,10965.0,9.88,534334.94
3,2400.2,2.5,Urban,34.7,2,14530.3,0.99,590912.34
3,2031.8,2.5,Urban,8.0,2,5710.9,8.59,492107.33
3,2251.8,2.0,Rural,12.7,0,7029.7,6.19,322108.08
4,2500.0,3.0,Downtown,48.1,2,5007.1,8.88,669722.97
4,3354.0,2.5,Suburban,43.8,0,1234.1,7.09,532923.81
2,1731.5,2.0,Urban,10.6,1,5864.0,7.74,361946.87
6,3474.6,4.5,Suburban,28.7,0,2002.6,7.97,608754.95
4,2320.2,3.0,Urban,10.2,2,13017.6,0.64,637678.5
4,2592.2,3.0,Downtown,27.5,0,11018.5,8.46,688776.36
3,1860.0,2.0,Downtown,18.3,2,5256.4,6.95,484461.39
4,3227.5,3.0,Downtown,18.1,2,5591.2,9.5,835256.67
2,916.3,2.0,Suburban,31.8,2,8974.4,1.77,208203.2
3,2057.3,1.5,Suburban,12.6,2,12172.4,9.25,407022.75
4,3074.5,2.5,Rural,20.2,0,11061.9,8.62,397292.94
2,1290.2,1.5,Downtown,46.3,0,1403.5,2.65,281129.12
2,1346.9,1.5,Suburban,37.8,1,11994.1,1.68,278991.24
4,2781.7,3.0,Rural,19.2,2,13338.7,6.47,427444.57
4,2249.3,3.0,Suburban,11.5,2,2258.5,6.92,447419.28
2,1119.8,1.5,Downtown,33.0,0,11780.8,7.25,302301.34
4,3169.6,3.0,Suburban,40.4,2,4524.2,8.53,562336.87
3,2185.5,2.0,Suburban,43.0,2,3431.9,5.79,351728.44
3,1776.4,2.0,Downtown,28.2,1,8614.3,3.2,477360.71
4,3228.2,3.0,Rural,25.8,2,8737.4,8.64,456744.28
3,1969.7,1.5,Suburban,36.0,2,7592.3,4.62,352915.94
2,1478.0,1.5,Urban,8.8,1,13625.2,4.63,400224.35
3,2785.3,2.5,Suburban,42.6,2,4382.6,5.18,465899.93
3,2706.6,2.0,Rural,3.7,1,9435.6,8.44,420524.75
3,2347.2,2.5,Suburban,30.2,0,6738.1,9.72,442393.39
4,2937.2,2.5,Urban,29.5,2,13232.9,2.13,692348.35
4,3071.0,2.5,Rural,15.5,2,2859.4,1.66,410778.62
3,1952.0,2.0,Rural,1.8,1,2160.8,3.23,279200.61
4,2077.1,3.5,Downtown,35.9,2,14898.6,9.09,643642.22
2,1793.2,2.5,Suburban,1.2,2,9080.9,5.52,382942.14
2,1337.3,1.0,Downtown,9.0,1,13767.2,0.55,428965.45
4,3275.6,3.0,Downtown,27.2,0,6715.0,6.03,825173.77
2,1388.7,1.0,Rural,47.0,2,9460.1,5.72,191882.87
2,1584.8,1.5,Suburban,3.3,2,10717.3,1.26,359927.52
3,2251.1,2.0,Suburban,28.9,2,14805.6,1.92,456182.27
3,1826.0,2.5,Downtown,16.4,0,2578.3,1.38,513409.49
4,3492.8,3.5,Rural,33.5,3,2746.9,5.45,487319.86
3,2239.1,2.0,Urban,47.6,3,8324.8,5.54,511307.04
1,836.9,1.0,Suburban,13.4,2,1781.2,4.87,154877.97
3,2139.0,1.5,Urban,47.8,1,11184.7,4.78,453466.29
3,2265.0,2.0,Urban,43.5,1,14870.6,6.01,550554.47
3,1482.2,2.0,Urban,30.4,2,12360.1,6.79,380786.89
3,2383.1,2.0,Downtown,37.9,1,4721.3,9.66,579689.96
4,2698.1,3.0,Urban,43.2,0,12193.9,5.68,581636.62
5,3144.8,3.5,Suburban,40.2,2,9790.3,3.02,619198.1
3,1789.6,2.0,Urban,16.3,1,2671.9,9.76,385171.76
3,1738.4,2.5,Suburban,40.6,3,8922.9,1.5,386715.09
3,1920.5,2.5,Rural,15.7,2,13554.9,3.47,308923.09
5,4188.6,4.0,Suburban,43.4,2,5058.9,9.07,740335.49
6,4796.1,4.5,Suburban,12.8,2,10227.5,9.47,926999.08
2,1754.5,2.0,Urban,28.6,0,1581.9,6.63,329074.55
4,2741.4,3.5,Suburban,34.6,2,12679.0,0.64,565367.2
3,1926.6,1.5,Suburban,21.3,2,3883.1,4.7,350817.65
1,908.3,1.0,Suburban,39.1,2,9520.8,9.36,160598.41
1,908.8,1.0,Suburban,46.3,1,8338.7,8.95,134953.51
3,1709.2,2.5,Downtown,9.3,2,8673.8,8.99,541294.4
3,1851.5,2.0,Urban,1.7,1,4552.3,3.29,459289.69
1,1113.6,1.0,Urban,31.3,2,8827.6,8.34,219792.77
3,1678.0,2.5,Suburban,30.1,1,9438.5,6.89,321705.85
3,1989.7,2.0,Suburban,17.1,3,6956.4,8.99,388713.58
3,2142.1,3.0,Suburban,39.3,1,9865.5,6.56,397463.54
3,1761.4,2.5,Rural,41.3,2,3682.0,4.06,268051.93
2,1410.7,2.0,Urban,16.6,1,8176.3,6.53,333787.86
3,2311.0,2.0,Suburban,34.1,1,11035.2,3.9,433105.23
2,1529.7,1.5,Urban,32.1,1,6151.9,0.52,348482.11
3,2308.7,2.5,Suburban,17.1,2,6756.0,8.26,486518.47
2,1803.6,2.0,Downtown,48.5,2,3298.9,8.57,408264.79
3,2144.0,2.0,Downtown,17.3,2,9630.3,7.61,617169.9
2,1476.3,1.5,Downtown,31.0,0,2729.3,2.66,339152.85
3,2833.2,2.5,Suburban,19.0,3,8011.3,1.79,569548.98
4,3078.3,3.0,Suburban,0.6,0,3945.9,2.11,576368.57
2,1578.4,1.5,Suburban,4.6,2,3717.8,5.26,323888.05
3,2289.6,2.0,Suburban,11.6,1,2341.6,3.01,419212.94
2,1636.4,1.0,Downtown,40.6,2,6003.6,8.84,390033.96
3,1991.0,1.5,Urban,22.1,2,13143.7,5.67,496270.97
3,1906.6,2.5,Downtown,29.4,2,9468.8,4.78,551388.45
3,2618.6,2.0,Suburban,47.2,1,11907.5,8.78,463345.42
3,1582.4,2.5,Suburban,7.4,2,2604.0,1.27,337535.37
5,2948.9,3.5,Downtown,43.1,2,5386.4,8.77,778049.36
3,2392.3,2.0,Suburban,19.0,2,6440.6,8.12,421495.42
3,1861.8,2.0,Urban,16.9,3,13040.1,7.03,524215.26
3,2479.1,2.5,Suburban,31.3,2,10301.6,1.55,494718.14
5,4051.3,4.0,Suburban,44.9,2,7866.7,1.0,763142.93
4,2527.3,4.0,Downtown,17.4,2,5206.7,2.08,744123.33
3,2098.7,2.0,Suburban,38.1,2,11639.3,3.07,399339.07
4,2741.9,3.5,Urban,1.0,2,13436.5,6.35,702298.43
3,2992.3,2.0,Suburban,31.2,2,8515.4,1.26,552933.73
4,3456.4,3.0,Downtown,31.5,2,1608.0,2.24,861741.04
4,2890.8,3.0,Urban,27.8,3,4805.9,2.4,654130.19
2,1337.0,1.5,Downtown,46.9,1,11441.3,6.87,335561.19
4,2638.1,3.0,Urban,46.9,1,6426.4,3.79,582256.27
3,2351.7,2.0,Rural,17.1,0,9762.8,3.11,335254.78
3,1774.6,2.5,Suburban,22.8,2,8343.3,0.78,395904.33
3,2021.4,2.0,Rural,39.6,0,13708.0,1.4,294287.84
4,3166.3,3.0,Downtown,42.2,2,5298.0,5.72,820421.62
2,1029.7,2.0,Downtown,20.9,2,7244.8,6.52,352687.1
1,1286.0,1.5,Suburban,17.5,2,1906.9,7.55,224143.41
4,3250.5,3.5,Urban,41.0,2,12269.5,5.23,729204.94
2,1411.6,1.5,Suburban,18.8,2,5561.5,3.06,264631.33
2,1947.0,1.0,Suburban,20.3,2,11107.1,3.28,374969.43
2,1179.6,1.0,Downtown,6.8,2,1042.4,6.68,325874.06
3,2396.8,2.0,Urban,27.1,2,13144.1,4.55,561331.51
3,1916.8,2.0,Downtown,16.3,2,14607.4,2.0,592503.09
1,1143.8,1.0,Suburban,29.5,2,7579.5,0.54,213029.32
5,2944.5,3.5,Downtown,22.4,0,7756.5,2.97,801779.06
4,3135.1,3.5,Downtown,37.4,0,9629.1,7.68,801555.37
3,1980.1,2.0,Downtown,13.9,1,14651.6,6.81,593984.98
3,1904.4,2.5,Suburban,8.6,2,8820.1,1.43,431569.74
3,1648.0,2.0,Suburban,35.1,1,2034.0,4.72,258059.64
3,1916.3,1.5,Suburban,19.2,2,8912.4,1.87,398137.99
2,1674.5,2.0,Urban,28.2,0,6866.7,4.99,370588.13
2,1503.6,2.0,Rural,47.1,1,11652.0,1.55,215674.85
4,3298.3,3.5,Downtown,24.2,2,5246.7,6.95,858443.02
3,1628.4,2.5,Downtown,7.6,3,13942.5,6.05,561955.81
3,1555.8,2.0,Suburban,21.3,1,12201.1,2.96,340922.08
4,2092.2,2.5,Suburban,23.9,1,5571.9,9.93,392614.89
3,2122.1,2.5,Downtown,38.3,1,5927.9,6.09,568001.41
3,1733.0,3.0,Urban,9.8,1,8249.4,3.05,466383.08
3,1809.3,2.5,Suburban,17.3,1,2394.3,3.9,342481.83
1,986.3,1.0,Urban,2.5,0,10661.7,9.2,250614.48
4,3018.4,3.0,Suburban,35.1,3,9528.0,2.43,596339.66
3,2284.7,2.5,Suburban,37.2,2,5461.9,2.44,431952.4
4,3117.1,3.0,Urban,22.9,1,9932.6,5.92,724209.13
5,2878.9,4.0,Suburban,26.9,1,2375.4,3.66,549212.15
5,3132.2,3.5,Suburban,37.5,2,14328.7,3.39,636302.56
5,3658.8,4.0,Downtown,13.4,2,1937.6,4.4,966985.94
3,1915.8,2.5,Suburban,30.3,1,5603.7,8.4,365040.04
3,1483.3,1.5,Rural,48.2,1,14587.5,8.49,211917.59
3,1869.7,3.0,Downtown,32.9,1,6577.0,6.83,491218.44
3,2507.1,3.0,Suburban,3.9,0,13398.4,5.98,511811.95
4,2886.7,3.0,Urban,14.5,1,3112.6,0.65,666944.65
2,1548.2,1.5,Suburban,26.0,2,1934.3,5.87,286432.19
5,2239.6,4.0,Suburban,3.6,2,2514.4,9.56,499232.9
4,2776.5,3.0,Rural,33.8,1,14608.7,8.45,418300.05
5,3811.1,3.5,Downtown,32.7,3,2242.9,1.87,1000335.24
4,2190.2,4.0,Downtown,43.8,2,10124.3,9.75,631313.63
3,2467.6,1.5,Rural,25.0,2,7168.4,2.56,339368.42
2,1403.7,1.0,Suburban,34.6,3,13051.2,1.68,279686.69
2,2164.5,1.5,Urban,9.1,2,5120.4,3.24,479553.19
3,1642.3,1.5,Suburban,0.1,1,1404.8,1.84,329131.78
3,2456.6,2.0,Urban,8.6,1,11480.4,2.63,587075.53
4,2559.6,3.0,Urban,3.1,0,9242.6,3.43,624395.16
4,1848.6,3.5,Suburban,21.4,2,7083.0,6.11,409003.22
3,1827.1,2.5,Suburban,23.4,1,5522.2,6.33,367238.1
1,877.6,1.0,Downtown,32.2,0,13592.1,5.58,239132.98
2,1548.4,1.0,Downtown,7.0,2,2705.2,3.33,407188.97
2,2042.7,1.0,Urban,10.7,2,2979.0,9.56,406286.59
3,2400.9,2.0,Urban,39.9,3,1207.6,3.32,504982.9
3,1928.4,2.0,Urban,28.8,2,2015.9,4.31,393659.22
1,1041.0,1.0,Rural,1.5,1,13001.9,4.51,196596.31
3,2222.0,2.0,Rural,42.4,1,12111.1,0.71,318083.76
2,1592.0,1.5,Urban,31.5,1,2433.9,4.57,348479.13
3,1697.3,2.0,Rural,9.3,1,11917.4,3.71,299283.31
3,1857.6,2.0,Downtown,12.6,3,9974.7,1.17,584747.57
3,1949.1,3.0,Urban,27.7,1,6424.8,8.21,441385.96
3,1586.9,3.0,Urban,28.0,0,2178.9,7.26,345900.25
5,2606.8,4.0,Downtown,40.3,0,9432.9,3.19,747863.68
2,1598.4,1.5,Rural,17.9,2,12755.5,2.98,262846.78
3,2179.8,2.0,Downtown,27.5,2,6889.9,9.09,542726.01
4,2759.5,3.5,Suburban,29.1,2,6941.4,2.3,540788.47
3,2478.2,2.5,Downtown,27.9,1,12573.6,8.8,679023.03
5,3121.1,3.5,Suburban,3.6,2,3948.3,1.24,651622.53
3,1961.1,2.0,Suburban,20.6,2,3414.6,8.48,369881.71
3,2283.4,2.5,Suburban,16.9,1,10738.1,5.65,473886.92
2,1410.7,1.0,Urban,49.6,2,10190.5,7.87,271979.78
3,1997.8,2.0,Urban,23.3,2,13769.8,1.38,501500.9
3,1492.2,2.0,Urban,21.8,1,5679.5,4.49,356781.13
2,1409.7,1.0,Downtown,24.2,0,3828.0,4.78,321269.91
3,1494.3,2.0,Suburban,46.0,1,7003.6,5.4,284232.8
3,1798.1,2.5,Urban,30.6,2,6373.1,6.46,434840.41
2,1280.7,1.0,Urban,19.5,2,14133.3,4.2,347471.52
3,1653.2,2.5,Urban,45.6,2,13846.5,4.75,399901.83
3,2048.6,2.5,Downtown,46.5,1,6994.1,4.02,545487.18
2,1483.4,2.0,Suburban,13.2,1,6774.9,7.14,298402.98
3,2326.0,2.5,Rural,19.7,0,7229.9,9.13,294121.41
4,2724.3,3.0,Urban,48.3,2,11232.5,1.59,614627.98
3,1468.7,2.0,Downtown,27.1,2,8700.8,3.23,428079.06
3,2094.7,2.5,Suburban,21.6,2,5030.9,2.59,438215.54
3,2010.7,2.5,Suburban,9.8,1,11762.2,9.42,401328.28
3,1995.5,2.0,Suburban,19.2,2,13653.6,6.15,401588.75
5,3403.4,4.0,Suburban,31.6,1,11048.6,1.86,687621.75
3,2288.5,2.0,Suburban,1.9,2,3725.1,4.28,462029.23
2,1595.8,1.5,Rural,4.2,0,12084.8,5.0,238513.01
3,1787.1,2.0,Rural,0.3,2,14845.3,6.42,316639.09
4,2888.2,3.0,Rural,10.9,2,10592.2,2.55,440612.28
2,1754.2,1.0,Urban,9.1,1,4414.4,5.27,390188.49
6,4853.7,4.5,Downtown,42.5,3,1077.7,8.11,1211045.4
5,3386.0,3.5,Suburban,9.3,2,6395.7,6.77,673314.45
2,1418.6,1.5,Suburban,33.1,0,7583.5,1.49,258178.62
5,4141.0,4.0,Urban,5.9,3,13735.2,9.17,985677.33
3,2524.3,2.0,Rural,29.7,0,9675.5,3.72,356769.83
4,2954.2,3.0,Suburban,21.8,2,4942.7,4.53,563264.0
3,1898.9,1.5,Suburban,20.4,2,10684.2,7.08,392576.9
3,2163.8,3.0,Suburban,42.8,2,2290.6,4.88,398627.1
3,3024.7,2.0,Suburban,8.4,2,3988.0,6.09,550885.89
4,1921.8,3.5,Suburban,29.8,2,11422.9,5.04,443929.82
1,775.1,1.0,Rural,41.1,2,5161.2,3.42,103539.02
3,1714.3,2.5,Suburban,35.7,1,1436.0,4.69,314940.25
2,1429.3,1.0,Rural,49.2,2,7954.8,3.46,181364.61
3,1839.9,2.5,Downtown,0.1,2,10212.7,4.76,574121.11
3,2174.1,2.5,Downtown,44.2,1,12046.3,2.42,586684.65
3,1515.7,2.5,Suburban,30.7,0,5284.4,1.08,284176.78
3,2011.4,2.0,Rural,0.1,2,6944.1,7.14,312486.77
2,2001.7,1.5,Suburban,23.3,3,8791.9,1.7,397351.83
2,1391.3,1.0,Urban,38.4,2,2045.4,8.31,247413.04
1,1292.9,1.0,Suburban,9.1,2,3767.0,3.96,263970.63
3,2148.9,2.0,Rural,33.9,1,6169.6,2.86,315757.35
5,3359.0,3.5,Suburban,7.0,1,4740.5,4.39,673779.24
2,1559.5,1.5,Suburban,40.2,2,7521.6,1.92,287260.04
5,3381.2,4.0,Suburban,28.4,0,10110.3,8.57,643691.21
4,3347.1,3.0,Downtown,1.7,2,8555.6,2.08,929819.19
3,2240.8,2.0,Suburban,4.5,0,11838.9,5.19,459403.18
3,1693.8,2.5,Suburban,43.2,1,9768.9,2.04,333173.21
4,3017.5,3.0,Urban,1.7,1,5086.8,0.93,718215.23
2,1199.9,1.5,Urban,14.9,0,2679.6,8.08,257071.93
3,1640.1,2.5,Suburban,28.3,2,9955.7,5.8,330190.28
3,2483.8,2.5,Rural,10.7,1,3967.3,1.24,356507.73
3,2306.3,2.0,Rural,11.2,0,5461.3,8.98,325400.64
4,2732.3,3.0,Rural,38.8,1,12132.8,4.23,452629.06
2,1409.8,1.5,Suburban,14.5,2,4078.8,4.55,250565.38
3,1939.7,1.5,Suburban,1.9,0,8529.7,5.2,372968.19
3,1889.2,3.0,Suburban,36.1,2,2327.5,2.63,353346.24
3,2491.1,2.5,Downtown,47.7,1,6831.6,5.73,587398.64
3,1682.5,2.5,Suburban,41.6,1,14723.9,2.87,383027.05
3,2143.1,2.5,Suburban,27.4,2,14361.4,8.44,436094.35
4,2153.2,3.0,Suburban,21.2,2,14252.3,8.35,463978.37
3,1620.7,1.5,Suburban,46.3,1,9332.3,5.03,302947.5
4,2952.6,3.0,Downtown,38.3,2,5125.7,5.55,747678.22
3,1957.2,2.5,Urban,28.5,3,5969.3,9.93,466097.15
2,1490.3,1.0,Suburban,44.0,1,3884.6,8.06,216989.35
2,1368.2,1.0,Suburban,30.1,0,2366.4,1.1,245565.45
2,1219.8,1.5,Suburban,48.7,2,3363.9,2.14,211873.61
3,2067.1,2.0,Downtown,42.9,2,7541.7,6.16,546799.88
3,2672.6,3.0,Rural,27.5,2,1378.4,4.03,374288.29
4,2058.6,3.0,Downtown,46.1,2,14148.7,8.14,555773.79
4,2474.1,3.5,Suburban,17.1,2,8862.7,6.59,494741.66
2,1642.1,1.5,Rural,35.0,3,3429.3,9.91,236534.4
2,1332.6,2.0,Downtown,8.6,2,6828.8,0.62,418199.85
3,2478.5,2.5,Suburban,44.8,0,6268.0,4.66,398367.97
3,1805.4,2.5,Suburban,12.4,2,12694.9,4.37,398466.27
2,1945.4,1.0,Downtown,47.5,2,2686.9,4.63,422835.29
2,1680.3,2.0,Suburban,0.8,2,7018.2,8.91,364413.05
5,3862.4,4.0,Suburban,34.1,3,10958.3,4.36,740371.41
4,2361.6,3.0,Downtown,7.5,1,6224.6,8.07,661736.71
2,1899.5,1.5,Suburban,38.5,2,6006.3,6.51,343534.38
3,2221.9,2.0,Downtown,24.6,2,5766.1,5.13,577073.51
3,1783.3,2.5,Rural,45.5,0,11668.1,7.08,236302.6
4,2730.9,3.5,Urban,35.8,2,2670.3,2.68,624164.87
3,1552.9,2.0,Downtown,38.4,2,12993.9,1.85,479449.18
2,1021.6,1.0,Urban,6.0,1,1992.4,9.69,223376.59
4,2927.3,4.0,Suburban,4.8,1,5466.1,4.22,598785.53
3,1657.2,2.5,Downtown,42.5,1,6446.6,3.39,431947.24
3,2152.0,2.0,Suburban,11.3,1,6510.2,3.02,391039.53
3,2029.5,2.5,Suburban,43.3,2,3627.4,6.41,375258.49
3,1935.2,2.5,Downtown,7.1,3,9444.2,9.97,566344.05
3,2014.4,2.5,Downtown,15.4,1,7350.0,9.0,539284.74
2,1220.0,1.5,Suburban,46.4,1,8946.0,4.3,222921.17
3,2104.8,2.5,Rural,42.0,1,9608.8,9.01,301678.32
1,919.4,1.0,Suburban,2.7,3,3678.7,4.84,200687.32
4,3047.8,2.5,Suburban,22.4,2,13884.1,1.54,602711.03
2,1801.7,1.5,Rural,45.5,1,12621.3,2.28,270133.58
1,1185.0,1.0,Downtown,0.7,2,12597.7,2.81,382060.4
3,1886.0,2.5,Downtown,5.4,3,8443.2,9.22,566860.32
4,3308.2,3.0,Rural,32.3,1,12480.8,9.8,435008.67
4,2696.7,3.5,Suburban,5.2,1,9784.8,2.66,566940.05
3,1862.6,2.0,Downtown,22.4,1,7307.8,4.33,528774.87
2,1282.5,1.5,Urban,25.4,1,11534.4,9.82,279280.37
4,3195.3,3.0,Urban,43.0,1,9399.2,8.55,675626.65
3,2275.8,2.0,Suburban,47.9,1,1028.2,4.71,369099.43
2,1981.1,1.0,Suburban,25.6,2,14958.0,4.8,394261.18
5,3875.5,4.0,Downtown,25.5,0,7017.9,8.85,995784.64
2,1908.6,1.5,Suburban,36.3,1,9004.2,0.78,347883.63
6,3310.8,4.5,Urban,9.6,0,6683.1,9.34,779680.79
4,2776.9,3.0,Downtown,47.0,1,2404.2,1.35,709602.79
3,2072.9,1.0,Urban,0.1,2,12676.1,9.06,476287.13
5,3512.0,4.0,Urban,0.1,1,10555.8,1.11,887911.64
4,3062.6,3.5,Downtown,31.3,3,12599.2,9.71,876383.78
2,1520.5,1.0,Suburban,17.1,0,7775.2,0.58,297957.15
3,2260.9,2.0,Suburban,19.9,0,12083.9,9.67,413870.41
2,1697.0,2.0,Suburban,11.1,2,12168.1,1.09,380027.61
3,1723.5,2.0,Rural,20.4,3,5708.1,1.69,255054.15
4,3539.4,3.0,Suburban,41.4,3,1057.0,9.65,596688.19
3,1355.2,2.0,Downtown,35.0,2,13037.0,8.02,417165.45
3,2630.4,2.5,Urban,4.7,3,3584.9,8.48,616157.43
3,2278.7,2.5,Suburban,2.8,2,13162.0,4.6,497466.67
4,3043.3,3.0,Rural,25.3,0,9656.2,1.26,416203.68
1,1109.8,1.0,Downtown,36.5,2,9886.4,1.91,333406.66
3,2263.5,2.0,Suburban,33.2,2,4461.1,9.28,406192.25
2,1738.6,1.0,Suburban,43.2,2,6636.5,4.15,294047.09
3,2217.2,2.0,Rural,6.7,0,5369.3,7.68,308708.8
2,1466.4,1.0,Suburban,30.3,2,3664.9,7.06,240814.22
3,2199.2,1.5,Urban,38.3,2,11143.1,5.0,479068.67
3,2031.4,2.5,Downtown,46.9,2,2341.8,8.68,523257.24
2,1196.8,1.5,Suburban,5.0,1,8167.5,6.72,243607.84
5,3664.8,4.0,Downtown,12.0,0,8504.1,7.53,971281.91
1,859.7,1.0,Rural,17.7,1,14375.4,8.45,136319.66
3,2339.4,2.5,Downtown,27.0,1,13171.5,2.62,643575.62
1,1149.3,1.0,Suburban,20.4,2,7883.6,3.29,227112.86
3,2467.2,2.0,Downtown,43.1,1,12818.6,7.68,616371.69
3,2343.4,2.5,Rural,47.5,0,12068.1,8.38,308976.58
3,2418.7,2.5,Suburban,3.5,1,1390.6,6.18,446987.75
2,1287.9,2.5,Rural,35.0,2,13909.9,9.94,204597.13
3,1504.1,2.5,Downtown,5.7,1,10630.7,8.84,449709.5
3,1759.8,2.5,Downtown,44.9,0,10407.3,8.11,445079.59
4,2563.4,3.0,Suburban,7.1,1,10988.7,2.83,535825.83
3,2029.2,2.5,Suburban,49.6,3,4146.7,3.66,369367.92
3,2784.0,2.0,Suburban,21.4,3,1408.4,3.93,499759.8
2,1106.4,1.5,Urban,19.1,2,4245.8,1.38,293526.02
3,1941.9,2.5,Downtown,29.3,2,12124.1,7.45,547687.37
2,1228.3,1.5,Suburban,19.7,1,9362.4,4.42,269325.75
2,1355.8,1.5,Suburban,11.7,1,6057.9,6.4,295483.13
2,1988.3,2.0,Suburban,31.5,2,4381.3,7.24,340114.87
3,1624.0,2.5,Suburban,36.4,2,12197.6,0.58,361997.12
3,2168.1,2.0,Downtown,47.3,1,7410.2,0.95,547653.61
5,3583.7,3.5,Rural,20.5,2,9564.4,3.68,528016.69
2,1615.4,1.5,Urban,35.3,1,1176.0,6.73,284051.39
3,2470.1,2.0,Suburban,41.7,2,7019.0,5.04,453641.23
4,2306.4,2.5,Suburban,41.6,2,1216.1,9.42,396289.19
3,2616.5,3.0,Downtown,1.7,2,12024.0,2.94,793375.34
3,2763.7,2.0,Suburban,17.8,2,4489.5,1.49,513043.62
3,2074.0,1.5,Suburban,0.7,1,3339.7,1.59,420087.62
1,1101.1,1.0,Suburban,28.0,2,13969.5,2.64,244106.51
3,1714.2,2.5,Urban,43.3,1,1252.1,2.74,374984.92
4,2994.2,3.0,Downtown,40.7,2,3769.5,4.1,768238.37
1,1074.9,1.5,Downtown,40.6,1,4366.8,5.86,235586.45
2,1524.8,1.0,Suburban,17.6,2,12519.3,2.87,314704.44
4,1725.0,3.0,Urban,2.3,2,10941.2,5.4,506990.45
4,2048.2,3.5,Downtown,8.6,0,14543.7,5.04,659668.54
3,2589.9,2.0,Suburban,33.5,3,10728.0,3.44,497405.16
3,2166.5,2.5,Suburban,6.7,2,4308.5,4.62,446126.61
3,2136.4,1.5,Urban,6.3,1,3335.7,4.14,468458.32
2,1312.6,2.0,Suburban,17.7,1,11575.7,9.53,278543.58
3,2319.7,2.5,Urban,4.7,2,13612.6,1.15,624909.11
3,1925.1,2.0,Suburban,16.5,0,13763.4,7.79,390003.32
5,2915.1,4.0,Urban,48.5,1,11795.4,3.44,687423.38
2,1544.9,2.0,Urban,1.0,2,12121.1,2.26,446952.58
3,1694.0,1.5,Urban,41.5,1,10273.2,8.77,389542.59
3,2386.4,2.0,Urban,49.7,0,11301.6,4.96,507037.88
3,2741.2,3.0,Suburban,21.8,2,2624.7,5.35,482121.44
1,1102.3,1.0,Suburban,47.2,1,5608.9,4.45,154055.6
3,1915.6,2.5,Urban,13.1,0,7413.4,4.34,472569.32
4,2915.6,3.0,Suburban,49.1,1,10300.5,7.08,521352.71
3,2011.4,2.5,Downtown,43.1,2,6847.5,7.71,518170.28
3,2882.4,2.5,Rural,44.2,0,6250.0,8.0,352082.6
3,1904.7,2.5,Suburban,6.5,3,8890.4,5.49,433289.26
3,2162.3,1.5,Downtown,43.5,2,6522.0,7.17,531710.11
3,2169.6,2.5,Suburban,47.1,1,2015.6,7.89,349616.54
4,2832.7,3.5,Rural,41.0,1,14571.8,6.99,426673.47
5,3736.5,3.5,Rural,4.6,2,13966.3,2.34,588735.11
3,2146.4,2.0,Suburban,4.2,1,1546.1,7.26,406651.86
3,2358.1,2.5,Downtown,17.9,2,8408.6,6.66,650503.22
4,2748.8,3.0,Urban,35.2,2,10978.8,1.41,710964.42
3,1412.2,1.5,Suburban,0.6,0,9538.1,6.64,281551.48
3,1383.2,2.0,Downtown,47.5,2,5947.4,8.81,347290.39
2,1597.9,1.5,Rural,26.3,2,12245.9,4.43,243926.78
4,2642.4,3.5,Downtown,17.9,2,9606.5,1.77,793398.42
3,1838.0,2.0,Suburban,28.1,1,4345.0,6.3,330986.53
4,3060.9,3.0,Downtown,35.8,0,9557.3,2.77,807952.08
4,2933.7,2.5,Rural,13.7,1,4845.4,5.68,401464.44
2,1336.3,2.0,Downtown,14.6,1,9341.9,6.86,398947.93
4,2060.6,3.0,Suburban,23.4,1,11700.5,5.35,450010.81
4,2841.4,2.5,Rural,33.5,0,5235.6,3.43,370241.72
3,1461.1,2.0,Suburban,35.3,2,4955.3,8.64,286201.78
2,1288.4,1.0,Downtown,16.2,0,11173.8,1.79,389323.04
1,826.6,1.5,Downtown,16.1,2,8117.2,0.91,276048.53
3,2425.9,2.0,Suburban,24.4,3,2943.2,8.37,425240.72
3,1692.5,2.0,Suburban,27.1,0,8639.7,0.82,330075.45
3,2285.5,2.0,Urban,32.5,1,10284.9,5.13,509792.36
2,1117.9,1.0,Downtown,30.9,2,7878.4,5.61,316779.91
4,2473.5,3.0,Urban,18.6,2,9738.3,3.71,602199.59
3,2102.4,2.5,Rural,14.8,0,6108.0,3.12,314314.14
2,1605.8,1.5,Rural,15.4,0,13289.4,7.53,245622.37
3,2224.4,1.5,Suburban,32.3,0,4359.5,3.98,384096.81
3,2070.0,2.5,Rural,21.7,2,4938.8,1.68,327096.84
2,1499.7,1.5,Rural,6.7,0,11831.2,4.9,237228.03
3,2299.7,2.0,Suburban,0.3,2,1810.0,7.4,428857.1
2,1880.8,1.0,Suburban,1.5,1,14823.3,3.43,391949.53
4,3768.0,2.5,Rural,43.4,2,9806.2,1.75,510932.39
4,2404.0,3.0,Urban,22.9,2,12304.2,3.74,601272.04
3,2429.8,2.5,Downtown,32.9,2,9175.2,5.68,623409.23
4,3266.5,2.5,Rural,46.5,0,12008.6,1.47,442939.88
4,3196.4,2.5,Suburban,6.3,3,7078.8,2.73,636214.75
2,1232.3,1.0,Suburban,22.4,2,9074.4,9.72,237585.44
5,3191.5,3.5,Suburban,27.0,2,10266.9,2.44,641125.46
4,3272.1,2.5,Suburban,42.1,2,13627.0,1.1,608045.04
2,1880.3,1.5,Suburban,49.7,2,1486.8,4.61,261321.54
2,1668.6,1.5,Suburban,35.6,2,2524.7,1.2,290213.06
2,1436.6,1.5,Suburban,32.1,1,10669.0,0.63,266244.28
2,1443.4,1.0,Suburban,46.0,0,5821.1,0.65,237664.44
4,3716.1,3.0,Urban,41.9,0,10488.2,3.32,777659.81
3,2401.4,3.0,Downtown,43.3,2,4188.3,1.2,621025.64
4,2419.9,3.5,Rural,0.1,3,9795.6,2.33,407540.26
4,2607.7,3.0,Urban,25.7,2,7693.6,6.66,600297.25
3,2284.5,2.5,Urban,39.1,3,2720.9,3.24,520138.5
3,2096.3,2.5,Suburban,9.1,3,14012.0,5.97,449131.63
1,500.0,1.0,Rural,37.6,2,12090.8,4.41,75000.0
3,2090.0,2.5,Downtown,0.5,1,11935.0,8.9,597544.13
3,1705.2,2.5,Downtown,28.8,2,10757.0,7.12,521367.31
1,984.9,1.0,Urban,42.6,1,1298.9,8.6,146303.92
1,1027.0,1.0,Urban,21.6,1,8064.7,5.43,246668.5
4,2776.8,3.5,Suburban,37.0,2,11513.4,7.92,543062.05
3,2420.9,3.0,Suburban,26.5,0,4034.5,6.35,451726.89
3,2039.3,2.5,Suburban,32.4,0,9613.7,7.57,365461.98
3,2151.3,3.0,Suburban,25.8,2,14012.8,7.0,455256.47
4,2540.1,2.0,Suburban,23.8,1,11541.0,3.35,508891.88
3,2003.9,2.5,Rural,42.1,1,8666.9,1.69,267167.38
1,1068.1,1.0,Rural,4.6,1,5338.9,8.16,135263.64
5,3274.8,4.0,Rural,29.2,2,9911.5,1.23,492046.41
3,1837.6,2.0,Suburban,5.7,1,11001.7,6.25,395485.17
2,1377.8,1.5,Suburban,28.1,2,9928.8,9.89,253871.81
3,2560.0,2.5,Suburban,48.2,3,11575.9,2.24,507788.04
4,2061.5,2.5,Suburban,2.9,2,4909.5,7.56,444129.8
2,1641.7,1.5,Suburban,21.1,3,8109.4,9.56,317747.2
3,2015.2,2.0,Suburban,40.1,3,8681.4,5.21,394637.13
2,1493.9,1.5,Suburban,18.5,1,2258.4,5.94,275503.73
6,4267.0,4.5,Rural,26.0,2,3471.6,3.99,618078.49
2,1678.0,1.0,Downtown,5.7,2,5292.7,4.7,462011.45
3,2028.5,2.0,Urban,11.2,1,1668.6,6.49,439460.02
5,3044.0,3.5,Suburban,34.3,2,4270.4,8.78,544061.39
2,1221.0,1.0,Downtown,41.4,1,8310.2,9.55,283676.0
5,2684.8,4.0,Suburban,32.3,0,8584.4,5.66,548257.66
5,3615.3,3.5,Downtown,41.8,2,4492.0,7.93,931778.45
4,2201.9,3.5,Suburban,30.3,1,14250.8,7.5,468994.95
2,2051.5,1.0,Downtown,40.5,1,7540.3,2.85,475348.47
3,2289.0,2.5,Rural,49.1,2,9921.9,4.89,332052.04
4,2880.7,2.5,Downtown,4.1,0,1425.1,6.99,715385.09
6,3780.1,4.5,Urban,24.0,2,6588.6,1.72,893361.44
2,1609.5,2.0,Rural,9.5,1,8589.5,8.9,218677.75
4,2204.8,3.0,Suburban,23.3,2,5371.6,4.32,461477.98
3,2511.6,2.0,Downtown,25.0,1,3399.2,4.81,595504.51
2,1651.2,1.5,Suburban,31.1,1,3816.1,8.76,279107.7
3,2174.7,1.5,Downtown,22.0,1,7531.7,2.14,606807.73
4,3302.0,3.0,Downtown,16.2,2,1994.2,0.84,874308.81
3,1860.4,2.0,Suburban,2.2,0,4282.5,3.22,352325.03
3,2344.8,2.0,Suburban,1.7,2,11073.5,1.93,486562.41
6,4199.6,4.0,Urban,8.8,1,4006.4,9.86,920327.68
3,2103.1,2.0,Suburban,22.4,2,2637.1,5.88,373472.57
3,2169.8,3.0,Urban,20.9,1,2172.7,5.86,475648.78
3,2238.3,2.5,Downtown,9.5,1,14842.2,8.04,639565.55
3,1849.5,1.5,Downtown,41.1,2,2216.1,2.96,452577.5
3,2522.9,2.0,Suburban,34.2,2,7069.0,5.47,414944.22
5,2535.4,4.0,Rural,17.2,2,8155.0,1.85,395654.84
3,2422.8,2.5,Urban,39.8,1,14504.1,1.39,576518.82
4,2933.1,2.5,Urban,49.5,2,13475.4,4.68,692072.77
2,1078.4,2.0,Suburban,12.3,0,4327.5,9.17,213284.57
2,1504.2,1.5,Suburban,18.1,3,2185.8,4.69,276845.57
3,1468.3,1.5,Downtown,49.6,2,7131.0,4.79,387334.98
1,608.3,1.0,Suburban,6.9,1,2412.8,8.72,130280.95
3,2486.4,2.0,Suburban,3.9,2,13195.5,3.22,506217.61
3,1954.8,2.5,Suburban,26.0,1,10852.8,5.15,380362.01
1,1100.6,1.0,Rural,23.4,3,14213.0,2.06,214831.61
3,2046.3,2.0,Urban,3.9,2,8972.3,8.54,486623.74
3,2465.1,2.0,Downtown,14.5,2,6101.9,0.85,696837.03
3,1860.6,2.0,Rural,20.9,1,8009.1,4.42,283108.21
5,2755.1,3.5,Downtown,41.1,2,3250.9,3.13,755524.23
3,1974.0,2.0,Downtown,35.4,1,7482.9,2.94,530511.38
3,1792.1,2.5,Rural,45.7,2,14981.9,2.82,298282.22
5,2526.0,4.5,Suburban,16.6,0,10667.1,4.01,528045.72
4,2595.7,3.5,Urban,15.5,1,1873.0,9.06,598378.13
2,1397.5,2.0,Suburban,23.2,2,11159.3,7.23,314415.72
2,1582.1,1.5,Rural,0.4,2,2409.3,8.95,223677.39
3,2364.7,2.0,Urban,10.4,2,6469.0,2.37,529444.01
3,2400.9,2.5,Suburban,10.6,2,12007.5,8.57,467391.43
4,2816.9,3.0,Urban,3.1,1,2793.3,4.58,629955.38
4,2957.6,3.5,Rural,22.8,1,5098.4,9.82,405231.88
3,1997.1,2.0,Suburban,45.3,1,3733.7,6.14,315815.64
6,4134.3,4.5,Suburban,0.2,0,13181.3,5.13,824057.77
3,2171.0,2.0,Urban,31.4,2,3070.8,9.29,486202.27
2,1784.0,1.5,Suburban,44.0,1,8501.0,4.12,321095.05
4,3205.6,3.0,Rural,5.4,0,4854.4,7.61,453862.47
3,2296.1,2.5,Downtown,45.9,2,8101.6,5.0,607479.77
4,2404.6,3.5,Suburban,40.9,3,3343.1,7.47,440017.47
5,2919.6,3.5,Urban,10.7,2,11606.1,3.12,731401.44
3,2481.4,2.5,Suburban,45.3,1,10003.6,4.36,451952.65
3,2383.7,2.5,Suburban,40.2,1,1608.0,3.78,399209.94
3,2390.8,2.5,Suburban,5.6,1,14265.9,8.75,484492.43
3,2334.5,2.5,Rural,41.5,2,13501.6,9.32,342095.52
3,2290.2,3.0,Suburban,27.1,1,5168.9,7.49,438557.66
3,1654.3,2.0,Suburban,40.8,0,5086.3,8.31,287094.53
4,3372.2,3.5,Urban,30.9,0,7988.5,3.86,759951.11
3,1809.2,2.5,Suburban,19.6,2,9667.7,1.93,351831.63
2,1056.0,1.0,Suburban,30.1,1,5074.5,7.02,212602.89
3,1854.3,2.0,Suburban,31.8,1,12134.9,6.55,375653.06
4,3302.2,3.0,Downtown,38.3,2,2098.9,3.01,818903.67
3,2109.4,2.5,Suburban,41.5,1,6569.7,9.17,349320.83
3,2408.1,2.0,Suburban,33.2,0,8781.3,3.9,428208.28
4,2865.2,2.5,Suburban,49.5,1,12195.5,8.24,503949.08
3,2165.4,2.0,Downtown,38.9,2,13205.4,1.73,619364.19
3,1687.9,2.0,Downtown,45.5,2,4421.7,3.22,442232.7
4,1668.3,2.0,Urban,16.0,2,4374.9,6.34,404410.2
2,1570.1,1.0,Suburban,15.8,2,6155.7,2.8,283009.18
6,4806.4,4.5,Downtown,18.1,3,6985.8,9.59,1270614.06
2,1480.9,1.5,Downtown,22.0,1,12877.6,5.74,436896.57
1,980.2,1.0,Downtown,48.1,2,1106.0,7.45,190258.21
4,3311.7,2.5,Suburban,3.7,2,10589.4,5.83,628621.05
2,1815.1,1.0,Suburban,24.9,0,4080.8,4.36,290966.4
4,2778.7,3.0,Downtown,8.1,1,13353.6,8.31,806627.99
4,2464.0,3.0,Suburban,40.5,3,5442.9,0.71,483268.41
4,3251.4,3.5,Downtown,1.6,2,8525.8,4.55,917360.89
6,4241.9,4.5,Downtown,22.8,0,5606.5,8.87,1125143.03
3,1793.7,2.0,Rural,19.7,2,6953.9,1.31,262140.93
4,2207.0,3.0,Urban,4.6,2,8311.2,2.47,599600.46
2,1516.1,1.0,Urban,18.8,3,11465.5,9.63,361074.66
3,1625.6,2.5,Downtown,40.5,2,2690.6,9.61,402123.75
4,3431.3,3.0,Suburban,6.9,2,5931.2,4.15,661731.26
3,1440.2,3.0,Suburban,49.2,3,9954.9,7.65,309677.09
3,2438.2,2.5,Urban,2.9,2,9243.2,6.45,604705.89
3,2186.1,2.0,Suburban,14.5,3,11931.6,5.18,455879.11
3,2402.7,2.0,Suburban,38.7,2,13447.0,8.23,461276.72
5,3167.7,3.5,Downtown,17.9,2,2317.0,6.68,849204.64
2,1858.8,1.0,Suburban,24.0,2,10993.8,1.37,353619.27
3,2294.8,2.0,Urban,9.3,2,4976.1,8.48,503612.59
4,2136.9,3.0,Suburban,35.8,1,7739.4,3.11,432981.64
3,1670.1,2.5,Downtown,9.0,3,9788.8,6.51,539333.23
2,1437.5,1.5,Suburban,42.4,1,3108.5,7.87,215715.64
3,2095.2,2.5,Urban,27.0,1,5852.3,9.03,439813.51
3,1710.7,1.5,Downtown,27.4,2,14665.2,9.29,482193.48
2,1780.3,1.0,Suburban,46.7,2,2908.2,9.3,241001.25
4,2272.8,3.0,Rural,38.6,1,2166.7,6.74,321908.52
3,2232.5,2.5,Suburban,37.2,2,12715.2,6.43,435588.36
5,3793.3,4.0,Downtown,42.9,1,7028.9,0.64,990936.31
4,3201.3,3.0,Suburban,4.6,0,10447.1,1.3,625156.15
3,2462.6,3.0,Downtown,36.3,0,5280.3,4.23,640718.14
1,1074.4,1.5,Downtown,11.7,3,3778.1,8.03,313708.21
3,2095.9,2.5,Downtown,14.0,1,3974.7,6.12,553880.15
2,1548.8,2.0,Downtown,0.8,1,3738.2,2.73,439051.92
5,2694.7,4.0,Rural,44.7,2,4457.6,1.67,387908.07
2,1659.8,1.5,Urban,37.0,2,4097.1,4.95,343299.5
3,2772.4,1.5,Suburban,7.0,3,12391.8,9.17,546774.62
3,2134.7,2.0,Rural,16.4,2,8466.1,1.0,331151.04
3,1698.8,2.0,Urban,24.0,1,5151.0,4.9,385808.39
2,1369.3,1.5,Suburban,24.7,2,5830.8,1.06,296036.92
3,1760.5,2.0,Downtown,29.8,1,14409.2,2.88,487269.92
2,1601.3,1.5,Urban,23.6,1,3574.2,9.56,316712.12
2,1420.5,1.0,Suburban,32.4,1,13414.6,1.49,293513.81
3,1972.4,2.5,Suburban,44.2,2,11315.3,0.98,417602.89
4,2608.0,3.0,Suburban,19.9,2,9588.3,1.33,540332.08
3,2101.7,2.0,Downtown,43.8,2,9737.3,7.07,563461.69
3,1912.2,2.5,Urban,11.0,1,6921.2,0.62,506106.6
3,1727.7,2.0,Downtown,6.1,1,7143.9,4.24,499327.67
3,1792.4,2.0,Suburban,12.0,2,12145.1,9.56,367495.05
5,3945.6,4.0,Downtown,10.3,0,12352.1,1.15,1075817.2
2,1556.0,1.0,Suburban,49.3,2,8996.2,9.35,235274.06
3,2355.3,1.5,Suburban,19.1,2,11760.3,1.62,449775.99
4,2894.8,2.5,Suburban,32.6,1,12340.8,1.71,543471.73
4,2766.6,3.0,Downtown,34.8,2,5649.6,6.25,704963.19
2,1282.5,1.5,Suburban,22.3,2,9727.0,2.82,290315.17
3,1846.2,2.0,Downtown,11.2,2,7101.1,0.53,541871.96
4,2879.2,2.5,Suburban,21.9,1,2373.5,7.62,492606.57
2,1648.6,1.0,Downtown,23.7,2,10078.5,4.02,441280.02
4,2489.2,3.0,Suburban,47.7,2,9224.8,9.13,468415.38
4,2666.9,3.0,Downtown,28.4,2,2436.4,3.14,700480.55
4,3554.5,3.5,Rural,48.5,2,1991.4,6.86,457672.72
2,1305.5,1.0,Suburban,28.8,2,4494.9,3.6,211296.53
4,2549.2,2.0,Downtown,7.2,3,12667.8,1.91,778503.5
3,2722.1,1.0,Downtown,19.2,0,1891.5,9.76,605170.59
4,2634.5,3.0,Suburban,39.6,2,7445.2,6.09,477853.35
1,601.3,1.0,Rural,21.1,2,3506.5,8.48,81449.45
1,1126.7,1.0,Downtown,5.0,2,4549.7,2.88,314093.95
3,2148.5,2.0,Urban,4.8,1,11778.9,4.24,536772.71
2,1319.7,1.0,Suburban,11.9,2,12908.5,5.03,329717.98
3,1988.2,1.5,Urban,28.2,3,9124.0,6.48,453878.02
5,3070.2,4.0,Rural,41.5,2,13085.4,4.25,476016.38
3,1554.6,2.0,Rural,26.7,2,12996.2,2.85,254425.15
4,2699.5,3.0,Downtown,37.3,1,4101.3,2.3,688981.69
1,925.4,1.0,Urban,32.3,1,10030.2,6.19,222050.88
2,1584.6,1.0,Downtown,26.2,2,11896.6,2.85,446001.8
1,876.8,1.0,Suburban,10.7,2,8854.8,4.27,221955.27
3,2168.5,2.5,Suburban,44.2,1,12280.9,0.83,420407.07
5,3952.0,3.5,Suburban,13.8,0,9803.6,2.94,771377.64
2,1598.9,2.0,Suburban,12.6,0,4982.4,5.09,294853.57
3,2163.9,2.0,Rural,12.9,2,10598.3,8.06,315354.13
3,2323.8,3.0,Urban,4.8,1,9232.0,4.04,584082.71
5,3701.1,4.0,Suburban,24.9,0,9749.3,3.3,708267.58
2,1454.9,1.5,Suburban,16.4,1,2334.5,5.4,242628.58
2,1234.9,2.0,Downtown,26.1,2,2760.3,0.97,351159.52
1,1106.3,1.0,Suburban,22.7,1,12405.1,3.86,212835.13
3,1477.3,2.0,Suburban,26.0,2,7037.8,1.79,325736.91
3,1824.9,2.0,Urban,14.9,1,4013.9,2.91,416987.7
4,1800.4,3.5,Rural,40.8,2,2297.5,4.21,264402.54
3,1638.2,2.5,Suburban,26.7,2,4680.7,1.05,323582.01
3,1789.4,2.5,Rural,10.4,2,5132.8,8.07,289712.54
3,2335.0,2.5,Urban,45.1,0,14761.5,3.11,534514.65
2,1566.7,2.0,Downtown,5.5,2,12683.1,2.71,538458.42
3,2144.3,2.0,Suburban,36.7,1,2098.4,3.76,388244.36
6,4587.0,4.5,Suburban,33.9,1,11478.3,3.99,862584.95
4,3324.3,3.0,Suburban,3.6,2,8895.0,8.22,624661.36
4,2799.3,3.0,Downtown,45.1,2,4198.7,3.21,705391.88
4,2216.2,3.5,Suburban,15.8,1,11452.1,4.88,476790.19
2,1243.6,2.5,Downtown,37.0,2,1422.5,5.23,294839.04
2,1452.3,2.0,Rural,13.9,3,11241.4,3.4,238466.21
1,1100.3,1.0,Rural,26.3,1,13534.0,7.94,175200.67
3,2144.8,2.0,Suburban,48.6,3,13356.6,6.43,400572.56
2,1783.1,1.5,Downtown,30.5,2,11812.8,7.35,462343.19
3,2241.8,2.0,Suburban,14.8,2,14086.2,1.02,483269.57
3,1782.0,3.0,Suburban,22.9,3,10902.6,8.29,383471.42
4,3088.0,3.0,Rural,33.8,1,10614.2,2.78,439362.87
4,2818.2,3.5,Downtown,22.3,1,1366.7,1.37,752291.26
5,3393.5,3.0,Urban,45.5,1,3438.6,6.78,701313.2
2,1605.4,2.0,Suburban,43.4,2,11940.0,2.57,329699.82
1,591.4,1.0,Downtown,7.3,1,14965.0,4.36,250897.8
3,2293.6,2.5,Downtown,39.2,0,11079.1,7.23,586816.79
3,1517.6,2.0,Urban,47.1,2,9117.6,1.48,386827.74
3,2434.6,2.5,Suburban,15.8,1,3567.9,1.71,472524.18
3,2117.3,2.0,Rural,11.9,0,14270.8,6.82,315367.82
3,1970.8,2.5,Rural,0.5,1,10096.3,4.77,306835.46
3,1999.4,2.5,Suburban,5.8,2,7846.5,2.6,431179.0
3,1685.1,2.0,Suburban,48.0,3,13059.4,5.4,343231.45
3,1945.3,2.5,Downtown,19.6,2,14345.9,6.38,587812.97
3,1564.1,2.5,Rural,19.4,1,6196.6,4.35,234695.37
3,2027.0,2.0,Suburban,13.3,1,8221.0,2.14,408332.13
3,1808.4,2.0,Suburban,8.2,1,2611.4,6.65,369712.05
2,1722.0,1.0,Rural,25.4,2,14438.0,1.65,274338.71
3,2713.9,2.0,Downtown,36.2,2,2689.5,6.71,650610.06
4,1718.8,2.5,Suburban,27.5,0,14006.4,3.07,393271.68
4,2980.3,3.5,Suburban,1.8,1,3674.5,0.51,605134.55
3,2441.5,2.5,Downtown,40.2,2,13722.9,4.93,658422.28
2,1771.2,1.0,Downtown,46.6,2,7332.3,3.44,421095.86
3,1734.1,2.0,Suburban,22.0,3,9288.9,2.68,388324.95
3,1801.0,2.0,Suburban,18.3,0,1498.7,5.24,325660.89
3,1917.4,2.5,Suburban,11.5,2,6521.4,3.7,407632.58
3,1931.0,2.0,Rural,15.1,0,7907.5,3.3,263620.12
3,2172.4,1.5,Suburban,32.2,1,1132.0,7.74,348327.42
3,2134.3,2.5,Suburban,38.5,0,10252.0,1.29,402538.17
4,2107.6,3.0,Downtown,16.6,0,12744.5,4.28,645609.49
2,1434.0,1.0,Downtown,17.0,0,1346.9,2.84,367404.69
4,2017.9,3.0,Suburban,22.6,0,7895.5,3.21,397749.37
2,1625.9,1.0,Suburban,8.5,2,1472.2,4.7,288638.81
2,1352.2,2.0,Urban,46.4,1,13226.1,9.27,311154.86
5,3433.5,3.5,Suburban,35.3,2,3251.4,6.76,660874.43
5,3855.0,3.5,Suburban,21.7,2,1819.3,2.33,701000.96
2,1851.1,1.5,Suburban,6.1,3,13007.8,5.94,368324.03
3,1080.7,2.0,Suburban,42.4,1,7223.1,1.96,225031.19
2,1458.7,2.0,Downtown,24.2,1,2335.7,8.91,335568.18
3,1882.1,2.5,Rural,39.8,3,10070.9,4.53,296423.87
4,2863.4,3.5,Suburban,1.7,2,10878.4,9.52,604254.36
5,2667.7,3.5,Downtown,13.7,1,8956.7,6.79,765187.4
3,2072.3,2.5,Urban,31.1,1,5649.8,8.42,444974.03
3,1884.0,3.0,Urban,24.4,0,6942.8,2.2,439329.58
3,2130.0,3.0,Urban,14.8,2,14367.8,8.62,551009.94
3,2254.2,2.0,Suburban,10.1,2,8481.1,2.3,437735.09
5,3295.7,4.0,Suburban,15.1,2,6558.8,9.77,639618.24
4,2955.8,3.0,Urban,37.1,2,10914.7,3.16,674694.12
3,2175.5,2.5,Urban,9.2,2,2066.2,7.0,505689.36
3,2145.8,2.5,Suburban,29.7,1,5063.2,5.69,399227.73
3,2161.8,2.0,Urban,21.2,1,4170.6,5.05,496015.83
1,738.0,1.0,Downtown,38.2,1,10521.4,4.57,180272.48
4,3443.5,3.5,Downtown,10.1,1,9454.8,4.14,932952.86
3,1457.8,2.5,Rural,13.5,3,11632.1,3.38,283150.59
3,1699.2,1.5,Rural,19.9,1,6974.8,6.17,250792.86
3,1966.6,1.5,Urban,8.3,2,3435.2,9.85,430418.72
4,3002.1,3.5,Suburban,23.1,1,3559.6,6.89,535836.84
2,908.3,2.0,Downtown,20.8,0,13491.6,7.69,322534.61
4,2824.5,2.5,Suburban,49.5,2,2048.5,6.72,458904.24
4,2944.9,3.5,Urban,29.7,2,9317.7,5.4,672003.84
5,3614.5,3.5,Suburban,3.5,0,4243.4,8.26,678203.67
3,1944.7,2.0,Urban,23.0,2,3999.9,3.57,461902.76
2,1368.2,1.5,Urban,43.9,2,2377.7,3.1,265406.61
